date,solar_ampr_actual,solar_ampr_fitted,solar_ampr_lower,solar_ampr_upper
2025-02-12 00:00:00+00:00,0.0,-0.5949033,-141.67508809259584,140.48519122949256
2025-02-12 01:00:00+00:00,0.0,-0.99224216,-142.07239683146554,140.08788249062286
2025-02-12 02:00:00+00:00,0.0,-2.906915,-143.98701623173724,138.17326309035116
2025-02-12 03:00:00+00:00,0.0,-0.7087949,-141.78894610794327,140.37133321414512
2025-02-12 04:00:00+00:00,0.0,6.565253,-134.5149051857161,147.6453741363723
2025-02-12 05:00:00+00:00,0.0,36.20527,-104.87493013679159,177.28534918529704
2025-02-12 06:00:00+00:00,3.75,88.49726,-52.58291620465525,229.57736311743338
2025-02-12 07:00:00+00:00,211.0,541.65436,400.5742408062679,682.7345201283565
2025-02-12 08:00:00+00:00,869.5,1770.8529,1629.7727346652937,1911.9330139873823
2025-02-12 09:00:00+00:00,1782.0,2868.6099,2727.529647448882,3009.6899267709705
2025-02-12 10:00:00+00:00,2676.5,3782.6663,3641.5861738127055,3923.746453134794
2025-02-12 11:00:00+00:00,3077.75,4250.0874,4109.007033033014,4391.167312355102
2025-02-12 12:00:00+00:00,2512.25,4010.593,3869.5129347271677,4151.673214049257
2025-02-12 13:00:00+00:00,1574.75,3318.964,3177.8840129188334,3460.044292240922
2025-02-12 14:00:00+00:00,894.75,2312.3586,2171.278436695273,2453.438716017361
2025-02-12 15:00:00+00:00,350.25,680.20233,539.1221942696769,821.2824735917654
2025-02-12 16:00:00+00:00,26.0,81.90534,-59.17473794634475,222.98554137574388
2025-02-12 17:00:00+00:00,2.75,5.929877,-135.15028068394872,147.00999863813968
2025-02-12 18:00:00+00:00,1.5,3.8285587,-137.25161130519245,144.90866801689617
2025-02-12 19:00:00+00:00,0.0,-3.5324032,-144.6125718079004,137.547707514188
2025-02-12 20:00:00+00:00,0.0,-3.5324032,-144.6125718079004,137.547707514188
2025-02-12 21:00:00+00:00,0.0,-2.9946835,-144.07486472376536,138.08541459832327
2025-02-12 22:00:00+00:00,0.0,-3.7747128,-144.85488502005,137.3053943020384
2025-02-12 23:00:00+00:00,0.0,-3.7747128,-144.85488502005,137.3053943020384
2025-02-13 00:00:00+00:00,0.0,-1.939996,-143.02015201283098,139.14012730925742
2025-02-13 01:00:00+00:00,0.0,-0.56389743,-141.64403590659208,140.51624341549655
2025-02-13 02:00:00+00:00,0.0,-4.902887,-145.98298174320712,136.17729757888128
2025-02-13 03:00:00+00:00,0.0,0.63678616,-140.44335138110978,141.71692794097885
2025-02-13 04:00:00+00:00,0.0,-3.6007626,-144.68091315743868,137.47936616464972
2025-02-13 05:00:00+00:00,0.0,6.2156434,-134.86444133073383,147.29583799135457
2025-02-13 06:00:00+00:00,3.5,38.072456,-103.00768522542307,179.15259409666533
2025-02-13 07:00:00+00:00,89.75,530.471,389.39087563797034,671.551154960059
2025-02-13 08:00:00+00:00,389.25,1425.1265,1284.0463544810414,1566.20663380313
2025-02-13 09:00:00+00:00,847.0,2205.4504,2064.3702057892715,2346.5304851113597
2025-02-13 10:00:00+00:00,1361.75,2895.1704,2754.0902807190914,3036.2505600411796
2025-02-13 11:00:00+00:00,1529.5,2874.1873,2733.1072304827617,3015.2675098048503
2025-02-13 12:00:00+00:00,1327.5,2649.705,2508.6250062866843,2790.785285608773
2025-02-13 13:00:00+00:00,896.0,2164.1165,2023.0362296244302,2305.196508946519
2025-02-13 14:00:00+00:00,593.0,1272.4697,1131.389644571849,1413.5499238939376
2025-02-13 15:00:00+00:00,259.25,510.5423,369.46214000762643,651.622419329715
2025-02-13 16:00:00+00:00,22.5,53.263374,-87.81679659035922,194.34348273172918
2025-02-13 17:00:00+00:00,1.5,-6.8115783,-147.89176227089683,134.26851705119157
2025-02-13 18:00:00+00:00,0.75,-4.0306945,-145.11086650210746,137.04941281998094
2025-02-13 19:00:00+00:00,0.0,-5.047174,-146.12736113796018,136.03291818412845
2025-02-13 20:00:00+00:00,0.0,-5.047174,-146.12736113796018,136.03291818412845
2025-02-13 21:00:00+00:00,0.0,-5.047174,-146.12736113796018,136.03291818412845
2025-02-13 22:00:00+00:00,0.0,-2.735284,-143.81543299881855,138.34484632326985
2025-02-13 23:00:00+00:00,0.0,-2.735284,-143.81543299881855,138.34484632326985
2025-02-14 00:00:00+00:00,0.0,-2.8555233,-143.93566069334634,138.22461862874206
2025-02-14 01:00:00+00:00,0.0,-5.167413,-146.24758883248774,135.91269048960066
2025-02-14 02:00:00+00:00,0.0,-5.167413,-146.24758883248774,135.91269048960066
2025-02-14 03:00:00+00:00,0.0,-5.651056,-146.73115364359046,135.42912567849794
2025-02-14 04:00:00+00:00,0.0,-1.0514462,-142.1315817671823,140.0286975549061
2025-02-14 05:00:00+00:00,0.0,-0.6077207,-141.68782745095632,140.47245187113208
2025-02-14 06:00:00+00:00,1.5,18.67829,-122.40189861122212,159.75838071086628
2025-02-14 07:00:00+00:00,86.75,418.98724,277.90715820496143,560.06743752705
2025-02-14 08:00:00+00:00,425.5,1275.8735,1134.7933423575726,1416.9536216796612
2025-02-14 09:00:00+00:00,970.0,2073.559,1932.4788324725514,2214.63911179464
2025-02-14 10:00:00+00:00,1493.25,2731.2834,2590.2032126699405,2872.363491992029
2025-02-14 11:00:00+00:00,1568.25,2768.394,2627.3138924857835,2909.474171807872
2025-02-14 12:00:00+00:00,1257.5,2571.4358,2430.355582834283,2712.5158621563714
2025-02-14 13:00:00+00:00,893.4999999999999,2133.919,1992.838708594757,2274.998987916845
2025-02-14 14:00:00+00:00,537.75,1405.4508,1264.3706850433903,1546.530964365479
2025-02-14 15:00:00+00:00,208.0,644.327,503.24690046068395,785.4071797827725
2025-02-14 16:00:00+00:00,17.0,58.28498,-82.79510076660813,199.3651785554805
2025-02-14 17:00:00+00:00,3.5,5.5944276,-135.48575045411008,146.67452886797832
2025-02-14 18:00:00+00:00,3.0,-2.3054745,-143.38561235579937,138.77466696628903
2025-02-14 19:00:00+00:00,0.0,-2.3754208,-143.45554612513297,138.70473319695566
2025-02-14 20:00:00+00:00,0.0,-4.585626,-145.66582480068928,136.49445452139935
2025-02-14 21:00:00+00:00,0.0,-4.0480285,-145.12811771655402,137.03216160553438
2025-02-14 22:00:00+00:00,0.0,-3.844659,-144.9248187893836,137.23546053270502
2025-02-14 23:00:00+00:00,0.0,-0.94915134,-142.02926879534925,140.13101052673937
2025-02-15 00:00:00+00:00,0.0,-1.1398251,-142.21996106580877,139.94031825627985
2025-02-15 01:00:00+00:00,0.0,-0.08965425,-141.16976021096048,140.99051911112792
2025-02-15 02:00:00+00:00,0.0,-3.9264462,-145.00656300553055,137.15371631655808
2025-02-15 03:00:00+00:00,0.0,-3.3146298,-144.3948084009246,137.7654709211638
2025-02-15 04:00:00+00:00,0.0,4.2119813,-136.86810353787996,145.29217578420867
2025-02-15 05:00:00+00:00,0.0,46.1081,-94.97206953620412,187.1882097858845
2025-02-15 06:00:00+00:00,13.25,181.86115,40.78105448520864,322.94133380729704
2025-02-15 07:00:00+00:00,243.75,616.91516,475.83505245918525,757.9953317812736
2025-02-15 08:00:00+00:00,813.75,1679.3503,1538.2702363650412,1820.4305156871299
2025-02-15 09:00:00+00:00,1453.25,2701.5698,2560.4897209071437,2842.6500002292323
2025-02-15 10:00:00+00:00,2113.0,3636.8528,3495.772805034293,3777.933084356381
2025-02-15 11:00:00+00:00,2261.75,4012.3992,3871.3190041780754,4153.4792835001645
2025-02-15 12:00:00+00:00,2096.5,3751.3982,3610.3182149266217,3892.4784942487104
2025-02-15 13:00:00+00:00,1662.75,2971.3315,2830.251340362821,3112.4116196849095
2025-02-15 14:00:00+00:00,1115.75,1887.6775,1746.5973617401405,2028.757641062229
2025-02-15 15:00:00+00:00,508.25,764.80164,623.7214864074791,905.8817657295676
2025-02-15 16:00:00+00:00,46.25,125.594795,-15.485373852121711,266.6749054699669
2025-02-15 17:00:00+00:00,0.25,-10.391168,-151.47125656691355,130.68902275517485
2025-02-15 18:00:00+00:00,0.0,-2.7666562,-143.84675058812172,138.3135287339669
2025-02-15 19:00:00+00:00,0.0,-11.320123,-152.40030081568693,129.75997850640147
2025-02-15 20:00:00+00:00,0.0,-11.320123,-152.40030081568693,129.75997850640147
2025-02-15 21:00:00+00:00,0.0,-11.532159,-152.61235805173033,129.54792127035807
2025-02-15 22:00:00+00:00,0.0,-12.630548,-153.71072960537936,128.44954971670904
2025-02-15 23:00:00+00:00,0.0,-3.320123,-144.40024916855782,137.76003015353058
2025-02-16 00:00:00+00:00,0.0,-3.1470273,-144.22720621749363,137.93307310459477
2025-02-16 01:00:00+00:00,0.0,-1.9275448,-143.00767805776968,139.15260126431872
2025-02-16 02:00:00+00:00,0.0,-5.5241027,-146.60429086658337,135.55598845550503
2025-02-16 03:00:00+00:00,0.0,7.744452,-133.33571832746725,148.82456099462115
2025-02-16 04:00:00+00:00,0.0,1.9378116,-139.14234440853807,143.01793491355033
2025-02-16 05:00:00+00:00,0.0,22.07221,-119.00792122133089,163.1523581007575
2025-02-16 06:00:00+00:00,8.75,163.61945,22.539354926091164,304.69963424817956
2025-02-16 07:00:00+00:00,391.0,668.6266,527.5464303235444,809.7067096456329
2025-02-16 08:00:00+00:00,1326.75,1712.6681,1571.5879215183847,1853.7482008404734
2025-02-16 09:00:00+00:00,2695.5,2881.4458,2740.3657453119868,3022.5260246340754
2025-02-16 10:00:00+00:00,4154.5,3808.6821,3667.6020668113515,3949.76234613344
2025-02-16 11:00:00+00:00,4608.5,4286.0317,4144.951398050618,4427.111677372706
2025-02-16 12:00:00+00:00,4399.25,4206.9927,4065.9124377322487,4348.072717054338
2025-02-16 13:00:00+00:00,3667.75,3683.483,3542.402837683411,3824.563117005499
2025-02-16 14:00:00+00:00,2401.75,2465.0706,2323.9904997800495,2606.150779102138
2025-02-16 15:00:00+00:00,1080.75,1042.427,901.3468729161575,1183.5071522382461
2025-02-16 16:00:00+00:00,138.5,161.57526,20.495086014170738,302.65536533625936
2025-02-16 17:00:00+00:00,4.000000000000227,-3.1520321,-144.23211617852849,137.92816314356014
2025-02-16 18:00:00+00:00,3.0,-0.49260834,-141.57277512076257,140.58750420132583
2025-02-16 19:00:00+00:00,0.0,-0.49260834,-141.57277512076257,140.58750420132583
2025-02-16 20:00:00+00:00,0.0,-0.49260834,-141.57277512076257,140.58750420132583
2025-02-16 21:00:00+00:00,0.0,-0.49260834,-141.57277512076257,140.58750420132583
2025-02-16 22:00:00+00:00,0.0,-1.8746884,-142.95486280123328,139.20541652085535
2025-02-16 23:00:00+00:00,0.0,-0.85820895,-141.93836816538055,140.22191115670785
2025-02-17 00:00:00+00:00,0.0,-0.9784482,-142.05859585990834,140.10168346218006
2025-02-17 01:00:00+00:00,0.0,-0.9784482,-142.05859585990834,140.10168346218006
2025-02-17 02:00:00+00:00,0.0,-0.9784482,-142.05859585990834,140.10168346218006
2025-02-17 03:00:00+00:00,0.0,-0.9784482,-142.05859585990834,140.10168346218006
2025-02-17 04:00:00+00:00,0.0,4.532538,-136.54762905412213,145.61265026796627
2025-02-17 05:00:00+00:00,0.0,58.05268,-83.02746135503867,199.13281796704996
2025-02-17 06:00:00+00:00,42.0,172.09064,31.010497429261477,313.1707767513501
2025-02-17 07:00:00+00:00,1080.25,1336.2968,1195.2166747498409,1477.3769540719295
2025-02-17 08:00:00+00:00,3450.5,2970.7659,2829.6857659322723,3111.8460452543604
2025-02-17 09:00:00+00:00,5775.75,4552.8633,4411.783097785017,4693.943377107105
2025-02-17 10:00:00+00:00,7406.0,5618.254,5477.17377965511,5759.334058977198
2025-02-17 11:00:00+00:00,8091.25,5877.187,5736.106546399367,6018.2668257214555
2025-02-17 12:00:00+00:00,7862.25,5626.8286,5485.74842944496,5767.908708767049
2025-02-17 13:00:00+00:00,6743.75,4860.2515,4719.17107566684,5001.331354988929
2025-02-17 14:00:00+00:00,4745.25,3411.1587,3270.078616672518,3552.2388959946065
2025-02-17 15:00:00+00:00,2190.0,1534.3114,1393.231289532071,1675.3915688541597
2025-02-17 16:00:00+00:00,249.0,308.31195,167.23179287042467,449.39207219251307
2025-02-17 17:00:00+00:00,4.25,13.325873,-127.7542869457493,154.4059923763391
2025-02-17 18:00:00+00:00,3.75,-1.8550351,-142.93522295709408,139.22505636499454
2025-02-17 19:00:00+00:00,0.0,-1.8550351,-142.93522295709408,139.22505636499454
2025-02-17 20:00:00+00:00,0.0,-1.8550351,-142.93522295709408,139.22505636499454
2025-02-17 21:00:00+00:00,0.0,-1.8550351,-142.93522295709408,139.22505636499454
2025-02-17 22:00:00+00:00,0.0,-1.247369,-142.32744940197585,139.83282992011254
2025-02-17 23:00:00+00:00,0.0,-2.047784,-143.12790575229747,139.03237356979116
2025-02-18 00:00:00+00:00,0.0,-2.1680233,-143.24813344682525,138.91214587526338
2025-02-18 01:00:00+00:00,0.0,-1.629327,-142.70949745114285,139.45078187094555
2025-02-18 02:00:00+00:00,0.0,-1.629327,-142.70949745114285,139.45078187094555
2025-02-18 03:00:00+00:00,0.0,-1.629327,-142.70949745114285,139.45078187094555
2025-02-18 04:00:00+00:00,0.0,8.853827,-132.22633253690242,149.9339467851862
2025-02-18 05:00:00+00:00,0.0,102.47871,-38.60147040394645,243.55880891814218
2025-02-18 06:00:00+00:00,61.25,198.80475,57.7246665080454,339.88494583013403
2025-02-18 07:00:00+00:00,1275.25,1355.4348,1214.354616368724,1496.5148956908126
2025-02-18 08:00:00+00:00,3778.25,3052.5413,2911.4611669668184,3193.6214462889066
2025-02-18 09:00:00+00:00,6036.0,4543.9585,4402.878286290989,4685.038565613078
2025-02-18 10:00:00+00:00,7691.25,5676.56,5535.479699644975,5817.639978967063
2025-02-18 11:00:00+00:00,8021.75,5937.798,5796.717494042594,6078.877773364684
2025-02-18 12:00:00+00:00,8352.25,6045.33,5904.249887157439,6186.410166479527
2025-02-18 13:00:00+00:00,7218.25,5506.7026,5365.62238438081,5647.782663702899
2025-02-18 14:00:00+00:00,5054.25,3881.182,3740.101755241268,4022.262034563357
2025-02-18 15:00:00+00:00,2181.0,1640.2452,1499.1651005189926,1781.3253798410813
2025-02-18 16:00:00+00:00,270.4999999999998,267.75433,126.67418770650465,408.83446702859305
2025-02-18 17:00:00+00:00,5.25,-23.607233,-164.68741195444204,117.47286736764659
2025-02-18 18:00:00+00:00,4.25,-14.663629,-155.74371887708458,126.41656044500382
2025-02-18 19:00:00+00:00,0.0,-7.40838,-148.48852158909926,133.67175773298936
2025-02-18 20:00:00+00:00,0.0,7.6356874,-133.44440097848087,148.71587834360776
2025-02-18 21:00:00+00:00,0.0,-3.3335507,-144.41365203516625,137.74662728692215
2025-02-18 22:00:00+00:00,0.0,-2.7257626,-143.80587848004825,138.35440084204038
2025-02-18 23:00:00+00:00,0.0,-2.7257626,-143.80587848004825,138.35440084204038
2025-02-19 00:00:00+00:00,0.0,-4.3624816,-145.44262062608027,136.71765869600813
2025-02-19 01:00:00+00:00,0.0,-2.4612362,-143.541404092417,138.6188752296714
2025-02-19 02:00:00+00:00,0.0,-2.5863583,-143.66654174797964,138.49373757410876
2025-02-19 03:00:00+00:00,0.0,-2.407037,-143.4871291177351,138.6731502043533
2025-02-19 04:00:00+00:00,0.0,8.0761175,-133.00396420349443,149.15631511859397
2025-02-19 05:00:00+00:00,0.0,50.964058,-90.11611807278973,192.04416124929867
2025-02-19 06:00:00+00:00,115.5,171.04242,29.962287099157265,312.12256642124566
2025-02-19 07:00:00+00:00,1507.75,855.85583,714.7757185354196,996.9359978575081
2025-02-19 08:00:00+00:00,3829.0,2212.7783,2071.698256282881,2353.85853560497
2025-02-19 09:00:00+00:00,5765.0,3137.734,2996.653635478284,3278.813914800372
2025-02-19 10:00:00+00:00,7036.75,3914.295,3773.2147978632393,4055.3750771853274
2025-02-19 11:00:00+00:00,7388.250000000002,4377.828,4236.748029557184,4518.908308879273
2025-02-19 12:00:00+00:00,7122.75,4270.6885,4129.608167921826,4411.768447243914
2025-02-19 13:00:00+00:00,5919.25,3535.8494,3394.7692003775837,3676.9294796996724
2025-02-19 14:00:00+00:00,3887.5,2343.2573,2202.177153241375,2484.337432563463
2025-02-19 15:00:00+00:00,1622.5,908.6182,767.5380934645245,1049.6983727866132
2025-02-19 16:00:00+00:00,187.0,132.69415,-8.385968300753802,273.7743110213348
2025-02-19 17:00:00+00:00,4.25,-21.615168,-162.6952947908103,119.46498453127833
2025-02-19 18:00:00+00:00,3.0,3.3599308,-137.72018082989166,144.44009849219697
2025-02-19 19:00:00+00:00,0.0,3.3599308,-137.72018082989166,144.44009849219697
2025-02-19 20:00:00+00:00,0.0,0.64960355,-140.43047932109948,141.72980000098892
2025-02-19 21:00:00+00:00,0.0,-44.55596,-185.6360924635278,96.5241868585606
2025-02-19 22:00:00+00:00,0.0,-39.659966,-180.7400651019375,101.42021422015091
2025-02-19 23:00:00+00:00,0.0,2.832587,-138.24753718535862,143.91274213672978
2025-02-20 00:00:00+00:00,0.0,-2.1686337,-143.2487969550732,138.91148236701542
2025-02-20 01:00:00+00:00,0.0,-0.2863095,-141.36642405565158,140.79385526643682
2025-02-20 02:00:00+00:00,0.0,1.0299747,-140.05015639337716,142.11012292871123
2025-02-20 03:00:00+00:00,0.0,1.2663028,-139.8138147554589,142.3464645666295
2025-02-20 04:00:00+00:00,0.0,-40.99688,-182.07703422154782,100.08324510054058
2025-02-20 05:00:00+00:00,0.0,-12.296319,-153.37645415006455,128.78382517202408
2025-02-20 06:00:00+00:00,79.75,29.162786,-111.91740668048556,170.24287264160284
2025-02-20 07:00:00+00:00,791.25,389.6197,248.5395532918185,530.699832613907
2025-02-20 08:00:00+00:00,1909.5,820.8605,679.7803693648519,961.9406486869404
2025-02-20 09:00:00+00:00,3000.0,1391.7186,1250.638544172994,1532.7988234950826
2025-02-20 10:00:00+00:00,3731.75,1834.1083,1693.0281607815336,1975.1884401036223
2025-02-20 11:00:00+00:00,4255.0,2083.2893,1942.209180928673,2224.369460250761
2025-02-20 12:00:00+00:00,4129.0,1786.5205,1645.440387151919,1927.6006664740075
2025-02-20 13:00:00+00:00,3383.0,1318.8682,1177.7879718469312,1459.9482511690196
2025-02-20 14:00:00+00:00,2044.0,750.65857,609.5784099975708,891.7386893196593
2025-02-20 15:00:00+00:00,823.5,329.08893,188.00875744494215,470.16903676703066
2025-02-20 16:00:00+00:00,90.25,91.91987,-49.160275258452884,233.00000406363574
2025-02-20 17:00:00+00:00,2.2500000000002274,9.66352,-131.4165870711097,150.74369225097894
2025-02-20 18:00:00+00:00,2.0,-4.1782775,-145.2584307364507,136.90184858563794
2025-02-20 19:00:00+00:00,0.0,-1.5192196,-142.59935508198396,139.56092424010444
2025-02-20 20:00:00+00:00,0.0,-1.8640683,-142.94424666926602,139.21603265282238
2025-02-20 21:00:00+00:00,0.0,-1.5040829,-142.58422709393085,139.57605222815755
2025-02-20 22:00:00+00:00,0.0,-1.716119,-142.79628432997424,139.36399499211416
2025-02-20 23:00:00+00:00,0.0,-0.9546445,-142.03484226463183,140.12543705745657
2025-02-21 00:00:00+00:00,0.0,-0.74920017,-141.82928740941838,140.33099191267002
2025-02-21 01:00:00+00:00,0.0,-1.4711239,-142.55131708483282,139.6089622372558
2025-02-21 02:00:00+00:00,0.0,-0.7026914,-141.7828418320621,140.3774374900263
2025-02-21 03:00:00+00:00,0.0,-0.7026914,-141.7828418320621,140.3774374900263
2025-02-21 04:00:00+00:00,0.0,4.7295594,-136.35056710448225,145.80971221760615
2025-02-21 05:00:00+00:00,0.0,24.578192,-116.5019832704902,165.6582960515982
2025-02-21 06:00:00+00:00,79.0,102.89948,-38.18067347309943,243.9796058489892
2025-02-21 07:00:00+00:00,859.25,617.6182,476.53810579870833,758.6983851207968
2025-02-21 08:00:00+00:00,2323.25,1559.364,1418.2838846686436,1700.4441639907322
2025-02-21 09:00:00+00:00,4136.5,2491.6956,2350.61536064866,2632.7756399707487
2025-02-21 10:00:00+00:00,5598.25,2975.7039,2834.6237270151323,3116.7840063372214
2025-02-21 11:00:00+00:00,6616.5,3384.701,3243.6206944790906,3525.780973801179
2025-02-21 12:00:00+00:00,6744.5,3235.0703,3093.990162750247,3376.1504420723354
2025-02-21 13:00:00+00:00,5825.75,2745.3306,2604.2503457871962,2886.4106251092844
2025-02-21 14:00:00+00:00,3829.0,1610.6519,1469.5717700998985,1751.732049421987
2025-02-21 15:00:00+00:00,1661.0,639.6737,498.59358441619213,780.7538637382806
2025-02-21 16:00:00+00:00,209.25,127.713936,-13.366261209833056,268.79401811225534
2025-02-21 17:00:00+00:00,6.0,-6.427179,-147.5073255920372,134.6529537300512
2025-02-21 18:00:00+00:00,5.0,3.1701114,-137.91007689045364,144.250202431635
2025-02-21 19:00:00+00:00,0.0,3.6236026,-137.45650265215795,144.70377666993045
2025-02-21 20:00:00+00:00,0.0,-0.8987363,-141.97884216850525,140.18143715358315
2025-02-21 21:00:00+00:00,0.0,2.1699893,-138.91011652175712,143.25016280033128
2025-02-21 22:00:00+00:00,0.0,3.6236026,-137.45650265215795,144.70377666993045
2025-02-21 23:00:00+00:00,0.0,2.2880313,-138.79214475527237,143.36813456681602
2025-02-22 00:00:00+00:00,0.0,1.7421329,-139.33794664003244,142.82233268205619
2025-02-22 01:00:00+00:00,0.0,-0.27251557,-141.35262308409438,140.80765623799425
2025-02-22 02:00:00+00:00,0.0,3.2099063,-137.8702663955769,144.29001292651174
2025-02-22 03:00:00+00:00,0.0,-0.27251557,-141.35262308409438,140.80765623799425
2025-02-22 04:00:00+00:00,0.0,1.9895694,-139.09059076519839,143.06968855689024
2025-02-22 05:00:00+00:00,0.0,45.276314,-95.80384347582867,186.35643584625996
2025-02-22 06:00:00+00:00,103.75000000000023,118.74323,-22.336892722056973,259.8233866000314
2025-02-22 07:00:00+00:00,753.0,705.3131,564.2329956673004,846.3932749893889
2025-02-22 08:00:00+00:00,1936.25,1336.5043,1195.4240957220018,1477.5843750440904
2025-02-22 09:00:00+00:00,3325.0,1929.3997,1788.3194902300297,2070.4797695521183
2025-02-22 10:00:00+00:00,4262.0,2474.2664,2333.186126939152,2615.34640626124
2025-02-22 11:00:00+00:00,4150.25,2813.0957,2672.015637464722,2954.1759167868104
2025-02-22 12:00:00+00:00,3478.5,2853.268,2712.188009739885,2994.3482890619734
2025-02-22 13:00:00+00:00,2527.25,2131.6565,1990.5762118200873,2272.736491142176
2025-02-22 14:00:00+00:00,1498.5,1400.0361,1258.9559891374545,1541.116268459543
2025-02-22 15:00:00+00:00,636.5,633.99774,492.91760310914185,775.0778824312304
2025-02-22 16:00:00+00:00,104.5,92.04438,-49.0358011111382,233.1244782109502
2025-02-22 17:00:00+00:00,4.5,16.922186,-124.15793954023479,158.0023397818536
2025-02-22 18:00:00+00:00,3.0,3.3125675,-137.76755531879485,144.39272400329355
2025-02-22 19:00:00+00:00,0.0,-2.0452206,-143.12538442095524,139.03489490113316
2025-02-22 20:00:00+00:00,0.0,4.4411073,-136.63906049068896,145.52121883139944
2025-02-22 21:00:00+00:00,0.0,4.997992,-136.0821116673635,146.0781676547249
2025-02-22 22:00:00+00:00,0.0,-0.62139255,-141.70149572086416,140.45878360122447
2025-02-22 23:00:00+00:00,0.0,-0.62139255,-141.70149572086416,140.45878360122447
2025-02-23 00:00:00+00:00,0.0,0.08197661,-140.99817697804178,141.16210234404662
2025-02-23 01:00:00+00:00,0.0,0.08197661,-140.99817697804178,141.16210234404662
2025-02-23 02:00:00+00:00,0.0,0.08197661,-140.99817697804178,141.16210234404662
2025-02-23 03:00:00+00:00,0.0,0.03974028,-141.04037610261116,141.11990321947746
2025-02-23 04:00:00+00:00,0.0,4.0303407,-137.04977209616732,145.11050722592108
2025-02-23 05:00:00+00:00,0.0,32.987495,-108.09267973602823,174.06759958606017
2025-02-23 06:00:00+00:00,60.0,186.37067,45.290521941545876,327.4508012636343
2025-02-23 07:00:00+00:00,790.75,875.0049,733.9247656236028,1016.0850449456913
2025-02-23 08:00:00+00:00,2274.5,1868.0276,1726.9473991001707,2009.1076784222594
2025-02-23 09:00:00+00:00,3957.75,3110.7007,2969.620584335537,3251.7808636576256
2025-02-23 10:00:00+00:00,5593.75,3881.6248,3740.544713347597,4022.704992669685
2025-02-23 11:00:00+00:00,6653.0,4368.8413,4227.760943040412,4509.9212223625
2025-02-23 12:00:00+00:00,6637.25,4492.5376,4351.4574586884055,4633.617738010495
2025-02-23 13:00:00+00:00,5763.75,3578.4868,3437.406638495514,3719.5669178176026
2025-02-23 14:00:00+00:00,4232.75,2363.543,2222.462789958289,2504.6230692803774
2025-02-23 15:00:00+00:00,2132.5,953.14966,812.0695158762153,1094.229795198304
2025-02-23 16:00:00+00:00,370.75,219.88641,78.80631407001965,360.96659339210805
2025-02-23 17:00:00+00:00,3.5,5.1536317,-135.92645263239547,146.23382668969293
2025-02-23 18:00:00+00:00,3.0,1.035712,-140.04445022244477,142.11582909964363
2025-02-23 19:00:00+00:00,0.4999999999997726,1.2038028,-139.87631723241543,142.28396208967297
2025-02-23 20:00:00+00:00,0.0,-1.1080868,-142.18824537155683,139.97203395053157
2025-02-23 21:00:00+00:00,0.0,-0.32805756,-141.40822507527218,140.75205424681644
2025-02-23 22:00:00+00:00,0.0,-0.32805756,-141.40822507527218,140.75205424681644
2025-02-23 23:00:00+00:00,0.0,0.104315475,-140.97588310091078,141.18439622117762
2025-02-24 00:00:00+00:00,0.0,1.0520694,-140.02812791954534,142.13215140254306
2025-02-24 01:00:00+00:00,0.0,-0.09014253,-141.17029101755884,140.98998830452956
2025-02-24 02:00:00+00:00,0.0,-0.09014253,-141.17029101755884,140.98998830452956
2025-02-24 03:00:00+00:00,0.0,-0.09014253,-141.17029101755884,140.98998830452956
2025-02-24 04:00:00+00:00,0.0,8.578681,-132.50142305650047,149.65885626558793
2025-02-24 05:00:00+00:00,0.0,51.170113,-89.91003241097792,192.2502469111107
2025-02-24 06:00:00+00:00,99.5,178.10724,37.027057519982236,319.18733684207086
2025-02-24 07:00:00+00:00,695.7499999999999,922.85187,781.771705574865,1063.9319848969535
2025-02-24 08:00:00+00:00,1440.25,1489.1467,1348.0666355831738,1630.2269149052624
2025-02-24 09:00:00+00:00,2333.75,2185.8474,2044.7672527086688,2326.927532030757
2025-02-24 10:00:00+00:00,2964.0,2715.871,2574.7908449817123,2856.951124303801
2025-02-24 11:00:00+00:00,3125.0,2920.8533,2779.7730925772685,3061.933371899357
2025-02-24 12:00:00+00:00,2801.25,2908.4412,2767.3609764846005,3049.521255806689
2025-02-24 13:00:00+00:00,1952.75,2199.547,2058.4669729073,2340.6272522293884
2025-02-24 14:00:00+00:00,1173.5,1443.7617,1302.6815548637244,1584.841834185813
2025-02-24 15:00:00+00:00,544.25,620.2309,479.1507358758188,761.3110151979072
2025-02-24 16:00:00+00:00,85.25,121.28962,-19.790480768091584,262.36979855399704
2025-02-24 17:00:00+00:00,3.75,15.029853,-126.05026506337549,156.1100142587129
2025-02-24 18:00:00+00:00,3.0,-1.3342831,-142.41436898245684,139.7459103396318
2025-02-24 19:00:00+00:00,0.75,-1.5387509,-142.61886222447356,139.54141709761484
2025-02-24 20:00:00+00:00,0.0,-0.007989211,-141.08814869646312,141.07213062562528
2025-02-24 21:00:00+00:00,0.0,2.7990177,-138.28111070270484,143.8791686193838
2025-02-24 22:00:00+00:00,0.0,2.7174747,-138.36272221720196,143.79755710488644
2025-02-24 23:00:00+00:00,0.0,2.7174747,-138.36272221720196,143.79755710488644
2025-02-25 00:00:00+00:00,0.0,3.1275089,-137.9526741199718,144.20760520211684
2025-02-25 01:00:00+00:00,0.0,3.0731876,-138.0069490946537,144.15333022743494
2025-02-25 02:00:00+00:00,0.0,3.0731876,-138.0069490946537,144.15333022743494
2025-02-25 03:00:00+00:00,0.0,3.1275089,-137.9526741199718,144.20760520211684
2025-02-25 04:00:00+00:00,0.0,8.587226,-132.4929301509269,149.6673491711615
2025-02-25 05:00:00+00:00,0.0,23.414618,-117.66551133408757,164.49476798800083
2025-02-25 06:00:00+00:00,100.5,127.9903,-13.08984367373887,269.07043564834953
2025-02-25 07:00:00+00:00,980.75,677.5359,536.4557536736581,818.6160329957467
2025-02-25 08:00:00+00:00,2564.5,1716.1343,1575.0540886056522,1857.214367927741
2025-02-25 09:00:00+00:00,4217.75,2736.099,2595.019088235179,2877.1793675572676
2025-02-25 10:00:00+00:00,5048.75,2967.2966,2826.216546707064,3108.3768260291527
2025-02-25 11:00:00+00:00,4595.75,3173.0159,3031.935819264438,3314.0960985865268
2025-02-25 12:00:00+00:00,3455.0,2910.8171,2769.7369995204936,3051.897278842582
2025-02-25 13:00:00+00:00,2312.25,2565.7595,2424.6792697731084,2706.839549095197
2025-02-25 14:00:00+00:00,1394.0,1990.2235,1849.143390845436,2131.3036701675246
2025-02-25 15:00:00+00:00,649.0,992.9277,851.8475320242117,1134.0078113463003
2025-02-25 16:00:00+00:00,129.25,213.94489,72.86473041131671,355.02500973340534
2025-02-25 17:00:00+00:00,3.75,-9.568414,-150.64850633946116,131.51177298262746
2025-02-25 18:00:00+00:00,3.0,0.6768252,-140.40327548293385,141.75700383915478
2025-02-25 19:00:00+00:00,0.75,0.6768252,-140.40327548293385,141.75700383915478
2025-02-25 20:00:00+00:00,0.0,0.46478912,-140.61533271897724,141.54494660311138
2025-02-25 21:00:00+00:00,0.0,1.2262638,-139.85389065363483,142.30638866845356
2025-02-25 22:00:00+00:00,0.0,1.2262638,-139.85389065363483,142.30638866845356
2025-02-25 23:00:00+00:00,0.0,0.86627835,-140.21391022897024,141.9463690931184
2025-02-26 00:00:00+00:00,0.0,-1.9368222,-143.01696717324103,139.1433121488476
2025-02-26 01:00:00+00:00,0.0,-1.9368222,-143.01696717324103,139.1433121488476
2025-02-26 02:00:00+00:00,0.0,-1.9368222,-143.01696717324103,139.1433121488476
2025-02-26 03:00:00+00:00,0.0,-1.9368222,-143.01696717324103,139.1433121488476
2025-02-26 04:00:00+00:00,0.0,-8.1895075,-149.26960349858064,132.89067582350776
2025-02-26 05:00:00+00:00,0.0,-6.3185363,-147.3986429410238,134.76163638106482
2025-02-26 06:00:00+00:00,47.75,67.61799,-73.46219375100577,208.69808557108263
2025-02-26 07:00:00+00:00,415.25,567.24915,426.169005119943,708.3292844420315
2025-02-26 08:00:00+00:00,1118.25,1377.226,1236.1458362387575,1518.306115560846
2025-02-26 09:00:00+00:00,2027.5,2404.2766,2263.196556562038,2545.3568358841267
2025-02-26 10:00:00+00:00,2841.5,3114.9458,2973.8655774042427,3256.0258567263318
2025-02-26 11:00:00+00:00,3076.0,3704.0303,3562.9500957024893,3845.110375024578
2025-02-26 12:00:00+00:00,3404.5,3718.5183,3577.438196401329,3859.598475723418
2025-02-26 13:00:00+00:00,3420.0,2991.9397,2850.859508439061,3133.01978776115
2025-02-26 14:00:00+00:00,2745.0,2122.6943,1981.6142059150866,2263.774485237175
2025-02-26 15:00:00+00:00,1485.75,996.8729,855.792752066496,1137.9530313885846
2025-02-26 16:00:00+00:00,257.0,283.4278,142.3477122411241,424.5079915632125
2025-02-26 17:00:00+00:00,4.000000000000227,3.798041,-137.28213268459785,144.87814663749054
2025-02-26 18:00:00+00:00,2.0,0.6748721,-140.4052660076777,141.75501331441092
2025-02-26 19:00:00+00:00,0.4999999999997726,-0.06157808,-141.1417601628973,141.01851915919133
2025-02-26 20:00:00+00:00,0.0,-0.06157808,-141.1417601628973,141.01851915919133
2025-02-26 21:00:00+00:00,0.0,-10.20501,-151.2852088541897,130.87507046789892
2025-02-26 22:00:00+00:00,0.0,-1.0485165,-142.1286623308913,140.0316169911971
2025-02-26 23:00:00+00:00,0.0,-0.28704193,-141.36722026554912,140.7930590565395
2025-02-27 00:00:00+00:00,0.0,0.46027252,-140.61984457506333,141.5404347470253
2025-02-27 01:00:00+00:00,0.0,-2.898492,-143.97865602781326,138.18162329427537
2025-02-27 02:00:00+00:00,0.0,4.0126405,-137.06755411721224,145.09272520487616
2025-02-27 03:00:00+00:00,0.0,0.002630906,-141.0775325644961,141.08274675759253
2025-02-27 04:00:00+00:00,0.0,0.2761905,-140.8039017630433,141.3563775590451
2025-02-27 05:00:00+00:00,0.25,1.3312442,-139.74892364880998,142.41135567327865
2025-02-27 06:00:00+00:00,154.0,118.4864,-22.593803115661558,259.56647620642707
2025-02-27 07:00:00+00:00,811.75,777.994,636.913888199731,919.0741675218195
2025-02-27 08:00:00+00:00,1834.25,1734.2406,1593.1604158944829,1875.3206952165715
2025-02-27 09:00:00+00:00,2844.0,2616.3262,2475.2460295589367,2757.4063088810253
2025-02-27 10:00:00+00:00,3764.2499999999995,3244.0686,3102.9883962055856,3385.1486755276737
2025-02-27 11:00:00+00:00,4521.5,3729.2214,3588.141380650589,3870.301659972677
2025-02-27 12:00:00+00:00,4484.75,3660.0125,3518.932295025533,3801.092574347622
2025-02-27 13:00:00+00:00,3958.25,2888.6409,2747.5608287527084,3029.721108074797
2025-02-27 14:00:00+00:00,2851.25,1811.4565,1670.3763873016212,1952.5366666237098
2025-02-27 15:00:00+00:00,1543.25,839.49133,698.4112165113896,980.5714958334781
2025-02-27 16:00:00+00:00,303.5,186.89447,45.81429535247412,327.9745746745625
2025-02-27 17:00:00+00:00,7.5,16.015936,-125.0641591052788,157.0961202168096
2025-02-27 18:00:00+00:00,5.75,-0.8472226,-141.92735392846475,140.23292539362387
2025-02-27 19:00:00+00:00,1.25,-0.6996396,-141.77978969412175,140.38048962796688
2025-02-27 20:00:00+00:00,0.0,-0.14275484,-141.22284087079606,140.93743845129234
2025-02-27 21:00:00+00:00,0.0,-1.4713681,-142.5514497864824,139.60882953560622
2025-02-27 22:00:00+00:00,0.0,-2.9497616,-144.02987886455458,138.13040045753382
2025-02-27 23:00:00+00:00,0.0,-2.9497616,-144.02987886455458,138.13040045753382
2025-02-28 00:00:00+00:00,0.0,-4.7445617,-145.82466867524727,136.33561064684113
2025-02-28 01:00:00+00:00,0.0,-2.2824032,-143.36252226877104,138.79775705331758
2025-02-28 02:00:00+00:00,0.0,-2.4325497,-143.51274053610587,138.64753878598276
2025-02-28 03:00:00+00:00,0.0,-2.9064267,-143.98661812678847,138.17366119529993
2025-02-28 04:00:00+00:00,0.0,-3.6652157,-144.74540615913907,137.41487316294933
2025-02-28 05:00:00+00:00,0.25,-5.842218,-146.92237672064857,135.23790260144006
2025-02-28 06:00:00+00:00,103.0,91.14631,-49.933793173907816,232.2264861481808
2025-02-28 07:00:00+00:00,559.75,561.80133,420.72120429936126,702.8814836214497
2025-02-28 08:00:00+00:00,1182.5,1209.558,1068.477832789514,1350.6381121116026
2025-02-28 09:00:00+00:00,1839.25,1797.5771,1656.4970554202712,1938.6573347423598
2025-02-28 10:00:00+00:00,2398.0,2436.724,2295.644034060495,2577.804313382583
2025-02-28 11:00:00+00:00,2901.25,2630.9072,2489.827021412489,2771.9873007345777
2025-02-28 12:00:00+00:00,3179.0,2606.8865,2465.8062977154154,2747.966577037504
2025-02-28 13:00:00+00:00,2956.25,2159.4666,2018.3862974720032,2300.5465767940914
2025-02-28 14:00:00+00:00,2233.25,1534.1011,1393.0209076543538,1675.1811869764424
2025-02-28 15:00:00+00:00,1184.25,887.1358,746.0556869207913,1028.2159662428799
2025-02-28 16:00:00+00:00,268.25,177.3493,36.26919839917878,318.4294777212674
2025-02-28 17:00:00+00:00,7.5,-20.08465,-161.16484666609904,120.99543265598959
2025-02-28 18:00:00+00:00,5.0,-0.72454196,-141.80473760424434,140.35554171784406
2025-02-28 19:00:00+00:00,1.25,-2.7813046,-143.86148047122606,138.29879885086257
2025-02-28 20:00:00+00:00,0.0,-2.434869,-143.5149964641489,138.64528285793972
2025-02-28 21:00:00+00:00,0.0,-2.6089413,-143.68910102840982,138.4711782936788
2025-02-28 22:00:00+00:00,0.0,-0.9863828,-142.06655795888378,140.09372136320485
2025-02-28 23:00:00+00:00,0.0,-2.4650204,-143.54511973860554,138.61515958348286
2025-03-01 00:00:00+00:00,0.0,-0.64605075,-141.72617822768757,140.43410109440083
2025-03-01 01:00:00+00:00,0.0,0.23895903,-140.84119092657784,141.31908839551056
2025-03-01 02:00:00+00:00,0.0,2.4528263,-138.6273293064828,143.53295001560582
2025-03-01 03:00:00+00:00,0.0,-0.64605075,-141.72617822768757,140.43410109440083
2025-03-01 04:00:00+00:00,0.0,1.6978214,-139.38226899099527,142.77801033109336
2025-03-01 05:00:00+00:00,0.25,24.05158,-117.02854341605985,165.13173590602878
2025-03-01 06:00:00+00:00,125.99999999999977,334.7801,193.69993309087045,475.86021241295884
2025-03-01 07:00:00+00:00,783.5,1250.6705,1109.590429427428,1391.7507087495167
2025-03-01 08:00:00+00:00,1678.75,2113.217,1972.1369195047316,2254.29719882682
2025-03-01 09:00:00+00:00,2406.0,2982.8728,2841.7926682308853,3123.9529475529735
2025-03-01 10:00:00+00:00,2950.75,3639.5483,3498.468240940747,3780.6285202628355
2025-03-01 11:00:00+00:00,3353.75,3885.9668,3744.886711322152,4027.046990644241
2025-03-01 12:00:00+00:00,3418.25,3490.2344,3349.154335347823,3631.3146146699114
2025-03-01 13:00:00+00:00,3018.5,2724.0537,2582.973626800326,2865.1339061224144
2025-03-01 14:00:00+00:00,2300.0,1855.1122,1714.0319788260238,1996.1922581481124
2025-03-01 15:00:00+00:00,1323.0,847.84076,706.7606052510621,988.9208845731506
2025-03-01 16:00:00+00:00,333.25,237.85773,96.77756766727452,378.93784698936315
2025-03-01 17:00:00+00:00,8.25,1.4242618,-139.65589979244783,142.50437952964057
2025-03-01 18:00:00+00:00,6.0,-10.168267,-151.24845049725354,130.91182882483508
2025-03-01 19:00:00+00:00,1.25,2.0145938,-139.06551015342598,143.09476916866242
2025-03-01 20:00:00+00:00,0.0,1.2224796,-139.85760629982337,142.30267302226503
2025-03-01 21:00:00+00:00,0.0,-2.4419491,-143.522029651577,138.6382496705114
2025-03-01 22:00:00+00:00,0.0,-2.4419491,-143.522029651577,138.6382496705114
2025-03-01 23:00:00+00:00,0.0,-1.45379,-142.53393316873667,139.62634615335196
2025-03-02 00:00:00+00:00,0.0,-2.591119,-143.6713190073649,138.48896031472373
2025-03-02 01:00:00+00:00,0.0,-0.5084775,-141.58856661706363,140.57171270502477
2025-03-02 02:00:00+00:00,0.0,0.22943754,-140.85074544534837,141.30953387674026
2025-03-02 03:00:00+00:00,0.0,0.0404727,-141.0397125943632,141.12056672772542
2025-03-02 04:00:00+00:00,0.0,1.6685245,-139.41159605555436,142.74868326653404
2025-03-02 05:00:00+00:00,0.4999999999997726,37.583687,-103.49642540085983,178.6638539212288
2025-03-02 06:00:00+00:00,358.25,376.15045,235.07033585852378,517.2306151806122
2025-03-02 07:00:00+00:00,2272.75,1660.7207,1519.6405503579374,1801.800829680026
2025-03-02 08:00:00+00:00,5072.5,3121.254,2980.173683019111,3262.3339623411994
2025-03-02 09:00:00+00:00,7504.75,4391.5337,4250.453721330046,4532.6140006521355
2025-03-02 10:00:00+00:00,7733.375,5032.2725,4891.192224029205,5173.352503351294
2025-03-02 11:00:00+00:00,7962.0,5677.2656,5536.185141614191,5818.345420936279
2025-03-02 12:00:00+00:00,8190.625,5574.5327,5433.452301761686,5715.612581083775
2025-03-02 13:00:00+00:00,8419.25,5134.0156,4992.935374979074,5275.0956543011625
2025-03-02 14:00:00+00:00,6372.5,3773.571,3632.491068153167,3914.6513474752555
2025-03-02 15:00:00+00:00,3623.0,1783.9441,1642.8639846251463,1925.0242639472349
2025-03-02 16:00:00+00:00,837.75,459.4043,318.32416597114184,600.4844452932304
2025-03-02 17:00:00+00:00,35.5,20.274115,-120.80602857326335,161.35425074882505
2025-03-02 18:00:00+00:00,27.5,-6.922418,-148.0025681483039,134.15771117378472
2025-03-02 19:00:00+00:00,6.25,-1.5159237,-142.5960375407442,139.5642417813442
2025-03-02 20:00:00+00:00,0.0,1.3867862,-139.69332165763194,142.46695766445646
2025-03-02 21:00:00+00:00,0.0,1.6824405,-139.39766238234756,142.76261693974106
2025-03-02 22:00:00+00:00,0.0,1.7523868,-139.32772861301396,142.83255070907444
2025-03-02 23:00:00+00:00,0.0,1.7523868,-139.32772861301396,142.83255070907444
2025-03-03 00:00:00+00:00,0.0,0.32172272,-140.75838509723417,141.40189422485423
2025-03-03 01:00:00+00:00,0.0,0.01178618,-141.06837615067434,141.09190317141406
2025-03-03 02:00:00+00:00,0.0,0.98627347,-140.09381523609204,142.06646408599659
2025-03-03 03:00:00+00:00,0.0,0.98627347,-140.09381523609204,142.06646408599659
2025-03-03 04:00:00+00:00,0.0,9.655219,-131.42494727503367,150.73533204705473
2025-03-03 05:00:00+00:00,0.75,103.179756,-37.900407589167116,244.25987173292128
2025-03-03 06:00:00+00:00,540.25,385.90326,244.8231772442507,526.9834565663391
2025-03-03 07:00:00+00:00,2951.0,1907.6631,1766.5829268519208,2048.743206174009
2025-03-03 08:00:00+00:00,5866.25,3077.3457,2936.265626606365,3218.4259059284536
2025-03-03 09:00:00+00:00,8142.5,4210.192,4069.1118745038425,4351.27215382593
2025-03-03 10:00:00+00:00,7799.35,4632.294,4491.213527969674,4773.373807291762
2025-03-03 11:00:00+00:00,7456.199999999999,5183.0146,5041.934397476656,5324.094676798745
2025-03-03 12:00:00+00:00,7113.049999999999,5236.92,5095.839665362848,5377.999944684936
2025-03-03 13:00:00+00:00,6769.9,4731.594,4590.514172357205,4872.674451679294
2025-03-03 14:00:00+00:00,6426.75,3586.9607,3445.8807004349756,3728.040979757064
2025-03-03 15:00:00+00:00,3642.5,1840.8461,1699.7659543377713,1981.92623365986
2025-03-03 16:00:00+00:00,929.75,455.08087,314.0007462275287,596.1610255496171
2025-03-03 17:00:00+00:00,19.500000000000227,72.404854,-68.67524714537785,213.48503217671055
2025-03-03 18:00:00+00:00,2.75,7.461249,-133.61890364769056,148.54137567439807
2025-03-03 19:00:00+00:00,1.0,3.3928897,-137.6872708207934,144.473008501295
2025-03-03 20:00:00+00:00,0.0,-0.271539,-141.35169417254724,140.8085851495414
2025-03-03 21:00:00+00:00,0.0,2.6854923,-138.3947033147531,143.76557600733554
2025-03-03 22:00:00+00:00,0.0,1.9285343,-139.15163352400918,143.00864579807921
2025-03-03 23:00:00+00:00,0.0,-0.23638277,-141.31652823540594,140.84375108668246
2025-03-04 00:00:00+00:00,0.0,0.8117129,-140.26845060695132,141.8918287151373
2025-03-04 01:00:00+00:00,0.0,0.6906192,-140.38947451137642,141.77080481071198
2025-03-04 02:00:00+00:00,0.0,0.6906192,-140.38947451137642,141.77080481071198
2025-03-04 03:00:00+00:00,0.0,-3.005914,-144.08601166233075,138.07426765975765
2025-03-04 04:00:00+00:00,0.0,5.663031,-135.4171437012726,146.74313562081602
2025-03-04 05:00:00+00:00,3.5,48.25434,-92.82575305574983,189.3345262663388
2025-03-04 06:00:00+00:00,397.5,389.96466,248.88457758075015,531.0448569028387
2025-03-04 07:00:00+00:00,2250.25,1177.3281,1036.2480025840896,1318.4082819061782
2025-03-04 08:00:00+00:00,4892.25,2269.5247,2128.4446001359506,2410.6048794580392
2025-03-04 09:00:00+00:00,7232.25,3223.8452,3082.7650629131535,3364.925342235242
2025-03-04 10:00:00+00:00,7440.1875,3809.9224,3668.8422964284114,3951.0025757505
2025-03-04 11:00:00+00:00,7648.125,4398.563,4257.482927708783,4539.643207030871
2025-03-04 12:00:00+00:00,7856.062500000002,4481.4854,4340.405003697428,4622.565283019516
2025-03-04 13:00:00+00:00,8064.0,3835.9365,3694.856331603963,3977.0166109260517
2025-03-04 14:00:00+00:00,6090.75,3014.2148,2873.134807339089,3155.295086661178
2025-03-04 15:00:00+00:00,3325.5,1671.0187,1529.9384803570579,1812.0987596791465
2025-03-04 16:00:00+00:00,799.75,384.95074,243.8705784526751,526.0308577747637
2025-03-04 17:00:00+00:00,18.5,24.955023,-116.12511058565724,166.0351687364314
2025-03-04 18:00:00+00:00,0.0,2.6369083,-138.4432721185026,143.7170072035858
2025-03-04 19:00:00+00:00,0.0,2.6549747,-138.4252246941585,143.7350546279299
2025-03-04 20:00:00+00:00,0.0,1.9348819,-139.14526384482906,143.01501547725957
2025-03-04 21:00:00+00:00,0.0,-1.7295468,-142.80968719658267,139.35059212550573
2025-03-04 22:00:00+00:00,0.0,1.1731632,-139.90697131347042,142.25330800861798
2025-03-04 23:00:00+00:00,0.0,-0.93474704,-142.01493701719346,140.14534230489494
2025-03-05 00:00:00+00:00,0.0,-1.3483212,-142.42843535731322,139.73184396477518
2025-03-05 01:00:00+00:00,0.0,-1.3483212,-142.42843535731322,139.73184396477518
2025-03-05 02:00:00+00:00,0.0,0.75971097,-140.32046965359018,141.83980966849822
2025-03-05 03:00:00+00:00,0.0,0.75971097,-140.32046965359018,141.83980966849822
2025-03-05 04:00:00+00:00,0.0,10.1854925,-130.89467148327572,151.2656078388129
2025-03-05 05:00:00+00:00,1.5,99.181465,-41.898708291286994,240.2615710308014
2025-03-05 06:00:00+00:00,632.75,396.8758,255.79567949135117,537.9559588134396
2025-03-05 07:00:00+00:00,3043.25,1927.5764,1786.4962690909124,2068.656548413001
2025-03-05 08:00:00+00:00,5859.25,3329.51,3188.42981301168,3470.5900923337686
2025-03-05 09:00:00+00:00,8050.0,4739.8286,4598.748575117509,4880.908854439598
2025-03-05 10:00:00+00:00,8103.937500000002,5450.5977,5309.51745395103,5591.677733273118
2025-03-05 11:00:00+00:00,8157.875,5702.135,5561.054226957087,5843.214506279175
2025-03-05 12:00:00+00:00,8211.8125,5601.908,5460.828121265321,5742.98840058741
2025-03-05 13:00:00+00:00,8265.75,4996.7656,4855.685243648647,5137.845522970735
2025-03-05 14:00:00+00:00,6249.5,3842.1008,3701.020854033976,3983.1811333560645
2025-03-05 15:00:00+00:00,3550.5,1928.526,1787.4458157445474,2069.606095066636
2025-03-05 16:00:00+00:00,943.0,453.091,312.01088499194,594.1711643140284
2025-03-05 17:00:00+00:00,18.75,43.34797,-97.73213114600799,184.4281481760804
2025-03-05 18:00:00+00:00,1.0,5.9030213,-135.1770864171658,146.9831929049226
2025-03-05 19:00:00+00:00,0.4999999999997726,1.3512638,-139.728885699722,142.4313936223666
2025-03-05 20:00:00+00:00,0.0,-0.056206986,-141.13631939526408,141.02395992682455
2025-03-05 21:00:00+00:00,0.0,-1.162164,-142.24225494293978,139.91802437914885
2025-03-05 22:00:00+00:00,0.0,0.63483304,-140.44534190585364,141.714937416235
2025-03-05 23:00:00+00:00,0.0,1.7407901,-139.33940635817794,142.8208729639107
2025-03-06 00:00:00+00:00,0.0,2.0968692,-138.98323513068067,143.17704419140773
2025-03-06 01:00:00+00:00,0.0,-3.0258114,-144.10591690976912,138.05436241231928
2025-03-06 02:00:00+00:00,0.0,-3.0258114,-144.10591690976912,138.05436241231928
2025-03-06 03:00:00+00:00,0.0,-2.009332,-143.08942227391663,139.070857048172
2025-03-06 04:00:00+00:00,0.0,6.659613,-134.42055431285826,147.73972500923014
2025-03-06 05:00:00+00:00,1.75,52.290474,-88.78963238349706,193.37064693859156
2025-03-06 06:00:00+00:00,652.7499999999999,564.45917,423.37901928815677,705.5392986102452
2025-03-06 07:00:00+00:00,3001.25,2220.3398,2079.2597289781183,2361.420008300207
2025-03-06 08:00:00+00:00,5817.5,3800.8198,3659.739759476496,3941.9000387985843
2025-03-06 09:00:00+00:00,7911.0,5195.463,5054.382873821312,5336.543153143401
2025-03-06 10:00:00+00:00,7893.9375,5737.848,5596.767956507705,5878.928235829793
2025-03-06 11:00:00+00:00,7876.875000000002,5655.856,5514.775588276081,5796.935867598169
2025-03-06 12:00:00+00:00,7859.8125,5348.9956,5207.915232153024,5490.075511475113
2025-03-06 13:00:00+00:00,7842.75,4355.465,4214.384882165128,4496.545161487216
2025-03-06 14:00:00+00:00,5981.0,3201.772,3060.6918686254494,3342.8521479475385
2025-03-06 15:00:00+00:00,3433.75,1501.2427,1360.1625277917976,1642.322807113886
2025-03-06 16:00:00+00:00,940.75,332.3145,191.23433644150464,473.39461576359315
2025-03-06 17:00:00+00:00,23.0,35.51264,-105.56750004599712,176.5927792760915
2025-03-06 18:00:00+00:00,2.0,-4.7004943,-145.78061172758385,136.37966759450478
2025-03-06 19:00:00+00:00,1.0,4.1116395,-136.96855868661874,145.19172063546966
2025-03-06 20:00:00+00:00,0.0,4.1116395,-136.96855868661874,145.19172063546966
2025-03-06 21:00:00+00:00,0.0,4.1116395,-136.96855868661874,145.19172063546966
2025-03-06 22:00:00+00:00,0.0,4.1116395,-136.96855868661874,145.19172063546966
2025-03-06 23:00:00+00:00,0.0,1.1176212,-139.96257330464846,142.19770601744017
2025-03-07 00:00:00+00:00,0.0,1.5276554,-139.55252520741806,142.60775411467057
2025-03-07 01:00:00+00:00,0.0,11.573554,-129.50661222857343,152.65366709351497
2025-03-07 02:00:00+00:00,0.0,11.627753,-129.45233725389153,152.70794206819687
2025-03-07 03:00:00+00:00,0.0,2.2416446,-138.83845763097906,143.32182169110956
2025-03-07 04:00:00+00:00,0.0,10.11811,-130.96208392126687,151.19819540082153
2025-03-07 05:00:00+00:00,2.2500000000002274,107.135445,-33.94470411656539,248.21557520552324
2025-03-07 06:00:00+00:00,616.0,548.96783,407.88769411842304,690.0479734405116
2025-03-07 07:00:00+00:00,2816.25,1803.361,1662.2808236422002,1944.4411029642888
2025-03-07 08:00:00+00:00,5517.5,3097.8513,2956.771083605823,3238.931362927912
2025-03-07 09:00:00+00:00,7652.0,4035.4897,3894.409622013179,4176.569901335268
2025-03-07 10:00:00+00:00,7726.4375,4900.6,4759.520073837606,5041.680353159695
2025-03-07 11:00:00+00:00,7800.875,5183.136,5042.05595218768,5324.2162315097685
2025-03-07 12:00:00+00:00,7875.3125,4925.6504,4784.570429633843,5066.730708955931
2025-03-07 13:00:00+00:00,7949.75,4132.5894,3991.509276840626,4273.669556162715
2025-03-07 14:00:00+00:00,5920.25,3018.6265,2877.5463409780295,3159.706620300118
2025-03-07 15:00:00+00:00,3290.25,1524.3707,1383.2905509043792,1665.4508302264678
2025-03-07 16:00:00+00:00,896.0,365.74408,224.6640051993952,506.8242845214837
2025-03-07 17:00:00+00:00,34.25,30.578802,-110.50134737772032,171.6589319443683
2025-03-07 18:00:00+00:00,6.5,-15.579522,-156.6596256625487,125.50065365953992
2025-03-07 19:00:00+00:00,3.0,1.1166446,-139.96350221619537,142.19677710589303
2025-03-07 20:00:00+00:00,0.0,1.1166446,-139.96350221619537,142.19677710589303
2025-03-07 21:00:00+00:00,0.0,1.7774112,-139.30278070289137,142.85749861919726
2025-03-07 22:00:00+00:00,0.0,1.3250186,-139.7551606263405,142.4051186957479
2025-03-07 23:00:00+00:00,0.0,-10.917413,-151.99755130918402,130.16272801290438
2025-03-08 00:00:00+00:00,0.0,9.293159,-131.7869573751127,150.3733219469757
2025-03-08 01:00:00+00:00,0.0,9.293159,-131.7869573751127,150.3733219469757
2025-03-08 02:00:00+00:00,0.0,9.293159,-131.7869573751127,150.3733219469757
2025-03-08 03:00:00+00:00,0.0,9.293159,-131.7869573751127,150.3733219469757
2025-03-08 04:00:00+00:00,0.0,17.998968,-123.08119835546881,159.0790809666198
2025-03-08 05:00:00+00:00,3.0,109.56745,-31.512680984545568,250.64759833754283
2025-03-08 06:00:00+00:00,700.25,543.9736,402.89346753613677,685.0537468582254
2025-03-08 07:00:00+00:00,2989.0,1811.2192,1670.1391167521558,1952.2993960742444
2025-03-08 08:00:00+00:00,5774.75,3292.4644,3151.384157004136,3433.544436326224
2025-03-08 09:00:00+00:00,7865.0,4723.2163,4582.135921008748,4864.296200330836
2025-03-08 10:00:00+00:00,7919.25,5611.775,5470.6944889122715,5752.85476823436
2025-03-08 11:00:00+00:00,7973.5,5703.749,5562.668940629288,5844.829219951376
2025-03-08 12:00:00+00:00,8027.75,5494.164,5353.083936317733,5635.244215639821
2025-03-08 13:00:00+00:00,8082.0,4663.651,4522.5709277675805,4804.73120708967
2025-03-08 14:00:00+00:00,6034.0,3464.8792,3323.798898459182,3605.9591777812702
2025-03-08 15:00:00+00:00,3431.0,1739.1464,1598.0661968273178,1880.2264761494064
2025-03-08 16:00:00+00:00,963.25,410.65643,269.57634769623155,551.73662701832
2025-03-08 17:00:00+00:00,43.75,40.1966,-100.8835299204502,181.2767494016382
2025-03-08 18:00:00+00:00,10.25,-5.1084533,-146.18853659842057,135.97174272366783
2025-03-08 19:00:00+00:00,4.5,-0.6367734,-141.71688911221645,140.44339020987218
2025-03-08 20:00:00+00:00,0.0,-0.6367734,-141.71688911221645,140.44339020987218
2025-03-08 21:00:00+00:00,0.0,1.5081241,-139.57203234990766,142.58824697218097
2025-03-08 22:00:00+00:00,0.0,1.4712589,-139.6089234084934,142.55135591359522
2025-03-08 23:00:00+00:00,0.0,1.4712589,-139.6089234084934,142.55135591359522
2025-03-09 00:00:00+00:00,0.0,1.7980411,-139.28207924555545,142.87820007653318
2025-03-09 01:00:00+00:00,0.0,8.849921,-132.23018088474055,149.93009843734808
2025-03-09 02:00:00+00:00,0.0,8.849921,-132.23018088474055,149.93009843734808
2025-03-09 03:00:00+00:00,0.0,2.6268985,-138.4532247422219,143.70705457986674
2025-03-09 04:00:00+00:00,0.0,5.9498963,-135.13024273486099,147.03003658722764
2025-03-09 05:00:00+00:00,4.75,42.745674,-98.334463933493,183.82581538859563
2025-03-09 06:00:00+00:00,724.75,608.8766,467.7964509828504,749.9567303049389
2025-03-09 07:00:00+00:00,3015.5,1870.8612,1729.7810437746718,2011.9413230967602
2025-03-09 08:00:00+00:00,5748.5,3593.001,3451.9210141209724,3734.081293443061
2025-03-09 09:00:00+00:00,7865.25,5084.1787,4943.098474265986,5225.258753588074
2025-03-09 10:00:00+00:00,7912.75,6053.5205,5912.440232970077,6194.600512292167
2025-03-09 11:00:00+00:00,7960.25,6148.5786,6007.498140216947,6289.658419539035
2025-03-09 12:00:00+00:00,8007.75,5916.405,5775.324395709034,6057.484675031124
2025-03-09 13:00:00+00:00,8055.25,4853.956,4712.875709410333,4995.035988732421
2025-03-09 14:00:00+00:00,6003.5,3426.1936,3285.1135808693143,3567.273860191403
2025-03-09 15:00:00+00:00,3319.0,1719.4603,1578.380222277191,1860.5405015992797
2025-03-09 16:00:00+00:00,832.5000000000001,374.73578,233.6556699230789,515.8159492451674
2025-03-09 17:00:00+00:00,39.75,33.379097,-107.7010771680907,174.4592021539977
2025-03-09 18:00:00+00:00,12.0,-8.792535,-149.8727324959632,132.28754682612544
2025-03-09 19:00:00+00:00,5.5,64.389595,-76.69055948220966,205.46971983987874
2025-03-09 20:00:00+00:00,0.0,-1.1539853,-142.23416014231475,139.92611917977365
2025-03-09 21:00:00+00:00,0.0,-3.160577,-144.24074178575165,137.91953753633675
2025-03-09 22:00:00+00:00,0.0,-3.160577,-144.24074178575165,137.91953753633675
2025-03-09 23:00:00+00:00,0.0,-3.1063778,-144.18646681106975,137.97381251101865
2025-03-10 00:00:00+00:00,0.0,-3.2808163,-144.36096948027944,137.79930984180896
2025-03-10 01:00:00+00:00,0.0,-3.2808163,-144.36096948027944,137.79930984180896
2025-03-10 02:00:00+00:00,0.0,-3.2808163,-144.36096948027944,137.79930984180896
2025-03-10 03:00:00+00:00,0.0,-3.2808163,-144.36096948027944,137.79930984180896
2025-03-10 04:00:00+00:00,0.0,0.042181686,-141.03798747291853,141.1222918491701
2025-03-10 05:00:00+00:00,6.25,56.95063,-84.12954855487624,198.0307307672124
2025-03-10 06:00:00+00:00,556.5,677.4147,536.3345307167585,818.4948100388469
2025-03-10 07:00:00+00:00,2156.25,2136.3523,1995.2721250940972,2277.432404416186
2025-03-10 08:00:00+00:00,4008.75,3912.5383,3771.4583588292776,4053.618638151366
2025-03-10 09:00:00+00:00,5456.25,5780.729,5639.648902152632,5921.80918147472
2025-03-10 10:00:00+00:00,6345.0,6846.0576,6704.977479650715,6987.137758972805
2025-03-10 11:00:00+00:00,6686.25,7187.483,7046.4023690389495,7328.5626483610395
2025-03-10 12:00:00+00:00,6335.5,7258.172,7117.091476161873,7399.2517554839615
2025-03-10 13:00:00+00:00,5271.0,6215.4414,6074.361193378916,6356.521472701006
2025-03-10 14:00:00+00:00,3846.25,4187.5806,4046.5005750270543,4328.660854349143
2025-03-10 15:00:00+00:00,2243.75,2176.6555,2035.5754738974047,2317.735753219493
2025-03-10 16:00:00+00:00,708.75,460.50208,319.4219403673678,601.5822196894562
2025-03-10 17:00:00+00:00,40.75,31.9112,-109.16889011419585,172.99138920789255
2025-03-10 18:00:00+00:00,12.499999999999773,-1.6672909,-142.74745012292533,139.41282919916307
2025-03-10 19:00:00+00:00,5.75,2.1680362,-138.91210704650098,143.24817227558765
2025-03-10 20:00:00+00:00,0.0,2.9249942,-138.15517683724465,144.00510248484375
2025-03-10 21:00:00+00:00,0.0,2.2223575,-138.85783207181908,143.30244725026955
2025-03-10 22:00:00+00:00,0.0,3.093085,-137.98704384721532,144.1732354748733
2025-03-10 23:00:00+00:00,0.0,1.9267032,-139.15349134710345,143.00678797498495
2025-03-11 00:00:00+00:00,0.0,3.2916934,-137.78838947778036,144.37188984430804
2025-03-11 01:00:00+00:00,0.0,2.3909366,-138.68916827519115,143.47111104689725
2025-03-11 02:00:00+00:00,0.0,-32.50274,-173.58293433299832,108.57734498909008
2025-03-11 03:00:00+00:00,0.0,-31.547785,-172.62788056090562,109.532398761183
2025-03-11 04:00:00+00:00,0.0,-1.0096982,-142.0897807475617,140.0704985745267
2025-03-11 05:00:00+00:00,10.5,1.6046817,-139.4754255490068,142.68485377308184
2025-03-11 06:00:00+00:00,435.25,316.68207,175.60194941825785,457.76222874034636
2025-03-11 07:00:00+00:00,1424.25,1087.3568,946.2766656799148,1228.4369450020033
2025-03-11 08:00:00+00:00,2567.5,2030.4114,1889.3312228627758,2171.4915021848647
2025-03-11 09:00:00+00:00,3459.25,2915.537,2774.456931793079,3056.6172111151677
2025-03-11 10:00:00+00:00,4107.5,3613.3796,3472.299475641774,3754.4597549638625
2025-03-11 11:00:00+00:00,4277.75,3924.2822,3783.2021894146146,4065.3624687367032
2025-03-11 12:00:00+00:00,4026.25,3757.45,3616.3699409544834,3898.530220276572
2025-03-11 13:00:00+00:00,3451.75,3186.3313,3045.251235485859,3327.4115148079472
2025-03-11 14:00:00+00:00,2553.75,2140.1482,1999.0681221314185,2281.228401453507
2025-03-11 15:00:00+00:00,1378.5,1060.625,919.5448472817354,1201.705126603824
2025-03-11 16:00:00+00:00,346.0,320.4864,179.40624030867843,461.56651963076695
2025-03-11 17:00:00+00:00,15.5,13.208686,-127.8714625023365,154.2888168197519
2025-03-11 18:00:00+00:00,3.5,-0.81829196,-141.89842496885421,140.26185435323418
2025-03-11 19:00:00+00:00,1.5,-1.6770566,-142.75713734334545,139.40314197874295
2025-03-11 20:00:00+00:00,0.0,-1.6770566,-142.75713734334545,139.40314197874295
2025-03-11 21:00:00+00:00,0.0,0.030462937,-141.04966521808228,141.11061410400612
2025-03-11 22:00:00+00:00,0.0,0.34210846,-140.73808174484702,141.42219757724138
2025-03-11 23:00:00+00:00,0.0,3.3758,-137.70438933359037,144.45588998849803
2025-03-12 00:00:00+00:00,0.0,3.492499,-137.58761188195194,144.57266744013646
2025-03-12 01:00:00+00:00,0.0,-0.9586728,-142.03882331411955,140.12145600796885
2025-03-12 02:00:00+00:00,0.0,2.7000186,-138.3801061332981,143.7801731887903
2025-03-12 03:00:00+00:00,0.0,1.7532413,-139.32693240311642,142.83334691897198
2025-03-12 04:00:00+00:00,0.0,2.6539981,-138.42615360570562,143.73412571638278
2025-03-12 05:00:00+00:00,4.75,30.766912,-110.3131764386028,171.8471028834856
2025-03-12 06:00:00+00:00,334.25,468.36414,327.28398229892423,609.4442616210127
2025-03-12 07:00:00+00:00,1166.5,1834.4271,1693.347009670084,1975.5072889921726
2025-03-12 08:00:00+00:00,2032.0,3256.0935,3115.013421586402,3397.1737009084904
2025-03-12 09:00:00+00:00,2391.25,4679.3516,4538.271390737067,4820.431670059155
2025-03-12 10:00:00+00:00,2650.5,5038.4976,4897.417523814729,5179.577803136818
2025-03-12 11:00:00+00:00,3083.25,5268.4214,5127.3411791522085,5409.501458474297
2025-03-12 12:00:00+00:00,2904.75,4697.493,4556.412767849095,4838.573047171183
2025-03-12 13:00:00+00:00,2634.5,3912.0703,3770.990187409527,4053.150466731616
2025-03-12 14:00:00+00:00,1945.0,2871.2495,2730.169481364158,3012.3297606862466
2025-03-12 15:00:00+00:00,1134.0,1479.3375,1338.2574312452473,1620.417710567336
2025-03-12 16:00:00+00:00,396.75,379.68427,238.60411443625685,520.7643937583455
2025-03-12 17:00:00+00:00,28.75,36.63105,-104.44909054326013,177.7111887788285
2025-03-12 18:00:00+00:00,0.0,-8.684991,-149.7651114581463,132.3951678639421
2025-03-12 19:00:00+00:00,0.0,4.4262147,-136.65392307544312,145.5063562466455
2025-03-12 20:00:00+00:00,0.0,-0.95122653,-142.0313920217427,140.12888730034592
2025-03-12 21:00:00+00:00,0.0,-1.9213192,-143.00144108023892,139.15883824184948
2025-03-12 22:00:00+00:00,0.0,1.8147647,-139.26535883770725,142.89492048438137
2025-03-12 23:00:00+00:00,0.0,-4.4630675,-145.54320847646886,136.61707084561976
2025-03-13 00:00:00+00:00,0.0,-2.6023495,-143.6824659459303,138.4778133761581
2025-03-13 01:00:00+00:00,0.0,-3.7155087,-144.79570008433348,137.36457923775515
2025-03-13 02:00:00+00:00,0.0,0.7401797,-140.33997679607978,141.82030252600862
2025-03-13 03:00:00+00:00,0.0,0.34992096,-140.7302523475214,141.43002697456723
2025-03-13 04:00:00+00:00,0.0,0.34992096,-140.7302523475214,141.43002697456723
2025-03-13 05:00:00+00:00,3.0,0.19513579,-140.8849824709423,141.27529685114632
2025-03-13 06:00:00+00:00,424.5,302.35114,161.2709674725313,443.4312467946198
2025-03-13 07:00:00+00:00,1655.0,1195.3364,1054.2562799415798,1336.4165592636684
2025-03-13 08:00:00+00:00,3065.25,2316.7644,2175.6842641632807,2457.8445434853693
2025-03-13 09:00:00+00:00,3665.0,3029.958,2888.8778675380936,3171.0381468601818
2025-03-13 10:00:00+00:00,3545.75,3605.0583,3463.9782860026394,3746.138565324728
2025-03-13 11:00:00+00:00,3254.5,3922.1753,3781.095152622439,4063.2554319445276
2025-03-13 12:00:00+00:00,2831.25,3568.562,3427.4818821227445,3709.642161444833
2025-03-13 13:00:00+00:00,2259.5,3117.5806,2976.500501358484,3258.660780680573
2025-03-13 14:00:00+00:00,1666.5,2108.6946,1967.6145136375594,2249.774792959648
2025-03-13 15:00:00+00:00,1110.75,1039.3655,898.2852799830747,1180.4455593051634
2025-03-13 16:00:00+00:00,440.25,237.84528,96.76509371221323,378.92537303430163
2025-03-13 17:00:00+00:00,27.0,-6.177667,-147.2578464908097,134.9024328312787
2025-03-13 18:00:00+00:00,0.0,-1.92254,-143.00263539508524,139.15764392700316
2025-03-13 19:00:00+00:00,0.0,2.028754,-139.0514437785696,143.10883554351904
2025-03-13 20:00:00+00:00,0.0,1.8145206,-139.26562424100644,142.8946550810822
2025-03-13 21:00:00+00:00,0.0,1.9744327,-139.1057187532515,143.05456056883713
2025-03-13 22:00:00+00:00,0.0,2.028754,-139.0514437785696,143.10883554351904
2025-03-13 23:00:00+00:00,0.0,1.8145206,-139.26562424100644,142.8946550810822
2025-03-14 00:00:00+00:00,0.0,0.8651797,-140.21497184216673,141.94530747992167
2025-03-14 01:00:00+00:00,0.0,-2.7570126,-143.8371960693512,138.3230832527372
2025-03-14 02:00:00+00:00,0.0,-0.067437455,-141.14759903547906,141.01268028660934
2025-03-14 03:00:00+00:00,0.0,1.5871036,-139.49307486840212,142.6672044536865
2025-03-14 04:00:00+00:00,0.0,0.54682034,-140.53332309953112,141.62695622255728
2025-03-14 05:00:00+00:00,5.25,0.072821334,-141.0073333918633,141.1529459302251
2025-03-14 06:00:00+00:00,363.0,303.64008,162.55989859499027,444.7201779170789
2025-03-14 07:00:00+00:00,1362.5,1069.9875,928.9074462914332,1211.0677256135218
2025-03-14 08:00:00+00:00,2735.75,2213.1865,2072.1064465570175,2354.266725879106
2025-03-14 09:00:00+00:00,3932.0,3131.1394,2990.0592924052517,3272.2195717273403
2025-03-14 10:00:00+00:00,4597.25,4190.9497,4049.8696045068227,4332.029883828911
2025-03-14 11:00:00+00:00,4594.5,4443.567,4302.486834343836,4584.647113665924
2025-03-14 12:00:00+00:00,3880.75,4353.813,4212.7330120310435,4494.893291353132
2025-03-14 13:00:00+00:00,2847.25,3898.1187,3757.0384667783264,4039.198746100415
2025-03-14 14:00:00+00:00,1970.0,2904.3013,2763.2210831223692,3045.3813624444574
2025-03-14 15:00:00+00:00,1179.0,1609.1919,1468.1117865511192,1750.2720658732078
2025-03-14 16:00:00+00:00,444.75,590.2031,449.12300660679466,731.2832859288832
2025-03-14 17:00:00+00:00,34.5,51.54084,-89.5392640020259,192.62101532006272
2025-03-14 18:00:00+00:00,0.75,-12.179986,-153.2600748033749,128.90020451871374
2025-03-14 19:00:00+00:00,0.0,-0.47954682,-141.55963765745332,140.60064166463508
2025-03-14 20:00:00+00:00,0.0,-0.31951264,-141.3995994680488,140.7606798540396
2025-03-14 21:00:00+00:00,0.0,-3.2028134,-144.28294091032103,137.87733841176737
2025-03-14 22:00:00+00:00,0.0,-2.4701474,-143.55029510293957,138.60998421914883
2025-03-14 23:00:00+00:00,0.0,-3.3752987,-144.45545305478686,137.70482626730154
2025-03-15 00:00:00+00:00,0.0,-0.971124,-142.05129726918085,140.10898205290755
2025-03-15 01:00:00+00:00,0.0,-1.5830624,-142.6631845754364,139.49709474665224
2025-03-15 02:00:00+00:00,0.0,1.6454532,-139.4346861425829,142.72559317950572
2025-03-15 03:00:00+00:00,0.0,0.6753604,-140.40473520107935,141.75554412100928
2025-03-15 04:00:00+00:00,0.0,6.0213075,-135.0588492473819,147.1014300747065
2025-03-15 05:00:00+00:00,5.0,52.3957,-88.6843999753728,193.4758793467156
2025-03-15 06:00:00+00:00,414.75,559.3473,418.26715269350984,700.4274320155982
2025-03-15 07:00:00+00:00,1495.5,1494.0579,1352.977737022772,1635.1380163448607
2025-03-15 08:00:00+00:00,3185.25,2613.974,2472.8938928199696,2755.054172142058
2025-03-15 09:00:00+00:00,4395.25,3921.1765,3780.0964400076314,4062.2567193297195
2025-03-15 10:00:00+00:00,5223.0,4698.554,4557.474115642509,4839.634394964597
2025-03-15 11:00:00+00:00,5836.0,5383.2764,5242.1960492913795,5524.356328613469
2025-03-15 12:00:00+00:00,5660.5,5111.817,4970.736512229209,5252.8967915512985
2025-03-15 13:00:00+00:00,4603.0,4103.958,3962.8778343285785,4245.038113650668
2025-03-15 14:00:00+00:00,3259.5,3276.606,3135.5259117732885,3417.6861910953767
2025-03-15 15:00:00+00:00,1900.5,1845.756,1704.675815846331,1986.8360951684197
2025-03-15 16:00:00+00:00,645.75,672.04395,530.963829554588,813.1241088766765
2025-03-15 17:00:00+00:00,54.25,54.116158,-86.96392308844997,195.19635623363843
2025-03-15 18:00:00+00:00,2.0,3.7122257,-137.36785795023252,144.7924213718561
2025-03-15 19:00:00+00:00,1.5,-1.7570126,-142.8371564380477,139.3231228840409
2025-03-15 20:00:00+00:00,0.0,-2.372125,-143.4522285838932,138.7080507381952
2025-03-15 21:00:00+00:00,0.0,1.6818302,-139.39832589059552,142.7619534314931
2025-03-15 22:00:00+00:00,0.0,5.5855165,-135.49464146463265,146.66563785745598
2025-03-15 23:00:00+00:00,0.0,3.1957462,-137.88433277043328,144.27594655165512
2025-03-16 00:00:00+00:00,0.0,2.2955997,-138.7845807612457,143.3756985608427
2025-03-16 01:00:00+00:00,0.0,2.2064884,-138.87362356812014,143.2866557539685
2025-03-16 02:00:00+00:00,0.0,0.52460355,-140.55548427501253,141.6047950470761
2025-03-16 03:00:00+00:00,0.0,0.009222703,-141.07089748201656,141.08938184007184
2025-03-16 04:00:00+00:00,0.0,8.912177,-132.1679438110832,149.99233551100542
2025-03-16 05:00:00+00:00,16.5,80.8061,-60.274038411540914,221.8862409105477
2025-03-16 06:00:00+00:00,846.75,698.8905,557.8103685288371,839.9706478509256
2025-03-16 07:00:00+00:00,2910.5,1710.4567,1569.3764817033946,1851.5367610254832
2025-03-16 08:00:00+00:00,5311.5,3211.3726,3070.2924348682727,3352.452714190362
2025-03-16 09:00:00+00:00,6996.5,4149.69,4008.609742213277,4290.770021535365
2025-03-16 10:00:00+00:00,7977.25,4876.6255,4735.54539761294,5017.705676935029
2025-03-16 11:00:00+00:00,8159.5,5315.745,5174.664710622079,5456.824989944167
2025-03-16 12:00:00+00:00,7769.0,4994.7495,4853.669240188089,5135.829519510177
2025-03-16 13:00:00+00:00,6964.0,4220.784,4079.703854770746,4361.864134092834
2025-03-16 14:00:00+00:00,5465.5,3314.1572,3173.0770283641177,3455.237307686206
2025-03-16 15:00:00+00:00,3425.75,1993.8765,1852.7962691536754,2134.956548475764
2025-03-16 16:00:00+00:00,1194.0,689.6372,548.5570825029884,830.7173618250769
2025-03-16 17:00:00+00:00,100.0,80.263374,-60.816788158360396,221.34349116372823
2025-03-16 18:00:00+00:00,6.0,-13.362725,-154.44284460616245,127.71743471592595
2025-03-16 19:00:00+00:00,3.75,-0.017510695,-141.09770321523365,141.06257610685498
2025-03-16 20:00:00+00:00,0.0,-1.3842099,-142.46439750435184,139.69588181773656
2025-03-16 21:00:00+00:00,0.0,-4.3289123,-145.40904710873428,136.75123221335434
2025-03-16 22:00:00+00:00,0.0,0.88568753,-140.19440308648063,141.965876235608
2025-03-16 23:00:00+00:00,0.0,-1.426202,-142.50633122562203,139.65394809646637
2025-03-17 00:00:00+00:00,0.0,-3.460992,-144.54117832042152,137.6191010016671
2025-03-17 01:00:00+00:00,0.0,-1.7185605,-142.79867295966687,139.36160636242175
2025-03-17 02:00:00+00:00,0.0,-1.8436825,-142.92381061522929,139.2364687068591
2025-03-17 03:00:00+00:00,0.0,2.8472354,-138.23294000390388,143.92733931818452
2025-03-17 04:00:00+00:00,0.0,10.615302,-130.46485084025653,151.6954284818321
2025-03-17 05:00:00+00:00,30.75,115.548775,-25.5314195326157,256.6288597894729
2025-03-17 06:00:00+00:00,815.2499999999999,910.1399,769.0597501049505,1051.220029427039
2025-03-17 07:00:00+00:00,2463.5,1973.358,1832.2779069187945,2114.438186240883
2025-03-17 08:00:00+00:00,4523.0,2936.0327,2794.9527015721173,3077.112980894206
2025-03-17 09:00:00+00:00,6493.25,3766.0137,3624.9337092090673,3907.093988531156
2025-03-17 10:00:00+00:00,7245.5,4361.006,4219.925441438772,4502.0857207608615
2025-03-17 11:00:00+00:00,7507.5,4756.0586,4614.978517668856,4897.138796990945
2025-03-17 12:00:00+00:00,7431.5,4660.791,4519.710941815636,4801.871221137724
2025-03-17 13:00:00+00:00,7116.75,4304.4756,4163.395600327009,4445.555879649097
2025-03-17 14:00:00+00:00,6002.5,3412.0498,3270.969575547859,3553.129854869948
2025-03-17 15:00:00+00:00,4019.25,2127.5063,1986.4261004308376,2268.586379752926
2025-03-17 16:00:00+00:00,1543.5,798.551,657.4708997900545,939.6311791121432
2025-03-17 17:00:00+00:00,140.0,205.94708,64.86693469223064,347.02721401431904
2025-03-17 18:00:00+00:00,9.5,-2.4633114,-143.54339461716086,138.61688470492754
2025-03-17 19:00:00+00:00,6.5,9.257392,-131.82278682050196,150.33749250158667
2025-03-17 20:00:00+00:00,0.0,8.2427435,-132.8374236332602,149.3228556888282
2025-03-17 21:00:00+00:00,0.0,10.350654,-130.72945792953715,151.43082139255125
2025-03-17 22:00:00+00:00,0.0,11.070624,-130.00955148051617,152.15072784157223
2025-03-17 23:00:00+00:00,0.0,10.74018,-130.33997858799307,151.82030073409533
2025-03-18 00:00:00+00:00,0.0,-3.507867,-144.58802200272635,137.57225731936205
2025-03-18 01:00:00+00:00,0.0,0.4998233,-140.58029948348576,141.57997983860287
2025-03-18 02:00:00+00:00,0.0,8.749946,-132.33023792853055,149.83004139355785
2025-03-18 03:00:00+00:00,0.0,6.7346864,-134.34544517919085,147.81483414289755
2025-03-18 04:00:00+00:00,0.0,8.294013,-132.78606809486928,149.37421122721935
2025-03-18 05:00:00+00:00,55.25,74.5561,-66.52402070388871,215.6362586181997
2025-03-18 06:00:00+00:00,1349.75,1611.3359,1470.255813928118,1752.4160932502066
2025-03-18 07:00:00+00:00,4457.0,3648.6702,3507.5901523335024,3789.750431655591
2025-03-18 08:00:00+00:00,7268.0,5367.3657,5226.285652312243,5508.445931634332
2025-03-18 09:00:00+00:00,7297.5,6978.612,6837.531565005484,7119.691844327574
2025-03-18 10:00:00+00:00,7327.0,7166.5537,7025.4731956723535,7307.6334749944435
2025-03-18 11:00:00+00:00,7356.5,7226.725,7085.644900855441,7367.805180177531
2025-03-18 12:00:00+00:00,7386.0,6921.7427,6780.662538477369,7062.822817799459
2025-03-18 13:00:00+00:00,7415.5,6040.512,5899.431755664156,6181.592034986246
2025-03-18 14:00:00+00:00,7445.0,4239.5186,4098.4384082564375,4380.598687578526
2025-03-18 15:00:00+00:00,4623.5,2391.9058,2250.8257106823926,2532.985990004481
2025-03-18 16:00:00+00:00,1668.0,870.17554,729.095420840931,1011.2557001630196
2025-03-18 17:00:00+00:00,141.49999999999977,121.08381,-19.996301026604215,262.1639782954842
2025-03-18 18:00:00+00:00,0.0,-9.683038,-150.76316056470614,131.3971187573825
2025-03-18 19:00:00+00:00,0.0,-12.377984,-153.45806566456167,128.70221365752673
2025-03-18 20:00:00+00:00,0.0,-8.416192,-149.49639061772837,132.66388870436003
2025-03-18 21:00:00+00:00,0.0,9.438178,-131.64191447211192,150.51836484997648
2025-03-18 22:00:00+00:00,0.0,0.7134463,-140.36664982764728,141.79362949444135
2025-03-18 23:00:00+00:00,0.0,0.7134463,-140.36664982764728,141.79362949444135
