date,wind_onshore_50hz_actual,wind_onshore_50hz_fitted,wind_onshore_50hz_lower,wind_onshore_50hz_upper
2025-03-16 00:00:00+00:00,1640.0,803.6716389276567,-285.40817633918687,1892.7514541945002
2025-03-16 01:00:00+00:00,1135.0,537.7990072519033,-551.2808080149398,1626.8788225187468
2025-03-16 02:00:00+00:00,910.0,194.6311890682905,-894.448626198553,1283.711004335134
2025-03-16 03:00:00+00:00,941.0,99.16711830878967,-989.9126969580539,1188.2469335756332
2025-03-16 04:00:00+00:00,925.5,181.4435569871921,-907.636258279651,1270.5233722540356
2025-03-16 05:00:00+00:00,960.25,499.3657010133493,-589.7141142534947,1588.4455162801928
2025-03-16 06:00:00+00:00,946.5,575.347775553556,-513.7320397132871,1664.4275908203995
2025-03-16 07:00:00+00:00,871.25,710.897510274141,-378.1823049927025,1799.9773255409846
2025-03-16 08:00:00+00:00,635.5,732.2160955322943,-356.8637197345497,1821.2959107991378
2025-03-16 09:00:00+00:00,708.0,495.6116123992051,-593.468202867638,1584.6914276660486
2025-03-16 10:00:00+00:00,1126.5,756.6922861582138,-332.3875291086297,1845.7721014250574
2025-03-16 11:00:00+00:00,1652.25,1429.7220814549673,340.64226618812336,2518.8018967218104
2025-03-16 12:00:00+00:00,2061.75,1519.964313524978,430.88449825813404,2609.0441287918215
2025-03-16 13:00:00+00:00,2385.75,2273.5029766077805,1184.423161340937,3362.5827918746236
2025-03-16 14:00:00+00:00,2759.0,2376.9717381904693,1287.8919229236258,3466.0515534573124
2025-03-16 15:00:00+00:00,3345.75,2338.1113614225956,1249.031546155752,3427.191176689439
2025-03-16 16:00:00+00:00,3417.75,3953.066354905036,2863.986539638193,5042.14617017188
2025-03-16 17:00:00+00:00,3577.25,3490.1650154415674,2401.0852001747244,4579.244830708411
2025-03-16 18:00:00+00:00,4102.75,4417.759138757633,3328.67932349079,5506.838954024477
2025-03-16 19:00:00+00:00,4869.75,5323.472844175665,4234.393028908822,6412.552659442508
2025-03-16 20:00:00+00:00,5397.5,5542.814331563588,4453.734516296744,6631.894146830431
2025-03-16 21:00:00+00:00,5410.75,6594.945811500362,5505.865996233519,7684.025626767206
2025-03-16 22:00:00+00:00,5592.0,5811.949552186107,4722.869736919264,6901.029367452951
2025-03-16 23:00:00+00:00,6090.5,4949.672957121006,3860.5931418541627,6038.75277238785
2025-03-17 00:00:00+00:00,6399.0,5915.554761564099,4826.474946297256,7004.634576830942
2025-03-17 01:00:00+00:00,7130.0,7168.964425815353,6079.88461054851,8258.044241082196
2025-03-17 02:00:00+00:00,7635.75,6063.554728842702,4974.474913575859,7152.6345441095455
2025-03-17 03:00:00+00:00,7281.0,5177.467983534862,4088.388168268018,6266.547798801705
2025-03-17 04:00:00+00:00,6881.5,4770.5937377497185,3681.5139224828745,5859.6735530165615
2025-03-17 05:00:00+00:00,6333.0,4123.517930667932,3034.4381154010885,5212.597745934775
2025-03-17 06:00:00+00:00,5191.25,4150.191132964952,3061.111317698109,5239.270948231796
2025-03-17 07:00:00+00:00,3766.75,4277.642894679659,3188.5630794128147,5366.722709946502
2025-03-17 08:00:00+00:00,4547.0,2307.9996510693672,1218.9198358025237,3397.0794663362108
2025-03-17 09:00:00+00:00,4496.75,2633.0481400556137,1543.9683247887701,3722.127955322457
2025-03-17 10:00:00+00:00,3982.0,2379.392060543233,1290.31224527639,3468.4718758100767
2025-03-17 11:00:00+00:00,2911.0,2204.321809831077,1115.2419945642332,3293.4016250979203
2025-03-17 12:00:00+00:00,2612.25,1691.613034569944,602.5332193031004,2780.692849836787
2025-03-17 13:00:00+00:00,2540.75,2125.8173872620364,1036.7375719951929,3214.89720252888
2025-03-17 14:00:00+00:00,2423.5,2168.6820229987215,1079.602207731878,3257.761838265565
2025-03-17 15:00:00+00:00,2030.75,1880.8600811728688,791.7802659060253,2969.9398964397124
2025-03-17 16:00:00+00:00,1679.0,1231.4295196966782,142.34970442983558,2320.5093349635217
2025-03-17 17:00:00+00:00,1507.25,1011.3395178736228,-77.74029739322123,2100.419333140466
2025-03-17 18:00:00+00:00,1743.0,1683.269853228111,594.190037961268,2772.349668494955
2025-03-17 19:00:00+00:00,1826.5,1513.4134351755883,424.33361990874437,2602.4932504424314
2025-03-17 20:00:00+00:00,1615.0,1137.4677090617097,48.387893794865704,2226.547524328553
2025-03-17 21:00:00+00:00,1211.0,806.2242543851003,-282.85556088174326,1895.3040696519433
2025-03-17 22:00:00+00:00,1049.25,1000.3211753543751,-88.75863991246842,2089.4009906212186
2025-03-17 23:00:00+00:00,1037.0,1099.1029704824323,10.023155215589213,2188.182785749276
2025-03-18 00:00:00+00:00,1101.75,1283.108396204429,194.0285809375855,2372.1882114712726
2025-03-18 01:00:00+00:00,1257.75,1483.2317837487444,394.1519684819009,2572.3115990155875
2025-03-18 02:00:00+00:00,1523.0,1559.4837226741301,470.4039074072866,2648.5635379409737
2025-03-18 03:00:00+00:00,1844.25,2180.803188619574,1091.7233733527305,3269.883003886417
2025-03-18 04:00:00+00:00,2278.5,2697.920205430486,1608.8403901636425,3787.0000206973295
2025-03-18 05:00:00+00:00,2682.25,2890.2287792565367,1801.1489639896931,3979.30859452338
2025-03-18 06:00:00+00:00,2738.5,2897.50205417663,1808.4222389097868,3986.5818694434734
2025-03-18 07:00:00+00:00,2105.25,3074.881943527725,1985.8021282608815,4163.961758794569
2025-03-18 08:00:00+00:00,1132.5,1031.373723346754,-57.70609192008942,2120.4535386135976
2025-03-18 09:00:00+00:00,944.25,1268.0394789035104,178.9596636366664,2357.119294170354
2025-03-18 10:00:00+00:00,947.75,1085.5253889296223,-3.55442633722123,2174.605204196466
2025-03-18 11:00:00+00:00,812.0,1098.678440536029,9.598625269185504,2187.7582558028726
2025-03-18 12:00:00+00:00,666.0,878.0923511946944,-210.98746407214912,1967.172166461538
2025-03-18 13:00:00+00:00,701.5,641.4918602166044,-447.58795505023954,1730.571675483448
2025-03-18 14:00:00+00:00,782.0,749.0367463486132,-340.04306891823035,1838.1165616154567
2025-03-18 15:00:00+00:00,706.25,382.85332347071835,-706.2264917961247,1471.9331387375619
2025-03-18 16:00:00+00:00,600.75,501.21406282091857,-587.865752445925,1590.293878087762
2025-03-18 17:00:00+00:00,617.5,754.3515942495569,-334.72822101728707,1843.4314095164004
2025-03-18 18:00:00+00:00,709.25,803.6091871088893,-285.4706281579547,1892.6890023757323
2025-03-18 19:00:00+00:00,678.5,847.7462405159481,-241.33357475089542,1936.8260557827916
2025-03-18 20:00:00+00:00,654.5,604.4333871397412,-484.6464281271028,1693.5132024065847
2025-03-18 21:00:00+00:00,726.5,518.0083792718956,-571.0714359949479,1607.0881945387387
2025-03-18 22:00:00+00:00,870.75,396.13253166257255,-692.9472836042705,1485.212346929416
2025-03-18 23:00:00+00:00,1106.0,600.3569096996666,-488.7229055671769,1689.4367249665102
2025-03-19 00:00:00+00:00,1496.75,1005.112298473623,-83.96751679322006,2094.1921137404665
2025-03-19 01:00:00+00:00,1764.25,1783.9423812848472,694.8625660180037,2873.0221965516907
2025-03-19 02:00:00+00:00,1925.75,2159.9067356204932,1070.8269203536493,3248.9865508873363
2025-03-19 03:00:00+00:00,1978.0,2171.972788753138,1082.892973486294,3261.052604019981
2025-03-19 04:00:00+00:00,1845.25,2191.639369185344,1102.5595539185006,3280.7191844521876
2025-03-19 05:00:00+00:00,1559.75,1929.2577738680625,840.177958601219,3018.337589134906
2025-03-19 06:00:00+00:00,1265.5,1830.1738545272046,741.0940392603611,2919.2536697940477
2025-03-19 07:00:00+00:00,896.75,1877.5661003314335,788.48628506459,2966.645915598277
2025-03-19 08:00:00+00:00,333.0,1082.7407985529135,-6.339016713929595,2171.820613819757
2025-03-19 09:00:00+00:00,199.50000000000045,489.3457849821225,-599.7340302847206,1578.425600248966
2025-03-19 10:00:00+00:00,195.99999999999955,552.7383890581814,-536.3414262086617,1641.818204325025
2025-03-19 11:00:00+00:00,140.49999999999955,443.5632600717545,-645.5165551950886,1532.643075338598
2025-03-19 12:00:00+00:00,115.74999999999955,392.1402603251113,-696.9395549417322,1481.2200755919548
2025-03-19 13:00:00+00:00,132.50000000000045,504.8035388289827,-584.2762764378613,1593.8833540958262
2025-03-19 14:00:00+00:00,204.99999999999955,658.8593980534611,-430.22041721338155,1747.9392133203046
2025-03-19 15:00:00+00:00,299.74999999999955,553.6649290358478,-535.4148862309958,1642.7447443026913
2025-03-19 16:00:00+00:00,463.25,912.5404998740055,-176.53931539283803,2001.620315140849
2025-03-19 17:00:00+00:00,841.0,1665.1551311143598,576.0753158475163,2754.2349463812034
2025-03-19 18:00:00+00:00,1497.0,2704.0378360905806,1614.9580208237371,3793.1176513574237
2025-03-19 19:00:00+00:00,2294.5,3835.6967731201375,2746.6169578532936,4924.776588386981
2025-03-19 20:00:00+00:00,2862.25,4217.889363510745,3128.8095482439016,5306.969178777588
2025-03-19 21:00:00+00:00,3211.25,4209.936644003549,3120.8568287367057,5299.016459270393
2025-03-19 22:00:00+00:00,3569.75,4457.088996732198,3368.009181465355,5546.168811999041
2025-03-19 23:00:00+00:00,3641.5,4673.8088823114385,3584.7290670445946,5762.888697578282
2025-03-20 00:00:00+00:00,3420.5,3900.817455609922,2811.737640343079,4989.897270876766
2025-03-20 01:00:00+00:00,3171.0,3671.6787596008644,2582.5989443340213,4760.758574867708
2025-03-20 02:00:00+00:00,2909.75,3415.4456272389098,2326.3658119720662,4504.525442505753
2025-03-20 03:00:00+00:00,2744.5,3340.290000056496,2251.210184789653,4429.36981532334
2025-03-20 04:00:00+00:00,2702.75,3416.9157890925526,2327.835973825709,4505.995604359396
2025-03-20 05:00:00+00:00,2730.0,3170.8704143139066,2081.790599047063,4259.95022958075
2025-03-20 06:00:00+00:00,2570.75,3154.6568302541336,2065.5770149872906,4243.736645520977
2025-03-20 07:00:00+00:00,1791.0,3006.577742895968,1917.4979276291251,4095.6575581628117
2025-03-20 08:00:00+00:00,682.25,2049.3837194223,960.3039041554566,3138.4635346891437
2025-03-20 09:00:00+00:00,324.0,757.6279720506727,-331.45184321617035,1846.7077873175162
2025-03-20 10:00:00+00:00,269.49999999999955,424.61249458295106,-664.4673206838925,1513.6923098497941
2025-03-20 11:00:00+00:00,354.75,466.21174347550186,-622.8680717913421,1555.291558742345
2025-03-20 12:00:00+00:00,418.75,446.1638854198877,-642.9159298469558,1535.2437006867308
2025-03-20 13:00:00+00:00,462.49999999999955,435.12233374627203,-653.9574815205715,1524.2021490131156
2025-03-20 14:00:00+00:00,393.74999999999955,407.26292493392157,-681.8168903329215,1496.342740200765
2025-03-20 15:00:00+00:00,271.25000000000045,306.89022680353855,-782.189588463305,1395.970042070382
2025-03-20 16:00:00+00:00,272.50000000000045,371.4178399195298,-717.6619753473133,1460.4976551863733
2025-03-20 17:00:00+00:00,365.49999999999955,914.8689705336405,-174.21084473320298,2003.948785800484
2025-03-20 18:00:00+00:00,563.25,1209.3280319003893,120.24821663354578,2298.407847167233
2025-03-20 19:00:00+00:00,801.5,1690.9931029038357,601.9132876369922,2780.0729181706793
2025-03-20 20:00:00+00:00,959.25,2097.086347679192,1008.0065324123484,3186.1661629460355
2025-03-20 21:00:00+00:00,1074.25,1780.9449431076696,691.8651278408261,2870.024758374513
2025-03-20 22:00:00+00:00,1035.25,1952.7936669518995,863.7138516850564,3041.8734822187434
2025-03-20 23:00:00+00:00,907.5,2734.308601560087,1645.2287862932435,3823.3884168269306
2025-03-21 00:00:00+00:00,782.75,3020.538227047417,1931.4584117805734,4109.6180423142605
2025-03-21 01:00:00+00:00,695.0,2703.1605101757814,1614.0806949089383,3792.240325442625
2025-03-21 02:00:00+00:00,560.5,2310.946169122046,1221.8663538552023,3400.0259843888894
2025-03-21 03:00:00+00:00,419.74999999999955,1621.2272828603436,532.1474675935001,2710.3070981271867
2025-03-21 04:00:00+00:00,340.25,1099.8021253707998,10.72231010395626,2188.8819406376433
2025-03-21 05:00:00+00:00,318.99999999999955,629.4092096526142,-459.6706056142284,1718.4890249194577
2025-03-21 06:00:00+00:00,343.5,638.7425367472397,-450.3372785196043,1727.8223520140832
2025-03-21 07:00:00+00:00,378.00000000000045,1200.7252485747772,111.64543330793322,2289.8050638416207
2025-03-21 08:00:00+00:00,338.0,1079.3640486196746,-9.715766647168493,2168.4438638865176
2025-03-21 09:00:00+00:00,304.49999999999955,611.962494103554,-477.1173211632895,1701.0423093703976
2025-03-21 10:00:00+00:00,668.0,590.8332929320745,-498.2465223347681,1679.913108198918
2025-03-21 11:00:00+00:00,1064.75,964.2499124193905,-124.82990284745301,2053.329727686234
2025-03-21 12:00:00+00:00,1175.75,1732.775748818387,643.6959335515435,2821.8555640852305
2025-03-21 13:00:00+00:00,1561.75,2162.6610153418687,1073.5812000750257,3251.7408306087123
2025-03-21 14:00:00+00:00,2891.25,2838.4795883934457,1749.3997731266022,3927.5594036602893
2025-03-21 15:00:00+00:00,4510.0,3904.3749436507333,2815.29512838389,4993.454758917577
2025-03-21 16:00:00+00:00,5618.75,4849.041587505938,3759.961772239094,5938.121402772781
2025-03-21 17:00:00+00:00,7120.25,5753.747766952727,4664.667951685884,6842.827582219571
2025-03-21 18:00:00+00:00,9188.75,5987.385245674144,4898.3054304073,7076.465060940987
2025-03-21 19:00:00+00:00,10117.0,8129.837783377108,7040.757968110264,9218.917598643951
2025-03-21 20:00:00+00:00,10706.25,8820.530802005307,7731.450986738464,9909.610617272152
2025-03-21 21:00:00+00:00,10468.75,9161.69909781487,8072.619282548027,10250.778913081715
2025-03-21 22:00:00+00:00,10496.75,9221.342490381026,8132.2626751141825,10310.42230564787
2025-03-21 23:00:00+00:00,10250.75,9421.479964726921,8332.400149460078,10510.559779993764
2025-03-22 00:00:00+00:00,10171.25,8802.616105034567,7713.536289767724,9891.69592030141
2025-03-22 01:00:00+00:00,10177.25,8907.397588589507,7818.317773322664,9996.477403856352
2025-03-22 02:00:00+00:00,10351.0,9025.307841762497,7936.228026495653,10114.38765702934
2025-03-22 03:00:00+00:00,10400.5,9220.556766922458,8131.476951655615,10309.636582189301
2025-03-22 04:00:00+00:00,10523.5,9837.650354810921,8748.570539544076,10926.730170077764
2025-03-22 05:00:00+00:00,10471.0,9857.110270331154,8768.03045506431,10946.190085597998
2025-03-22 06:00:00+00:00,9866.5,9686.248089780789,8597.168274513946,10775.327905047634
2025-03-22 07:00:00+00:00,8147.75,8920.728567707185,7831.64875244034,10009.808382974028
2025-03-22 08:00:00+00:00,6508.0,7559.585411409,6470.505596142156,8648.665226675843
2025-03-22 09:00:00+00:00,5860.75,7095.515369928802,6006.435554661959,8184.595185195646
2025-03-22 10:00:00+00:00,4918.25,6818.168110954397,5729.088295687553,7907.24792622124
2025-03-22 11:00:00+00:00,4691.25,6746.891005939922,5657.811190673079,7835.970821206765
2025-03-22 12:00:00+00:00,4982.0,8004.5767792588795,6915.496963992036,9093.656594525723
2025-03-22 13:00:00+00:00,6079.0,8810.29038006262,7721.210564795778,9899.370195329464
2025-03-22 14:00:00+00:00,8263.0,9175.702101005321,8086.622285738477,10264.781916272164
2025-03-22 15:00:00+00:00,9741.5,9590.538559778524,8501.458744511681,10679.618375045367
2025-03-22 16:00:00+00:00,10686.5,9302.273159537606,8213.193344270761,10391.35297480445
2025-03-22 17:00:00+00:00,11267.75,10352.048493470873,9262.96867820403,11441.128308737716
2025-03-22 18:00:00+00:00,11558.75,10126.48160725131,9037.401791984466,11215.561422518153
2025-03-22 19:00:00+00:00,11945.25,10218.154518250298,9129.074702983455,11307.234333517143
2025-03-22 20:00:00+00:00,11558.25,10455.830760722878,9366.750945456035,11544.910575989723
2025-03-22 21:00:00+00:00,11087.25,10421.039963594938,9331.960148328093,11510.11977886178
2025-03-22 22:00:00+00:00,10675.25,9555.27349086171,8466.193675594866,10644.353306128553
2025-03-22 23:00:00+00:00,10336.5,9359.172768705925,8270.092953439082,10448.252583972768
2025-03-23 00:00:00+00:00,9711.75,9562.84654901849,8473.766733751645,10651.926364285333
2025-03-23 01:00:00+00:00,9419.5,9494.325751238473,8405.24593597163,10583.405566505317
2025-03-23 02:00:00+00:00,9036.5,9437.979246869258,8348.899431602415,10527.0590621361
2025-03-23 03:00:00+00:00,8527.75,9086.11271042915,7997.032895162307,10175.192525695995
2025-03-23 04:00:00+00:00,8326.5,9111.994549300864,8022.91473403402,10201.074364567707
2025-03-23 05:00:00+00:00,8255.5,8697.124507797482,7608.044692530638,9786.204323064325
2025-03-23 06:00:00+00:00,7128.25,8888.84901359932,7799.769198332478,9977.928828866165
2025-03-23 07:00:00+00:00,5686.25,7752.579856181789,6663.500040914945,8841.659671448633
2025-03-23 08:00:00+00:00,4622.0,5691.476311099475,4602.396495832631,6780.5561263663185
2025-03-23 09:00:00+00:00,3685.0,4446.324252385648,3357.244437118804,5535.404067652491
2025-03-23 10:00:00+00:00,3031.75,3701.200722092429,2612.1209068255857,4790.280537359273
2025-03-23 11:00:00+00:00,2883.75,3470.994874186371,2381.915058919528,4560.074689453215
2025-03-23 12:00:00+00:00,2781.75,3329.0550298963544,2239.9752146295114,4418.134845163198
2025-03-23 13:00:00+00:00,2583.5,3217.292693506258,2128.2128782394143,4306.372508773101
2025-03-23 14:00:00+00:00,2931.5,2217.1025481312686,1128.022732864425,3306.182363398112
2025-03-23 15:00:00+00:00,2733.0,2117.9786152967063,1028.8988000298627,3207.0584305635493
2025-03-23 16:00:00+00:00,2376.0,1951.536516035124,862.4567007682804,3040.616331301967
2025-03-23 17:00:00+00:00,1972.25,2664.8771460282633,1575.7973307614193,3753.9569612951063
2025-03-23 18:00:00+00:00,1577.0,3112.959657133308,2023.8798418664646,4202.039472400152
2025-03-23 19:00:00+00:00,1275.25,2649.3788200054923,1560.2990047386488,3738.4586352723354
2025-03-23 20:00:00+00:00,1065.75,2512.870141944826,1423.7903266779826,3601.9499572116697
2025-03-23 21:00:00+00:00,880.25,2291.7870966209384,1202.707281354095,3380.866911887782
2025-03-23 22:00:00+00:00,704.5,1686.365929807976,597.2861145411325,2775.4457450748196
2025-03-23 23:00:00+00:00,511.5,1281.8353216907717,192.75550642392864,2370.9151369576152
2025-03-24 00:00:00+00:00,405.5,684.7044584053451,-404.3753568614984,1773.7842736721886
2025-03-24 01:00:00+00:00,427.25,628.0951470758373,-460.98466819100577,1717.1749623426808
2025-03-24 02:00:00+00:00,394.25000000000045,708.2160347141939,-380.8637805526496,1797.295849981037
2025-03-24 03:00:00+00:00,309.5,728.901034886333,-360.17878038051003,1817.9808501531766
2025-03-24 04:00:00+00:00,265.0,738.6241812677731,-350.4556339990704,1827.7039965346166
2025-03-24 05:00:00+00:00,201.5,545.3832424458847,-543.6965728209589,1634.4630577127282
2025-03-24 06:00:00+00:00,187.49999999999955,407.0027128144093,-682.0771024524338,1496.0825280812528
2025-03-24 07:00:00+00:00,122.5,342.4166578221975,-746.6631574446455,1431.496473089041
2025-03-24 08:00:00+00:00,31.0,291.3862120780609,-797.6936031887826,1380.4660273449044
2025-03-24 09:00:00+00:00,20.75,276.6939167921728,-812.3858984746703,1365.7737320590163
2025-03-24 10:00:00+00:00,28.0,303.3975006446535,-785.6823146221896,1392.477315911497
2025-03-24 11:00:00+00:00,40.250000000000455,309.0741769565416,-780.005638310302,1398.1539922233846
2025-03-24 12:00:00+00:00,61.25,397.7385924394107,-691.3412228274328,1486.8184077062542
2025-03-24 13:00:00+00:00,113.0,344.60431519984786,-744.4755000669957,1433.6841304666914
2025-03-24 14:00:00+00:00,182.74999999999955,247.83912395844527,-841.2406913083978,1336.9189392252888
2025-03-24 15:00:00+00:00,274.5,293.1331879490431,-795.9466273178004,1382.2130032158866
2025-03-24 16:00:00+00:00,337.74999999999955,483.1288980905242,-605.9509171763193,1572.2087133573673
2025-03-24 17:00:00+00:00,342.0,313.9687135365011,-775.1111017303419,1403.0485288033447
2025-03-24 18:00:00+00:00,345.49999999999955,447.34971502454755,-641.7301002422955,1536.429530291391
2025-03-24 19:00:00+00:00,345.49999999999955,1225.544113462362,136.46429819551895,2314.6239287292055
2025-03-24 20:00:00+00:00,423.25000000000045,1389.2841264196745,300.20431115283145,2478.363941686518
2025-03-24 21:00:00+00:00,545.5,919.1000901440802,-169.97972512276283,2008.1799054109238
2025-03-24 22:00:00+00:00,707.0,771.4045741716673,-317.6752410951758,1860.4843894385108
2025-03-24 23:00:00+00:00,918.0,684.0658349858131,-405.01398028103085,1773.1456502526567
2025-03-25 00:00:00+00:00,1022.0,1120.9352537982077,31.855438531364598,2210.015069065051
2025-03-25 01:00:00+00:00,1230.0,933.2881537612529,-155.79166150559104,2022.367969028096
2025-03-25 02:00:00+00:00,1372.5,1776.77066591422,687.6908506473765,2865.8504811810635
2025-03-25 03:00:00+00:00,1454.75,2184.744796157056,1095.664980890213,3273.8246114239
2025-03-25 04:00:00+00:00,1553.25,2186.918837208207,1097.839021941364,3275.9986524750507
2025-03-25 05:00:00+00:00,1761.5,2324.380169240161,1235.3003539733177,3413.4599845070043
2025-03-25 06:00:00+00:00,1855.25,2668.427393172907,1579.3475779060636,3757.5072084397507
2025-03-25 07:00:00+00:00,1496.25,1553.5301529051603,464.4503376383168,2642.609968172004
2025-03-25 08:00:00+00:00,1230.75,823.0842777194548,-265.99553754738827,1912.1640929862983
2025-03-25 09:00:00+00:00,1297.75,740.4029861225426,-348.6768291443004,1829.4828013893862
2025-03-25 10:00:00+00:00,1450.0,844.8359850499478,-244.24383021689482,1933.9158003167913
2025-03-25 11:00:00+00:00,1591.0,1096.9973260670868,7.9175108002427805,2186.07714133393
2025-03-25 12:00:00+00:00,1763.0,1434.3294981729514,345.24968290610786,2523.4093134397945
2025-03-25 13:00:00+00:00,2014.5,1135.8022783254523,46.722463058609264,2224.882093592296
2025-03-25 14:00:00+00:00,2106.25,1116.0166423741407,26.936827107297177,2205.096457640984
2025-03-25 15:00:00+00:00,2092.5,1439.9751268166892,350.89531154984616,2529.054942083533
2025-03-25 16:00:00+00:00,1826.0,1866.1154146732338,777.0355994063902,2955.1952299400773
2025-03-25 17:00:00+00:00,1889.75,2024.203259578761,935.1234443119174,3113.2830748456045
2025-03-25 18:00:00+00:00,2231.25,2010.3833044148691,921.3034891480256,3099.4631196817127
2025-03-25 19:00:00+00:00,2452.75,2119.326783723418,1030.2469684565745,3208.4065989902615
2025-03-25 20:00:00+00:00,2580.25,2525.4732288317164,1436.3934135648733,3614.5530440985603
2025-03-25 21:00:00+00:00,2590.0,2492.8271330967837,1403.7473178299397,3581.9069483636267
2025-03-25 22:00:00+00:00,2476.0,3246.0383278030495,2156.958512536206,4335.118143069893
2025-03-25 23:00:00+00:00,2375.0,3099.52969423414,2010.449878967297,4188.609509500984
2025-03-26 00:00:00+00:00,2359.5,2982.0971244684215,1893.017309201578,4071.176939735265
2025-03-26 01:00:00+00:00,2484.25,3007.1712762795214,1918.0914610126779,4096.251091546365
2025-03-26 02:00:00+00:00,2505.5,2617.94099664594,1528.8611813790967,3707.0208119127833
2025-03-26 03:00:00+00:00,2532.5,2556.2705774234996,1467.190762156656,3645.350392690343
2025-03-26 04:00:00+00:00,2639.25,2920.3011745240756,1831.221359257232,4009.380989790919
2025-03-26 05:00:00+00:00,2725.0,2813.2790518124066,1724.199236545563,3902.3588670792496
2025-03-26 06:00:00+00:00,2753.25,3462.992408628045,2373.9125933612013,4552.072223894888
2025-03-26 07:00:00+00:00,2791.0,3934.187500582671,2845.1076853158274,5023.2673158495145
2025-03-26 08:00:00+00:00,3012.0,4097.4692522391615,3008.389436972318,5186.549067506005
2025-03-26 09:00:00+00:00,3107.0,4118.406920581052,3029.327105314209,5207.486735847895
2025-03-26 10:00:00+00:00,3233.5,4046.3351796576526,2957.2553643908095,5135.414994924497
2025-03-26 11:00:00+00:00,3495.0,3524.1354323808805,2435.055617114037,4613.215247647724
2025-03-26 12:00:00+00:00,3528.25,4078.221365121231,2989.1415498543874,5167.3011803880745
2025-03-26 13:00:00+00:00,3167.25,3908.392424972109,2819.3126097052655,4997.4722402389525
2025-03-26 14:00:00+00:00,2679.5,3336.8563432948567,2247.7765280280137,4425.936158561701
2025-03-26 15:00:00+00:00,2247.75,3275.7846311610365,2186.7048158941925,4364.86444642788
2025-03-26 16:00:00+00:00,1780.75,2423.188956041049,1334.109140774206,3512.2687713078926
2025-03-26 17:00:00+00:00,1713.25,1468.350197505476,379.27038223863246,2557.430012772319
2025-03-26 18:00:00+00:00,2121.75,1958.5648241046347,869.4850088377912,3047.6446393714778
2025-03-26 19:00:00+00:00,2693.25,3171.5181987517267,2082.438383484883,4260.59801401857
2025-03-26 20:00:00+00:00,3043.5,4479.403865595257,3390.324050328414,5568.483680862101
2025-03-26 21:00:00+00:00,3227.5,3333.843729849052,2244.7639145822086,4422.923545115896
2025-03-26 22:00:00+00:00,3065.25,3602.3819458046964,2513.302130537853,4691.4617610715395
2025-03-26 23:00:00+00:00,2902.25,2805.486658473763,1716.4068432069193,3894.5664737406064
2025-03-27 00:00:00+00:00,2699.75,2619.999366548842,1530.9195512819983,3709.0791818156854
2025-03-27 01:00:00+00:00,2473.25,2051.05939599365,961.9795807268065,3140.1392112604935
2025-03-27 02:00:00+00:00,2146.75,1810.266356318045,721.1865410512014,2899.346171584888
2025-03-27 03:00:00+00:00,1791.75,1867.3466296208935,778.26681435405,2956.4264448877366
2025-03-27 04:00:00+00:00,1356.25,1968.8874022692244,879.8075870023808,3057.967217536068
2025-03-27 05:00:00+00:00,864.5,1556.4138765585294,467.3340612916859,2645.4936918253725
2025-03-27 06:00:00+00:00,419.5,1439.5011350204259,350.42131975358234,2528.5809502872694
2025-03-27 07:00:00+00:00,228.75,747.7109796210566,-341.36883564578693,1836.7907948879001
2025-03-27 08:00:00+00:00,175.49999999999955,462.72692741840956,-626.352887848434,1551.806742685253
2025-03-27 09:00:00+00:00,153.5,369.3620587268706,-719.7177565399734,1458.4418739937137
2025-03-27 10:00:00+00:00,147.74999999999955,200.15778519087462,-888.9220300759689,1289.2376004577181
2025-03-27 11:00:00+00:00,153.25,232.42892877410304,-856.6508864927409,1321.508744040946
2025-03-27 12:00:00+00:00,188.5,205.8645387333804,-883.2152765334631,1294.944354000224
2025-03-27 13:00:00+00:00,251.49999999999955,248.1611570111986,-840.9186582556449,1337.2409722780421
2025-03-27 14:00:00+00:00,280.5,256.7124056319576,-832.3674096348859,1345.7922208988011
2025-03-27 15:00:00+00:00,294.75000000000045,276.4704161487389,-812.6093991181042,1365.5502314155824
2025-03-27 16:00:00+00:00,329.75000000000045,279.0192674120999,-810.0605478547432,1368.0990826789434
2025-03-27 17:00:00+00:00,711.5,763.3823857512066,-325.69742951563694,1852.4622010180497
2025-03-27 18:00:00+00:00,1433.0,1310.876466457275,221.79665119043102,2399.9562817241185
2025-03-27 19:00:00+00:00,1971.25,1563.6339504312964,474.5541351644533,2652.71376569814
2025-03-27 20:00:00+00:00,2226.25,2470.0953211328506,1381.015505866007,3559.1751363996937
2025-03-27 21:00:00+00:00,2270.75,2837.5848574973907,1748.5050422305467,3926.664672764234
2025-03-27 22:00:00+00:00,2302.5,3037.02554016044,1947.9457248935964,4126.105355427284
2025-03-27 23:00:00+00:00,2255.75,2874.1719627989396,1785.092147532096,3963.2517780657827
2025-03-28 00:00:00+00:00,2102.75,3187.5991701807243,2098.5193549138808,4276.678985447567
2025-03-28 01:00:00+00:00,1923.75,2636.6443738505095,1547.5645585836664,3725.724189117353
2025-03-28 02:00:00+00:00,1855.25,2408.638188358771,1319.5583730919275,3497.718003625614
2025-03-28 03:00:00+00:00,1939.5,2628.260724411666,1539.1809091448226,3717.3405396785097
2025-03-28 04:00:00+00:00,2125.0,3603.3842118473763,2514.3043965805327,4692.46402711422
2025-03-28 05:00:00+00:00,2237.25,3724.3575678743464,2635.2777526075033,4813.43738314119
2025-03-28 06:00:00+00:00,2129.75,4090.1706530104584,3001.090837743615,5179.2504682773015
2025-03-28 07:00:00+00:00,1466.5,2925.991962935417,1836.912147668574,4015.0717782022607
2025-03-28 08:00:00+00:00,891.5,1728.8634118433279,639.7835965764843,2817.9432271101714
2025-03-28 09:00:00+00:00,924.0,1304.2989908160434,215.21917554919992,2393.378806082887
2025-03-28 10:00:00+00:00,809.5,1228.9733091277744,139.8934938609309,2318.053124394618
2025-03-28 11:00:00+00:00,683.75,1077.8099497748462,-11.269865491997734,2166.8897650416898
2025-03-28 12:00:00+00:00,578.75,844.234233065733,-244.84558220111103,1933.314048332576
2025-03-28 13:00:00+00:00,538.5,841.9779021774962,-247.10191308934736,1931.0577174443397
2025-03-28 14:00:00+00:00,753.5,804.4265893109396,-284.6532259559044,1893.506404577783
2025-03-28 15:00:00+00:00,925.0,784.1317059981347,-304.9481092687083,1873.2115212649783
2025-03-28 16:00:00+00:00,1187.75,909.1114628893183,-179.96835237752475,1998.1912781561618
2025-03-28 17:00:00+00:00,1814.5,1696.8336749855303,607.7538597186867,2785.913490252374
2025-03-28 18:00:00+00:00,2927.75,2841.4223265944524,1752.3425113276094,3930.502141861296
2025-03-28 19:00:00+00:00,3630.25,3960.6186499278438,2871.538834661,5049.698465194687
2025-03-28 20:00:00+00:00,3501.25,4164.567166933714,3075.487351666871,5253.646982200557
2025-03-28 21:00:00+00:00,2790.25,2877.8286073532463,1788.7487920864023,3966.90842262009
2025-03-28 22:00:00+00:00,2154.25,2543.9047461346863,1454.8249308678428,3632.98456140153
2025-03-28 23:00:00+00:00,1432.5,1754.6302522496649,665.5504369828218,2843.7100675165084
2025-03-29 00:00:00+00:00,1161.25,1015.7584875159814,-73.3213277508612,2104.838302782825
2025-03-29 01:00:00+00:00,1243.25,740.3261986671191,-348.7536165997244,1829.4060139339626
2025-03-29 02:00:00+00:00,1860.75,656.9252289201936,-432.15458634665083,1746.0050441870367
2025-03-29 03:00:00+00:00,3030.25,1207.3762842020983,118.29646893525523,2296.456099468942
2025-03-29 04:00:00+00:00,3846.0,1857.0095853479665,767.929770081123,2946.08940061481
2025-03-29 05:00:00+00:00,3895.25,2931.128619378718,1842.0488041118747,4020.2084346455617
2025-03-29 06:00:00+00:00,3853.25,3352.3026232650045,2263.222807998161,4441.3824385318485
2025-03-29 07:00:00+00:00,3998.0,3684.0866764985763,2595.0068612317327,4773.16649176542
2025-03-29 08:00:00+00:00,4414.0,3424.956440199005,2335.8766249321616,4514.036255465849
2025-03-29 09:00:00+00:00,4359.0,3502.9316014947017,2413.8517862278586,4592.011416761545
2025-03-29 10:00:00+00:00,4275.75,3362.0661289132763,2272.986313646433,4451.14594418012
2025-03-29 11:00:00+00:00,4561.0,3909.7864112285306,2820.706595961687,4998.866226495374
2025-03-29 12:00:00+00:00,4013.75,4665.113158082611,3576.033342815768,5754.192973349454
2025-03-29 13:00:00+00:00,4001.0,5100.036267039501,4010.9564517726576,6189.116082306344
2025-03-29 14:00:00+00:00,5070.5,5871.595231106593,4782.515415839749,6960.675046373436
2025-03-29 15:00:00+00:00,6100.5,6267.772183727853,5178.69236846101,7356.851998994697
2025-03-29 16:00:00+00:00,5432.0,4778.27184038741,3689.1920251205665,5867.351655654254
2025-03-29 17:00:00+00:00,4117.5,4050.3375142433833,2961.25769897654,5139.417329510226
2025-03-29 18:00:00+00:00,3535.25,3266.876820245561,2177.7970049787173,4355.956635512404
2025-03-29 19:00:00+00:00,3223.0,2806.642728688478,1717.5629134216347,3895.7225439553213
2025-03-29 20:00:00+00:00,2810.25,2433.3473923707143,1344.2675771038707,3522.4272076375573
2025-03-29 21:00:00+00:00,2596.25,3004.2613454416633,1915.1815301748197,4093.3411607085063
2025-03-29 22:00:00+00:00,2052.75,1988.3368238085131,899.2570085416696,3077.4166390753567
2025-03-29 23:00:00+00:00,1780.5,2379.832793269896,1290.7529780030522,3468.9126085367393
2025-03-30 00:00:00+00:00,2003.0,2196.390627573669,1107.3108123068255,3285.4704428405125
2025-03-30 01:00:00+00:00,2568.5,2015.4114689504308,926.3316536835873,3104.491284217274
2025-03-30 02:00:00+00:00,3850.0,2620.06817784383,1530.9883625769862,3709.1479931106733
2025-03-30 03:00:00+00:00,4995.25,4065.2179736414614,2976.138158374618,5154.297788908305
2025-03-30 04:00:00+00:00,6279.25,5677.651779189628,4588.571963922785,6766.731594456471
2025-03-30 05:00:00+00:00,7711.0,7102.085192772194,6013.005377505351,8191.165008039037
2025-03-30 06:00:00+00:00,8663.25,7657.556651440411,6568.476836173567,8746.636466707254
2025-03-30 07:00:00+00:00,8446.25,8249.651828719325,7160.572013452482,9338.731643986168
2025-03-30 08:00:00+00:00,8328.25,8843.599842357971,7754.520027091128,9932.679657624816
2025-03-30 09:00:00+00:00,8908.5,10232.82677516653,9143.746959899687,11321.906590433373
2025-03-30 10:00:00+00:00,8871.25,6311.249105480334,5222.169290213491,7400.328920747177
2025-03-30 11:00:00+00:00,7460.25,7618.024114275167,6528.9442990083235,8707.10392954201
2025-03-30 12:00:00+00:00,6961.5,8235.257825164072,7146.178009897229,9324.337640430917
2025-03-30 13:00:00+00:00,7428.0,7896.091105039358,6807.011289772514,8985.170920306202
2025-03-30 14:00:00+00:00,8693.75,8031.134855954704,6942.055040687861,9120.214671221547
2025-03-30 15:00:00+00:00,9914.5,10655.621810637425,9566.541995370582,11744.70162590427
2025-03-30 16:00:00+00:00,10522.0,11179.801818096876,10090.722002830033,12268.881633363719
2025-03-30 17:00:00+00:00,10067.0,11447.120733720443,10358.0409184536,12536.200548987286
2025-03-30 18:00:00+00:00,10265.0,9671.084914496223,8582.005099229378,10760.164729763066
2025-03-30 19:00:00+00:00,9658.25,8723.961027471047,7634.881212204202,9813.04084273789
2025-03-30 20:00:00+00:00,8559.5,9350.35191623935,8261.272100972506,10439.431731506193
2025-03-30 21:00:00+00:00,8075.5,8653.137418443936,7564.057603177092,9742.217233710779
2025-03-30 22:00:00+00:00,7611.0,8144.6815707418045,7055.6017554749615,9233.761386008648
2025-03-30 23:00:00+00:00,7308.5,6753.403494373193,5664.32367910635,7842.483309640036
2025-03-31 00:00:00+00:00,7195.5,6276.875099855808,5187.795284588964,7365.954915122651
2025-03-31 01:00:00+00:00,6786.75,6380.379871589534,5291.300056322691,7469.459686856377
2025-03-31 02:00:00+00:00,6560.0,6549.485898484325,5460.406083217481,7638.565713751168
2025-03-31 03:00:00+00:00,6498.75,6791.407460877277,5702.327645610433,7880.48727614412
2025-03-31 04:00:00+00:00,6440.5,5846.585756329921,4757.505941063077,6935.6655715967645
2025-03-31 05:00:00+00:00,6363.5,6009.5825064218025,4920.502691154959,7098.662321688646
2025-03-31 06:00:00+00:00,6218.75,6351.839269215913,5262.75945394907,7440.919084482757
2025-03-31 07:00:00+00:00,6314.75,7076.503923543042,5987.424108276199,8165.583738809886
2025-03-31 08:00:00+00:00,6424.5,6528.227094332975,5439.147279066131,7617.306909599818
2025-03-31 09:00:00+00:00,6086.0,7142.228226847368,6053.148411580524,8231.308042114211
2025-03-31 10:00:00+00:00,5712.25,6726.40314645555,5637.323331188707,7815.482961722393
2025-03-31 11:00:00+00:00,5563.0,5709.5140825579065,4620.4342672910625,6798.59389782475
2025-03-31 12:00:00+00:00,5650.0,6150.654893039244,5061.575077772401,7239.734708306088
2025-03-31 13:00:00+00:00,5712.0,5968.058990079939,4878.979174813096,7057.138805346782
2025-03-31 14:00:00+00:00,5612.75,6174.034021085812,5084.954205818969,7263.113836352656
2025-03-31 15:00:00+00:00,5054.0,6372.294366055123,5283.21455078828,7461.374181321967
2025-03-31 16:00:00+00:00,4199.5,5480.980721020049,4391.900905753205,6570.060536286892
2025-03-31 17:00:00+00:00,3510.25,4138.237925812882,3049.158110546039,5227.317741079726
2025-03-31 18:00:00+00:00,3175.75,3181.4008191341586,2092.321003867315,4270.480634401002
2025-03-31 19:00:00+00:00,2878.5,3110.8342647932836,2021.75444952644,4199.914080060127
2025-03-31 20:00:00+00:00,2664.5,2845.707719750762,1756.6279044839184,3934.7875350176055
2025-03-31 21:00:00+00:00,2371.75,2639.447474618493,1550.3676593516493,3728.5272898853364
2025-03-31 22:00:00+00:00,2283.75,2322.56519250209,1233.4853772352467,3411.6450077689337
2025-03-31 23:00:00+00:00,2244.75,1847.5033653643568,758.4235500975133,2936.5831806312003
2025-04-01 00:00:00+00:00,2155.75,1808.9690832204265,719.8892679535834,2898.04889848727
2025-04-01 01:00:00+00:00,2138.5,1808.206510917004,719.1266956501604,2897.2863261838475
2025-04-01 02:00:00+00:00,2050.75,1508.892346919486,419.8125316526425,2597.972162186329
2025-04-01 03:00:00+00:00,2143.0,1628.2071994319808,539.1273841651373,2717.2870146988244
2025-04-01 04:00:00+00:00,2291.0,1445.3752261766917,356.2954109098482,2534.4550414435353
2025-04-01 05:00:00+00:00,2146.5,1083.9181364495212,-5.161678817322354,2172.9979517163647
2025-04-01 06:00:00+00:00,1694.25,1280.8363593257786,191.75654405893556,2369.916174592622
2025-04-01 07:00:00+00:00,1039.5,463.8945656529836,-625.1852496138599,1552.9743809198271
2025-04-01 08:00:00+00:00,1125.25,193.08659351639972,-895.9932217504438,1282.1664087832432
2025-04-01 09:00:00+00:00,1614.0,348.8255156325986,-740.2542996342445,1437.905330899442
2025-04-01 10:00:00+00:00,2321.25,1022.2280403294217,-66.8517749374223,2111.3078555962647
2025-04-01 11:00:00+00:00,2934.0,2391.6403199361794,1302.5605046693363,3480.720135203023
2025-04-01 12:00:00+00:00,3126.5,2761.230695062491,1672.1508797956476,3850.3105103293346
2025-04-01 13:00:00+00:00,2984.0,2453.920206350296,1364.8403910834531,3543.0000216171397
2025-04-01 14:00:00+00:00,2968.25,2790.2710629934118,1701.1912477265682,3879.350878260255
2025-04-01 15:00:00+00:00,3148.0,3008.1336274977048,1919.0538122308608,4097.213442764548
2025-04-01 16:00:00+00:00,3043.5,2891.7050801714713,1802.6252649046278,3980.7848954383153
2025-04-01 17:00:00+00:00,3296.25,3152.952942600319,2063.873127333476,4242.032757867162
2025-04-01 18:00:00+00:00,4261.25,4053.5670824158824,2964.487267149039,5142.6468976827255
2025-04-01 19:00:00+00:00,5333.75,5097.694538075317,4008.6147228084733,6186.77435334216
2025-04-01 20:00:00+00:00,5763.75,5124.0497597504755,4034.9699444836324,6213.129575017319
2025-04-01 21:00:00+00:00,5495.5,3882.114761132267,2793.0349458654237,4971.194576399111
2025-04-01 22:00:00+00:00,4918.5,3207.1382202467876,2118.058404979944,4296.218035513631
2025-04-01 23:00:00+00:00,4326.25,2745.7990813540155,1656.719266087172,3834.878896620859
2025-04-02 00:00:00+00:00,3747.0,1977.6060002354156,888.5261849685721,3066.685815502259
2025-04-02 01:00:00+00:00,3306.75,2159.843469160059,1070.7636538932156,3248.9232844269027
2025-04-02 02:00:00+00:00,2950.25,2261.5425194924683,1172.4627042256252,3350.6223347593123
2025-04-02 03:00:00+00:00,2770.5,2150.3918074472367,1061.3119921803932,3239.4716227140802
2025-04-02 04:00:00+00:00,2532.5,2061.8986340411384,972.8188187742949,3150.978449307982
2025-04-02 05:00:00+00:00,2213.5,2090.9696012002873,1001.8897859334438,3180.049416467131
2025-04-02 06:00:00+00:00,1702.25,1834.7868542609158,745.7070389940723,2923.8666695277593
2025-04-02 07:00:00+00:00,1118.0,1271.0931084028289,182.01329313598535,2360.1729236696724
2025-04-02 08:00:00+00:00,1003.0,1060.4620867357644,-28.617728531078683,2149.541902002608
2025-04-02 09:00:00+00:00,1032.75,1116.4069077606841,27.32709249384061,2205.4867230275277
2025-04-02 10:00:00+00:00,1084.5,1391.0923416163055,302.0125263494624,2480.172156883149
2025-04-02 11:00:00+00:00,1214.25,2097.3156429448436,1008.2358276780001,3186.3954582116867
2025-04-02 12:00:00+00:00,2015.5,2836.5946080492913,1747.5147927824478,3925.6744233161344
2025-04-02 13:00:00+00:00,3073.5,2920.9536485579183,1831.8738332910752,4010.033463824762
2025-04-02 14:00:00+00:00,3957.25,3011.8584564739076,1922.7786412070645,4100.938271740752
2025-04-02 15:00:00+00:00,4618.25,3826.6991979903787,2737.619382723535,4915.779013257222
2025-04-02 16:00:00+00:00,4928.75,3906.4935507828254,2817.413735515982,4995.573366049669
2025-04-02 17:00:00+00:00,5537.5,5165.833121900682,4076.753306633839,6254.912937167526
2025-04-02 18:00:00+00:00,6436.75,6394.767441748592,5305.687626481748,7483.847257015435
2025-04-02 19:00:00+00:00,7157.25,6273.138092877212,5184.058277610368,7362.217908144055
2025-04-02 20:00:00+00:00,7134.0,5098.060273147832,4008.9804578809885,6187.140088414675
2025-04-02 21:00:00+00:00,6856.25,4091.6041832843316,3002.524368017488,5180.683998551175
2025-04-02 22:00:00+00:00,6328.75,4399.429819197693,3310.3500039308497,5488.509634464536
2025-04-02 23:00:00+00:00,5592.75,4301.893808951843,3212.8139936849993,5390.973624218686
2025-04-03 00:00:00+00:00,4787.0,4204.648912876328,3115.569097609484,5293.728728143171
2025-04-03 01:00:00+00:00,4065.0,3153.191771321007,2064.111956054163,4242.27158658785
2025-04-03 02:00:00+00:00,3500.5,3010.1016640265693,1921.0218487597258,4099.181479293413
2025-04-03 03:00:00+00:00,3006.25,2360.996866800898,1271.9170515340547,3450.0766820677413
2025-04-03 04:00:00+00:00,2536.0,1998.2659762754251,909.1861610085816,3087.3457915422687
2025-04-03 05:00:00+00:00,2135.0,2020.1017197867618,931.0219045199183,3109.1815350536053
2025-04-03 06:00:00+00:00,1348.75,1476.15835855233,387.0785432854859,2565.2381738191734
2025-04-03 07:00:00+00:00,305.74999999999955,1540.3405602473836,451.26074498054004,2629.420375514227
2025-04-03 08:00:00+00:00,113.25000000000045,558.4987218100514,-530.5810934567917,1647.578537076895
2025-04-03 09:00:00+00:00,185.00000000000045,419.4359248730252,-669.6438903938179,1508.5157401398687
2025-04-03 10:00:00+00:00,450.49999999999955,382.56930603877527,-706.5105092280683,1471.6491213056183
2025-04-03 11:00:00+00:00,644.25,456.407261280061,-632.672553986783,1545.4870765469045
2025-04-03 12:00:00+00:00,817.25,615.8696566734457,-473.21015859339786,1704.9494719402887
2025-04-03 13:00:00+00:00,902.75,690.8432998956591,-398.2365153711844,1779.9231151625027
2025-04-03 14:00:00+00:00,1027.75,794.8753742016333,-294.2044410652097,1883.9551894684769
2025-04-03 15:00:00+00:00,1284.5,1271.223224151529,182.14340888468496,2360.3030394183725
2025-04-03 16:00:00+00:00,1350.25,1091.6347325161755,2.554917249331993,2180.714547783019
2025-04-03 17:00:00+00:00,1550.0,1595.462061655251,506.38224638840757,2684.541876922094
2025-04-03 18:00:00+00:00,2043.5,2704.2431820726997,1615.1633668058566,3793.3229973395432
2025-04-03 19:00:00+00:00,2305.25,2732.583456240003,1643.5036409731601,3821.663271506847
2025-04-03 20:00:00+00:00,2231.0,2297.329985527451,1208.2501702606078,3386.409800794295
2025-04-03 21:00:00+00:00,1895.0,1583.5736362406647,494.49382097382113,2672.653451507508
2025-04-03 22:00:00+00:00,1441.75,838.2218334579456,-250.85798180889833,1927.3016487247892
2025-04-03 23:00:00+00:00,1005.5,867.5842773009085,-221.4955379659341,1956.664092567752
2025-04-04 00:00:00+00:00,668.75,825.4711530093468,-263.6086622574967,1914.5509682761904
2025-04-04 01:00:00+00:00,442.75,987.6607835666582,-101.41903170018577,2076.7405988335013
2025-04-04 02:00:00+00:00,241.24999999999955,932.6387783261498,-156.44103694069327,2021.7185935929933
2025-04-04 03:00:00+00:00,122.0,345.85407284603207,-743.225742420811,1434.9338881128756
2025-04-04 04:00:00+00:00,90.0,236.4573523954673,-852.6224628713762,1325.5371676623108
2025-04-04 05:00:00+00:00,100.00000000000045,287.0658072215747,-802.0140080452684,1376.1456224884182
2025-04-04 06:00:00+00:00,95.0,234.2086770552296,-854.8711382116135,1323.2884923220731
2025-04-04 07:00:00+00:00,47.75,171.9860396039203,-917.0937756629237,1261.0658548707638
2025-04-04 08:00:00+00:00,20.499999999999545,122.20328848694999,-966.8765267798935,1211.283103753793
2025-04-04 09:00:00+00:00,35.0,171.2179547219448,-917.8618605448983,1260.2977699887883
2025-04-04 10:00:00+00:00,146.75,160.44685850886435,-928.6329567579787,1249.5266737757079
2025-04-04 11:00:00+00:00,200.24999999999955,169.37860618544892,-919.7012090813942,1258.4584214522924
2025-04-04 12:00:00+00:00,217.00000000000045,216.2074183347254,-872.8723969321181,1305.287233601569
2025-04-04 13:00:00+00:00,352.74999999999955,227.29480338616895,-861.7850118806746,1316.3746186530125
2025-04-04 14:00:00+00:00,476.99999999999955,336.6189724360438,-752.4608428307993,1425.6987877028873
2025-04-04 15:00:00+00:00,819.25,735.6142859043212,-353.4655293625219,1824.6941011711647
2025-04-04 16:00:00+00:00,1278.0,910.9336039768482,-178.14621128999534,2000.0134192436917
2025-04-04 17:00:00+00:00,1654.5,1089.3685467693367,0.2887315024927375,2178.4483620361807
2025-04-04 18:00:00+00:00,1912.75,1099.0994356012711,10.0196203344276,2188.1792508681147
2025-04-04 19:00:00+00:00,2329.75,1221.6149296736553,132.53511440681132,2310.694744940499
2025-04-04 20:00:00+00:00,2358.5,2558.3056663872308,1469.2258511203872,3647.3854816540743
2025-04-04 21:00:00+00:00,2654.0,2654.9777531918953,1565.8979379250518,3744.057568458739
2025-04-04 22:00:00+00:00,2956.75,2681.235100382127,1592.1552851152837,3770.314915648971
2025-04-04 23:00:00+00:00,2834.25,2497.124498847773,1408.0446835809294,3586.2043141146164
2025-04-05 00:00:00+00:00,3165.25,2742.8735269284507,1653.7937116616076,3831.9533421952947
2025-04-05 01:00:00+00:00,3569.5,3205.422588407556,2116.342773140713,4294.5024036744
2025-04-05 02:00:00+00:00,3877.75,3647.3000972764494,2558.2202820096063,4736.379912543293
2025-04-05 03:00:00+00:00,3929.0,3531.800352828396,2442.720537561553,4620.88016809524
2025-04-05 04:00:00+00:00,3684.0,3097.831871830436,2008.7520565635923,4186.911687097279
2025-04-05 05:00:00+00:00,3208.75,3028.696856675357,1939.6170414085136,4117.776671942201
2025-04-05 06:00:00+00:00,2167.0,2703.2409424768607,1614.1611272100172,3792.3207577437042
2025-04-05 07:00:00+00:00,2137.75,1374.6609217561695,285.58110648932643,2463.740737023013
2025-04-05 08:00:00+00:00,2387.0,1606.8504658147617,517.7706505479177,2695.9302810816052
2025-04-05 09:00:00+00:00,2322.25,2234.1292868062837,1145.0494715394402,3323.2091020731273
2025-04-05 10:00:00+00:00,2319.5,2895.4008435117466,1806.3210282449031,3984.48065877859
2025-04-05 11:00:00+00:00,2167.0,3722.110313396777,2633.0304981299337,4811.19012866362
2025-04-05 12:00:00+00:00,2336.75,4838.779454964578,3749.6996396977343,5927.859270231421
2025-04-05 13:00:00+00:00,3450.0,5596.984820698313,4507.90500543147,6686.064635965156
2025-04-05 14:00:00+00:00,5790.25,5807.4083023809935,4718.32848711415,6896.4881176478375
2025-04-05 15:00:00+00:00,7315.5,6157.898804986333,5068.81898971949,7246.978620253176
2025-04-05 16:00:00+00:00,8877.75,6695.290987334535,5606.211172067691,7784.370802601379
2025-04-05 17:00:00+00:00,9295.0,8505.963065850796,7416.883250583951,9595.042881117639
2025-04-05 18:00:00+00:00,8933.5,7602.922894545238,6513.843079278395,8692.00270981208
2025-04-05 19:00:00+00:00,8566.25,6755.352696038634,5666.27288077179,7844.432511305478
2025-04-05 20:00:00+00:00,7320.5,4420.13232504371,3331.0525097768664,5509.212140310554
2025-04-05 21:00:00+00:00,6345.75,3491.6072105404796,2402.527395273636,4580.687025807323
2025-04-05 22:00:00+00:00,5416.75,3158.671958193804,2069.592142926961,4247.751773460648
2025-04-05 23:00:00+00:00,4577.5,2962.1125094683694,1873.0326942015258,4051.1923247352124
2025-04-06 00:00:00+00:00,3554.25,2900.9774703905982,1811.8976551237547,3990.0572856574418
2025-04-06 01:00:00+00:00,3197.25,1919.3728582184308,830.2930429515877,3008.4526734852743
2025-04-06 02:00:00+00:00,3027.5,1498.4665752917817,409.38676002493867,2587.546390558625
2025-04-06 03:00:00+00:00,2941.0,1405.3732688951309,316.2934536282878,2494.4530841619744
2025-04-06 04:00:00+00:00,2915.75,1948.9385152068899,859.8586999400468,3038.0183304737334
2025-04-06 05:00:00+00:00,2789.0,1984.2416413939586,895.1618261271151,3073.321456660802
2025-04-06 06:00:00+00:00,2088.25,2554.4903974994213,1465.4105822325778,3643.5702127662644
2025-04-06 07:00:00+00:00,2431.0,1547.6349522404103,458.5551369735672,2636.714767507254
2025-04-06 08:00:00+00:00,3159.75,3458.7712442241254,2369.6914289572824,4547.851059490969
2025-04-06 09:00:00+00:00,2965.0,3798.3229848496435,2709.2431695828,4887.402800116487
2025-04-06 10:00:00+00:00,1788.0,4121.166270334868,3032.0864550680253,5210.246085601712
2025-04-06 11:00:00+00:00,845.0,3957.227773137538,2868.1479578706944,5046.307588404381
2025-04-06 12:00:00+00:00,721.0,4044.8610926285032,2955.7812773616597,5133.940907895347
2025-04-06 13:00:00+00:00,982.25,3386.170116467251,2297.0903012004073,4475.249931734094
2025-04-06 14:00:00+00:00,2051.5,3179.9508360846557,2090.8710208178118,4269.030651351499
2025-04-06 15:00:00+00:00,2971.75,2606.35543884855,1517.2756235817064,3695.435254115393
2025-04-06 16:00:00+00:00,3298.75,2582.683642456568,1493.6038271897246,3671.7634577234116
2025-04-06 17:00:00+00:00,2894.0,2387.043176995572,1297.9633617287286,3476.1229922624157
2025-04-06 18:00:00+00:00,2595.0,1595.141246585078,506.06143131823546,2684.221061851922
2025-04-06 19:00:00+00:00,2650.25,2013.8993895746821,924.8195743078386,3102.9792048415256
2025-04-06 20:00:00+00:00,2710.75,1821.8466028401558,732.7667875733123,2910.9264181069993
2025-04-06 21:00:00+00:00,2527.5,1660.7966318627527,571.7168165959097,2749.8764471295963
2025-04-06 22:00:00+00:00,2213.0,1631.0429781915745,541.963162924731,2720.1227934584176
2025-04-06 23:00:00+00:00,2225.5,1684.0704853981752,594.9906701313316,2773.1503006650187
2025-04-07 00:00:00+00:00,2584.75,1968.5816727577298,879.5018574908863,3057.6614880245734
2025-04-07 01:00:00+00:00,3038.0,3000.9352831838423,1911.8554679169988,4090.015098450686
2025-04-07 02:00:00+00:00,3396.0,3130.9484473702983,2041.8686321034547,4220.028262637142
2025-04-07 03:00:00+00:00,3678.0,3269.736101737004,2180.65628647016,4358.815917003847
2025-04-07 04:00:00+00:00,3980.5,3648.8833719404515,2559.803556673608,4737.963187207295
2025-04-07 05:00:00+00:00,3587.0,3635.002582061067,2545.922766794224,4724.082397327911
2025-04-07 06:00:00+00:00,2571.0,3267.655946225858,2178.5761309590143,4356.735761492701
2025-04-07 07:00:00+00:00,1752.0,1934.0781202811104,844.9983050142669,3023.157935547954
2025-04-07 08:00:00+00:00,2033.5,1420.7437291117626,331.66391384491953,2509.823544378606
2025-04-07 09:00:00+00:00,2219.75,1594.0640137668533,504.9841985000103,2683.143829033697
2025-04-07 10:00:00+00:00,2436.75,1787.7212863938844,698.6414711270413,2876.801101660728
2025-04-07 11:00:00+00:00,2490.5,2115.965307647275,1026.8854923804315,3205.045122914118
2025-04-07 12:00:00+00:00,2585.75,3112.477699262628,2023.397883995785,4201.5575145294715
2025-04-07 13:00:00+00:00,2863.5,3315.177058280271,2226.097243013428,4404.256873547115
2025-04-07 14:00:00+00:00,3218.25,3397.9207029544477,2308.8408876876038,4487.000518221291
2025-04-07 15:00:00+00:00,3167.5,2723.84841044641,1634.7685951795665,3812.9282257132536
2025-04-07 16:00:00+00:00,2630.75,2085.1165433709343,996.0367281040908,3174.196358637778
2025-04-07 17:00:00+00:00,1940.5,1295.31896826116,206.23915299431656,2384.398783528003
2025-04-07 18:00:00+00:00,1473.5,1986.3416419814107,897.2618267145672,3075.4214572482542
2025-04-07 19:00:00+00:00,1442.75,3085.8694915906835,1996.78967632384,4174.949306857527
2025-04-07 20:00:00+00:00,1418.0,3389.4237784560573,2300.3439631892143,4478.5035937229
2025-04-07 21:00:00+00:00,1393.0,3275.7059484705746,2186.626133203731,4364.785763737418
2025-04-07 22:00:00+00:00,1338.25,1818.5646500247763,729.4848347579327,2907.64446529162
2025-04-07 23:00:00+00:00,1240.75,1439.3746544653827,350.29483919853874,2528.4544697322262
2025-04-08 00:00:00+00:00,1120.0,1654.8590550486379,565.7792397817943,2743.938870315481
2025-04-08 01:00:00+00:00,979.25,1270.1765640225976,181.0967487557541,2359.256379289441
2025-04-08 02:00:00+00:00,795.0,1136.9572992902577,47.87748402341413,2226.037114557101
2025-04-08 03:00:00+00:00,713.0,963.6580295704521,-125.42178569639145,2052.7378448372956
2025-04-08 04:00:00+00:00,605.0,553.6459048937659,-535.4339103730772,1642.7257201606094
2025-04-08 05:00:00+00:00,609.0,419.7373728203943,-669.3424424464492,1508.8171880872374
2025-04-08 06:00:00+00:00,316.75,300.07422220666285,-789.0055930601802,1389.1540374735064
2025-04-08 07:00:00+00:00,149.0,310.6144598593746,-778.4653554074694,1399.6942751262181
2025-04-08 08:00:00+00:00,209.75000000000045,348.06615746494526,-741.0136578018983,1437.1459727317883
2025-04-08 09:00:00+00:00,309.0,285.59927400335437,-803.4805412634896,1374.6790892701974
2025-04-08 10:00:00+00:00,308.5,296.75600064774017,-792.3238146191034,1385.8358159145837
2025-04-08 11:00:00+00:00,345.25,339.9498541024186,-749.1299611644245,1429.0296693692621
2025-04-08 12:00:00+00:00,374.49999999999955,355.87444334959446,-733.2053719172491,1444.954258616438
2025-04-08 13:00:00+00:00,415.49999999999955,231.40196441875196,-857.677850848092,1320.481779685595
2025-04-08 14:00:00+00:00,430.75,170.35054605028063,-918.7292692165629,1259.4303613171242
2025-04-08 15:00:00+00:00,479.75,213.9450743935172,-875.1347408733263,1303.0248896603607
2025-04-08 16:00:00+00:00,459.49999999999955,232.30899910243352,-856.7708161644105,1321.3888143692766
2025-04-08 17:00:00+00:00,508.25000000000045,674.8387655438819,-414.2410497229621,1763.9185808107254
2025-04-08 18:00:00+00:00,582.25,1316.6507099990768,227.57089473223368,2405.7305252659203
2025-04-08 19:00:00+00:00,577.0,1248.463507938172,159.38369267132884,2337.5433232050154
2025-04-08 20:00:00+00:00,450.75,671.8857327360261,-417.19408253081747,1760.9655480028696
2025-04-08 21:00:00+00:00,432.0,390.85865841494615,-698.2211568518969,1479.9384736817897
2025-04-08 22:00:00+00:00,484.0,295.53110623679913,-793.5487090300448,1384.6109215036422
2025-04-08 23:00:00+00:00,516.2499999999995,475.87043873957464,-613.2093765272684,1564.9502540064182
2025-04-09 00:00:00+00:00,513.2499999999995,1073.4917254485517,-15.588089818291337,2162.5715407153953
2025-04-09 01:00:00+00:00,560.75,1112.2779358152225,23.198120548379393,2201.357751082066
2025-04-09 02:00:00+00:00,617.75,1119.2275620078808,30.147746741037736,2208.307377274724
2025-04-09 03:00:00+00:00,601.5,771.8392399554632,-317.24057531137987,1860.9190552223067
2025-04-09 04:00:00+00:00,608.25,992.189240679832,-96.89057458701154,2081.2690559466755
2025-04-09 05:00:00+00:00,670.5,850.2155278759988,-238.86428739084477,1939.2953431428423
2025-04-09 06:00:00+00:00,646.5,699.1521153457916,-389.9276999210515,1788.231930612635
2025-04-09 07:00:00+00:00,370.0,713.7017526101913,-375.3780626566522,1802.7815678770344
2025-04-09 08:00:00+00:00,392.75,264.07510625115765,-825.0047090156859,1353.1549215180012
2025-04-09 09:00:00+00:00,698.5,527.2777547612632,-561.8020605055808,1616.3575700281062
2025-04-09 10:00:00+00:00,1168.5,1089.4264753656917,0.34666009884858795,2178.506290632535
2025-04-09 11:00:00+00:00,1761.75,1842.6668275666734,753.5870122998299,2931.746642833517
2025-04-09 12:00:00+00:00,2420.5,2033.6089863243055,944.529171057462,3122.688801591149
2025-04-09 13:00:00+00:00,3399.0,3337.4005497459257,2248.3207344790826,4426.480365012769
2025-04-09 14:00:00+00:00,4191.0,3919.630735507672,2830.5509202408284,5008.7105507745155
2025-04-09 15:00:00+00:00,4919.75,4364.521766020692,3275.4419507538487,5453.601581287536
2025-04-09 16:00:00+00:00,5319.25,4264.285162423337,3175.205347156494,5353.364977690181
2025-04-09 17:00:00+00:00,5465.0,4047.688220911699,2958.6084056448553,5136.768036178542
2025-04-09 18:00:00+00:00,6241.75,6213.199214117936,5124.119398851093,7302.27902938478
2025-04-09 19:00:00+00:00,7042.0,6936.933113860994,5847.85329859415,8026.012929127837
2025-04-09 20:00:00+00:00,7269.75,7351.6937807781605,6262.613965511317,8440.773596045005
2025-04-09 21:00:00+00:00,6969.75,6586.505620557163,5497.425805290319,7675.585435824006
2025-04-09 22:00:00+00:00,6594.5,6637.468915795156,5548.389100528312,7726.548731061999
2025-04-09 23:00:00+00:00,5869.5,6258.423631294023,5169.343816027179,7347.503446560866
2025-04-10 00:00:00+00:00,4995.5,5385.613422500122,4296.533607233279,6474.693237766966
2025-04-10 01:00:00+00:00,4011.25,4715.632520445633,3626.5527051787894,5804.7123357124765
2025-04-10 02:00:00+00:00,2982.0,3904.5684729856534,2815.48865771881,4993.648288252497
2025-04-10 03:00:00+00:00,2231.75,3583.160564159535,2494.0807488926916,4672.240379426378
2025-04-10 04:00:00+00:00,1721.5,3438.2808945142147,2349.201079247371,4527.360709781058
2025-04-10 05:00:00+00:00,1270.25,3351.142871213942,2262.0630559470987,4440.222686480785
2025-04-10 06:00:00+00:00,1045.75,2559.4866828858803,1470.4068676190368,3648.566498152724
2025-04-10 07:00:00+00:00,1063.75,1862.5898128412532,773.5099975744097,2951.6696281080967
2025-04-10 08:00:00+00:00,1207.5,1662.6163131116436,573.5364978448006,2751.696128378487
2025-04-10 09:00:00+00:00,1635.25,1599.412560675073,510.3327454082296,2688.4923759419166
2025-04-10 10:00:00+00:00,1745.5,1998.6115781052886,909.5317628384455,3087.691393372132
2025-04-10 11:00:00+00:00,2102.0,1981.9814306173098,892.9016153504663,3071.0612458841533
2025-04-10 12:00:00+00:00,2492.75,2145.842534919533,1056.7627196526892,3234.922350186376
2025-04-10 13:00:00+00:00,2804.25,2018.4956730914,929.4158578245565,3107.575488358243
2025-04-10 14:00:00+00:00,3424.75,2150.3708797356503,1061.2910644688068,3239.4506950024934
2025-04-10 15:00:00+00:00,5201.75,2688.059532395919,1598.979717129076,3777.1393476627627
2025-04-10 16:00:00+00:00,6375.0,3440.0302081467303,2350.9503928798867,4529.110023413574
2025-04-10 17:00:00+00:00,6665.5,4959.898130960744,3870.818315693901,6048.977946227587
2025-04-10 18:00:00+00:00,7607.25,6807.977959829262,5718.898144562418,7897.057775096106
2025-04-10 19:00:00+00:00,9707.25,8233.81132435349,7144.731509086647,9322.891139620333
2025-04-10 20:00:00+00:00,10792.75,8974.133205344398,7885.053390077554,10063.213020611242
2025-04-10 21:00:00+00:00,11209.75,10226.34161753691,9137.261802270066,11315.421432803752
2025-04-10 22:00:00+00:00,12169.0,10724.045262932874,9634.965447666029,11813.125078199715
2025-04-10 23:00:00+00:00,12690.75,10706.617297011795,9617.537481744952,11795.697112278638
2025-04-11 00:00:00+00:00,12705.75,10156.568131899567,9067.488316632724,11245.64794716641
2025-04-11 01:00:00+00:00,12826.5,11577.321445124355,10488.241629857512,12666.401260391198
2025-04-11 02:00:00+00:00,12632.5,12020.670167485476,10931.59035221863,13109.749982752319
2025-04-11 03:00:00+00:00,12240.75,11579.887975797443,10490.8081605306,12668.967791064286
2025-04-11 04:00:00+00:00,11749.75,11842.387921962247,10753.308106695404,12931.46773722909
2025-04-11 05:00:00+00:00,11154.5,10580.375853656198,9491.296038389355,11669.455668923041
2025-04-11 06:00:00+00:00,10545.75,9327.694686748839,8238.614871481994,10416.774502015682
2025-04-11 07:00:00+00:00,10033.25,12011.541565007625,10922.461749740782,13100.621380274468
2025-04-11 08:00:00+00:00,9606.25,11022.098479674183,9933.01866440734,12111.178294941026
2025-04-11 09:00:00+00:00,9022.25,9598.359453119197,8509.279637852354,10687.439268386042
2025-04-11 10:00:00+00:00,8148.75,8482.852985449055,7393.773170182212,9571.932800715898
2025-04-11 11:00:00+00:00,8030.0,8446.695957979697,7357.616142712852,9535.77577324654
2025-04-11 12:00:00+00:00,8185.75,7449.202737556827,6360.122922289984,8538.282552823672
2025-04-11 13:00:00+00:00,8004.0,7351.262619582738,6262.182804315894,8440.342434849581
2025-04-11 14:00:00+00:00,7500.75,6957.365523433874,5868.28570816703,8046.445338700718
2025-04-11 15:00:00+00:00,6141.0,7258.614611089594,6169.53479582275,8347.694426356436
2025-04-11 16:00:00+00:00,4535.25,5689.149584962087,4600.069769695243,6778.22940022893
2025-04-11 17:00:00+00:00,3386.75,3416.0434357983954,2326.963620531552,4505.123251065239
2025-04-11 18:00:00+00:00,3008.0,2663.7241034316366,1574.6442881647931,3752.8039186984797
2025-04-11 19:00:00+00:00,2869.5,2916.2853383641727,1827.2055230973292,4005.3651536310163
2025-04-11 20:00:00+00:00,2658.25,3200.681408142001,2111.6015928751576,4289.761223408845
2025-04-11 21:00:00+00:00,2574.5,3372.423585250035,2283.343769983191,4461.503400516878
2025-04-11 22:00:00+00:00,2448.5,3287.072394958116,2197.9925796912726,4376.152210224959
2025-04-11 23:00:00+00:00,2024.75,2642.7427697026005,1553.662954435757,3731.822584969444
2025-04-12 00:00:00+00:00,1692.25,2039.528140737495,950.448325470652,3128.6079560043386
2025-04-12 01:00:00+00:00,1428.0,1450.055232591993,360.9754173251499,2539.1350478588365
2025-04-12 02:00:00+00:00,1152.75,1444.45160311044,355.3717878435964,2533.5314183772834
2025-04-12 03:00:00+00:00,933.5,1095.7171635097002,6.637348242856206,2184.7969787765433
2025-04-12 04:00:00+00:00,838.5,979.5394970959496,-109.54031817089344,2068.619312362793
2025-04-12 05:00:00+00:00,765.0,1072.6497449132748,-16.430070353569135,2161.729560180118
2025-04-12 06:00:00+00:00,510.74999999999955,758.8294583267061,-330.25035694013786,1847.9092735935496
2025-04-12 07:00:00+00:00,363.75,373.7305512043504,-715.3492640624927,1462.810366471194
2025-04-12 08:00:00+00:00,372.00000000000045,397.638505218039,-691.4413100488046,1486.7183204848825
2025-04-12 09:00:00+00:00,383.75,268.858986679541,-820.220828587303,1357.938801946384
2025-04-12 10:00:00+00:00,241.24999999999955,253.51549257461056,-835.564322692233,1342.5953078414536
2025-04-12 11:00:00+00:00,119.0,190.73480825069691,-898.3450070161471,1279.81462351754
2025-04-12 12:00:00+00:00,75.99999999999955,229.9258361257239,-859.1539791411196,1319.0056513925674
2025-04-12 13:00:00+00:00,78.0,194.73408690182123,-894.3457283650223,1283.8139021686648
2025-04-12 14:00:00+00:00,104.0,200.94182902686816,-888.1379862399754,1290.0216442937117
2025-04-12 15:00:00+00:00,204.25000000000045,220.05701016476496,-869.0228051020786,1309.1368254316085
2025-04-12 16:00:00+00:00,409.49999999999955,319.61138920978965,-769.4684260570539,1408.6912044766332
2025-04-12 17:00:00+00:00,792.25,596.9317045407224,-492.14811072612065,1686.0115198075655
2025-04-12 18:00:00+00:00,1550.75,996.3918914383848,-92.68792382845822,2085.471706705229
2025-04-12 19:00:00+00:00,2676.25,1457.906466140229,368.82665087338546,2546.9862814070725
2025-04-12 20:00:00+00:00,3475.75,2483.281771965747,1394.2019566989034,3572.361587232591
2025-04-12 21:00:00+00:00,4058.5,2807.7272454178187,1718.6474301509752,3896.8070606846622
2025-04-12 22:00:00+00:00,4775.0,2934.110833942415,1845.0310186755714,4023.1906492092585
2025-04-12 23:00:00+00:00,5118.75,3545.5158480137397,2456.436032746896,4634.595663280583
2025-04-13 00:00:00+00:00,5460.0,3816.2146128902264,2727.134797623383,4905.29442815707
2025-04-13 01:00:00+00:00,5530.75,4376.852074480149,3287.7722592133055,5465.931889746992
2025-04-13 02:00:00+00:00,5758.75,4374.578340843007,3285.498525576163,5463.65815610985
2025-04-13 03:00:00+00:00,6237.5,4786.546832167186,3697.4670169003425,5875.62664743403
2025-04-13 04:00:00+00:00,6705.5,5153.615307130196,4064.535491863352,6242.695122397039
2025-04-13 05:00:00+00:00,6343.75,6543.639101207581,5454.559285940738,7632.718916474425
2025-04-13 06:00:00+00:00,4817.25,5559.260343488331,4470.180528221488,6648.340158755174
2025-04-13 07:00:00+00:00,3198.5,5671.9162394501045,4582.836424183261,6760.9960547169485
2025-04-13 08:00:00+00:00,3297.75,4977.676367545359,3888.596552278516,6066.7561828122025
2025-04-13 09:00:00+00:00,4489.75,4174.758002777254,3085.67818751041,5263.837818044097
2025-04-13 10:00:00+00:00,5860.25,3021.9371374082784,1932.857322141435,4111.0169526751215
2025-04-13 11:00:00+00:00,6974.5,4409.712882361006,3320.6330670941625,5498.7926976278495
2025-04-13 12:00:00+00:00,7523.5,5877.533190285301,4788.453375018457,6966.613005552144
2025-04-13 13:00:00+00:00,7334.25,8087.427916608014,6998.348101341171,9176.507731874857
2025-04-13 14:00:00+00:00,7105.5,8064.609607267951,6975.529792001107,9153.689422534795
2025-04-13 15:00:00+00:00,5912.0,4840.587636096256,3751.5078208294126,5929.6674513631
2025-04-13 16:00:00+00:00,4825.5,3723.5144472446755,2634.434631977832,4812.5942625115185
2025-04-13 17:00:00+00:00,3441.0,3112.8281036403337,2023.7482883734901,4201.907918907177
2025-04-13 18:00:00+00:00,2802.0,3010.1400782315295,1921.060262964686,4099.219893498373
2025-04-13 19:00:00+00:00,2487.5,2978.8738730563105,1889.794057789467,4067.953688323154
2025-04-13 20:00:00+00:00,2078.25,2565.7969018741596,1476.717086607316,3654.876717141003
2025-04-13 21:00:00+00:00,1891.25,2131.481099341136,1042.4012840742926,3220.5609146079796
2025-04-13 22:00:00+00:00,1634.5,1722.3922838899375,633.312468623094,2811.472099156781
2025-04-13 23:00:00+00:00,1210.75,1425.150987782437,336.07117251559384,2514.2308030492804
2025-04-14 00:00:00+00:00,937.75,1334.9061411180878,245.8263258512443,2423.9859563849313
2025-04-14 01:00:00+00:00,765.0,1584.7897618901625,495.70994662331896,2673.8695771570056
2025-04-14 02:00:00+00:00,690.25,1403.125769120083,314.04595385324,2492.2055843869266
2025-04-14 03:00:00+00:00,720.0,1139.3014406671496,50.22162540030649,2228.381255933993
2025-04-14 04:00:00+00:00,599.0,1547.5499802122335,458.47016494539,2636.629795479077
2025-04-14 05:00:00+00:00,628.75,1145.5791555955684,56.499340328724884,2234.6589708624115
2025-04-14 06:00:00+00:00,625.5,1141.186383735217,52.1065684683731,2230.2661990020606
2025-04-14 07:00:00+00:00,422.74999999999955,445.87867654386264,-643.2011387229813,1534.9584918107057
2025-04-14 08:00:00+00:00,544.0,389.4979431496067,-699.5818721172373,1478.5777584164498
2025-04-14 09:00:00+00:00,801.5,463.6729921225924,-625.4068231442516,1552.7528073894355
2025-04-14 10:00:00+00:00,1117.5,590.8139363580458,-498.2658789087982,1679.8937516248889
2025-04-14 11:00:00+00:00,1326.25,995.8748984377671,-93.20491682907686,2084.95471370461
2025-04-14 12:00:00+00:00,1169.75,947.3215244731673,-141.75829079367577,2036.4013397400108
2025-04-14 13:00:00+00:00,724.0,758.6978550747976,-330.38196019204497,1847.7776703416412
2025-04-14 14:00:00+00:00,330.75,562.0862461480233,-526.9935691188202,1651.1660614148668
2025-04-14 15:00:00+00:00,207.25000000000045,427.50345583707167,-661.5763594297714,1516.5832711039152
2025-04-14 16:00:00+00:00,400.99999999999955,389.80842493034106,-699.271390336502,1478.8882401971846
2025-04-14 17:00:00+00:00,1084.5,392.782817274609,-696.2969979922345,1481.8626325414525
2025-04-14 18:00:00+00:00,2310.25,2059.6471895938876,970.567374327044,3148.727004860731
2025-04-14 19:00:00+00:00,4005.75,5250.631063922723,4161.55124865588,6339.710879189567
2025-04-14 20:00:00+00:00,5560.25,5610.839665806256,4521.759850539412,6699.919481073099
2025-04-14 21:00:00+00:00,6548.0,6619.367858609084,5530.28804334224,7708.447673875928
2025-04-14 22:00:00+00:00,7260.25,6410.828156049891,5321.748340783048,7499.907971316734
2025-04-14 23:00:00+00:00,7512.75,5927.5685045290065,4838.4886892621635,7016.6483197958505
2025-04-15 00:00:00+00:00,7312.5,6236.912841078349,5147.833025811505,7325.992656345192
2025-04-15 01:00:00+00:00,7263.5,6081.934933275491,4992.855118008648,7171.014748542335
2025-04-15 02:00:00+00:00,7525.25,6649.578232073105,5560.498416806262,7738.658047339949
2025-04-15 03:00:00+00:00,7555.25,6565.948924421702,5476.869109154859,7655.028739688545
2025-04-15 04:00:00+00:00,7510.0,6966.205683517261,5877.125868250418,8055.285498784105
2025-04-15 05:00:00+00:00,6572.5,5895.2038231643655,4806.124007897522,6984.283638431209
2025-04-15 06:00:00+00:00,4972.5,5306.519082458801,4217.439267191958,6395.598897725644
2025-04-15 07:00:00+00:00,4163.25,4073.62055016293,2984.540734896087,5162.700365429773
2025-04-15 08:00:00+00:00,4570.75,3273.574233595159,2184.494418328316,4362.654048862003
2025-04-15 09:00:00+00:00,5588.75,3385.7429593448073,2296.663144077964,4474.822774611651
2025-04-15 10:00:00+00:00,6657.5,5635.909916791552,4546.830101524709,6724.989732058395
2025-04-15 11:00:00+00:00,7239.75,6971.718040561407,5882.638225294563,8060.79785582825
2025-04-15 12:00:00+00:00,7585.75,7319.969684094624,6230.88986882778,8409.049499361467
2025-04-15 13:00:00+00:00,7284.0,8080.274666710658,6991.194851443814,9169.354481977502
2025-04-15 14:00:00+00:00,7121.0,8223.042582433483,7133.96276716664,9312.122397700328
2025-04-15 15:00:00+00:00,6962.5,8420.830707897416,7331.750892630572,9509.910523164259
2025-04-15 16:00:00+00:00,6765.0,7537.797512902708,6448.717697635864,8626.87732816955
2025-04-15 17:00:00+00:00,6761.75,6129.470933370863,5040.39111810402,7218.550748637707
2025-04-15 18:00:00+00:00,6475.0,5979.643880876601,4890.564065609758,7068.723696143445
2025-04-15 19:00:00+00:00,5952.5,6236.826534861242,5147.746719594398,7325.906350128085
2025-04-15 20:00:00+00:00,5392.75,5610.88154949031,4521.801734223466,6699.961364757153
2025-04-15 21:00:00+00:00,4806.75,5491.646450466775,4402.566635199931,6580.726265733618
2025-04-15 22:00:00+00:00,4206.0,4340.279521059523,3251.19970579268,5429.359336326367
2025-04-15 23:00:00+00:00,3984.75,3776.4625588140907,2687.3827435472476,4865.542374080935
2025-04-16 00:00:00+00:00,3889.5,4545.752739278218,3456.6729240113737,5634.832554545061
2025-04-16 01:00:00+00:00,3730.25,4407.216982302692,3318.137167035848,5496.296797569535
2025-04-16 02:00:00+00:00,3224.0,4429.42832783522,3340.348512568377,5518.5081431020635
2025-04-16 03:00:00+00:00,2790.25,2913.8882828770984,1824.8084676102549,4002.968098143942
2025-04-16 04:00:00+00:00,2147.25,2400.615155160409,1311.5353398935654,3489.6949704272524
2025-04-16 05:00:00+00:00,1286.0,1335.862514935618,246.78269966877497,2424.9423302024616
2025-04-16 06:00:00+00:00,369.00000000000045,1232.5611216837497,143.4813064169066,2321.640936950593
2025-04-16 07:00:00+00:00,113.99999999999955,604.89058284874,-484.18923241810353,1693.970398115583
2025-04-16 08:00:00+00:00,114.49999999999955,621.795641823317,-467.2841734435269,1710.8754570901601
2025-04-16 09:00:00+00:00,197.5,569.7476994672152,-519.3321157996288,1658.8275147340587
2025-04-16 10:00:00+00:00,388.75,610.2963650623747,-478.7834502044698,1699.3761803292177
2025-04-16 11:00:00+00:00,696.75,668.9456298345094,-420.13418543233456,1758.025445101353
2025-04-16 12:00:00+00:00,1014.0,680.2635000044143,-408.81631526242927,1769.3433152712578
2025-04-16 13:00:00+00:00,1422.25,756.515037082569,-332.5647781842745,1845.5948523494126
2025-04-16 14:00:00+00:00,1880.0,1025.3884368192794,-63.69137844756369,2114.468252086123
2025-04-16 15:00:00+00:00,2502.75,1484.8548249991832,395.7750097323401,2573.9346402660267
2025-04-16 16:00:00+00:00,2961.75,1785.753649167179,696.6738339003355,2874.833464434022
2025-04-16 17:00:00+00:00,3536.75,2302.471608053899,1213.3917927870557,3391.5514233207423
2025-04-16 18:00:00+00:00,5395.25,5301.282077763679,4212.202262496836,6390.361893030522
2025-04-16 19:00:00+00:00,7371.5,5047.577520336813,3958.4977050699695,6136.657335603657
2025-04-16 20:00:00+00:00,7751.5,6156.68839891644,5067.608583649597,7245.768214183284
2025-04-16 21:00:00+00:00,7581.75,6090.518917860773,5001.439102593929,7179.5987331276165
2025-04-16 22:00:00+00:00,7212.25,5103.756117754856,4014.6763024880124,6192.835933021699
2025-04-16 23:00:00+00:00,7224.25,4013.5657608804654,2924.485945613622,5102.645576147309
2025-04-17 00:00:00+00:00,6893.5,4439.370019045439,3350.2902037785952,5528.449834312282
2025-04-17 01:00:00+00:00,6166.5,4589.167113343917,3500.0872980770737,5678.246928610761
2025-04-17 02:00:00+00:00,5445.75,4102.600804740829,3013.5209894739855,5191.680620007673
2025-04-17 03:00:00+00:00,4856.25,2875.3925157954445,1786.312700528601,3964.472331062288
2025-04-17 04:00:00+00:00,4292.5,2600.9496525928,1511.8698373259558,3690.029467859643
2025-04-17 05:00:00+00:00,3512.0,1953.7303100959957,864.6504948291522,3042.8101253628392
2025-04-17 06:00:00+00:00,2147.5,1568.7487160107498,479.66890074390676,2657.8285312775934
2025-04-17 07:00:00+00:00,1438.25,1135.9867795520327,46.90696428518959,2225.066594818876
2025-04-17 08:00:00+00:00,1256.25,1212.5365455849515,123.45673031810747,2301.6163608517945
2025-04-17 09:00:00+00:00,1209.0,1304.7740172069243,215.6942019400808,2393.853832473768
2025-04-17 10:00:00+00:00,1488.5,1448.3804408457772,359.30062557893416,2537.4602561126203
2025-04-17 11:00:00+00:00,1905.5,1390.6998890825807,301.62007381573767,2479.7797043494243
2025-04-17 12:00:00+00:00,2117.0,1540.2863942551535,451.2065789883095,2629.366209521997
2025-04-17 13:00:00+00:00,2416.75,1451.207051730862,362.1272364640181,2540.286866997705
2025-04-17 14:00:00+00:00,2823.0,1443.995332930424,354.91551766358043,2533.0751481972675
2025-04-17 15:00:00+00:00,3055.25,1697.67688876168,608.5970734948364,2786.756704028523
2025-04-17 16:00:00+00:00,3293.0,1751.737996125015,662.6581808581714,2840.8178113918584
2025-04-17 17:00:00+00:00,3786.0,2230.522912226264,1141.4430969594205,3319.6027274931075
2025-04-17 18:00:00+00:00,3986.25,3462.6801435789775,2373.6003283121336,4551.759958845821
2025-04-17 19:00:00+00:00,3943.0,5402.950317705029,4313.870502438186,6492.030132971873
2025-04-17 20:00:00+00:00,3448.5,4626.429570654169,3537.349755387325,5715.509385921012
2025-04-17 21:00:00+00:00,2888.75,4331.213090054285,3242.1332747874417,5420.292905321128
2025-04-17 22:00:00+00:00,2579.25,3951.9548339217654,2862.8750186549223,5041.0346491886085
2025-04-17 23:00:00+00:00,2632.0,3428.160738424642,2339.0809231577987,4517.240553691486
2025-04-18 00:00:00+00:00,2458.0,2824.4436328153533,1735.3638175485103,3913.523448082197
2025-04-18 01:00:00+00:00,2178.25,2497.072611030527,1407.9927957636833,3586.15242629737
2025-04-18 02:00:00+00:00,1939.25,1937.136498541829,848.056683274986,3026.2163138086726
2025-04-18 03:00:00+00:00,2141.0,1592.733192644394,503.6533773775509,2681.813007911237
2025-04-18 04:00:00+00:00,2316.25,1879.6913365686996,790.6115213018561,2968.771151835543
2025-04-18 05:00:00+00:00,2513.25,2689.5757655562866,1600.4959502894426,3778.6555808231296
2025-04-18 06:00:00+00:00,2473.5,2138.2557828550785,1049.175967588235,3227.335598121922
2025-04-18 07:00:00+00:00,2569.75,1976.834002454278,887.7541871874346,3065.9138177211216
2025-04-18 08:00:00+00:00,2630.0,2305.7805771597386,1216.7007618928951,3394.860392426582
2025-04-18 09:00:00+00:00,2556.5,2266.2146011086743,1177.1347858418303,3355.2944163755174
2025-04-18 10:00:00+00:00,2153.5,2043.2712802839474,954.1914650171038,3132.351095550791
2025-04-18 11:00:00+00:00,1883.25,2197.9465463304737,1108.8667310636301,3287.026361597317
2025-04-18 12:00:00+00:00,1907.0,2205.336476572563,1116.2566613057193,3294.416291839406
2025-04-18 13:00:00+00:00,2223.5,1456.7700248877359,367.6902096208919,2545.8498401545794
2025-04-18 14:00:00+00:00,2390.0,2155.2937928935944,1066.2139776267513,3244.373608160438
2025-04-18 15:00:00+00:00,2141.5,2560.897051110508,1471.817235843665,3649.976866377352
2025-04-18 16:00:00+00:00,2034.25,2654.456587238136,1565.3767719712923,3743.5364025049794
2025-04-18 17:00:00+00:00,1907.5,2323.534652070959,1234.454836804115,3412.614467337802
2025-04-18 18:00:00+00:00,2025.25,2039.1029546474724,950.0231393806293,3128.182769914316
2025-04-18 19:00:00+00:00,2148.5,1916.1897461894232,827.1099309225797,3005.2695614562663
2025-04-18 20:00:00+00:00,2022.25,2113.5457983886945,1024.465983121851,3202.625613655538
2025-04-18 21:00:00+00:00,1919.75,2075.3544147514294,986.2745994845864,3164.434230018273
2025-04-18 22:00:00+00:00,1661.0,2168.393076601048,1079.313261334205,3257.472891867892
2025-04-18 23:00:00+00:00,1448.75,2058.939742749234,969.8599274823905,3148.0195580160776
2025-04-19 00:00:00+00:00,1433.75,2115.695226310351,1026.6154110435073,3204.7750415771943
2025-04-19 01:00:00+00:00,1573.0,2161.189405366643,1072.1095900997998,3250.269220633487
2025-04-19 02:00:00+00:00,1441.0,2088.4009600054615,999.3211447386179,3177.480775272305
2025-04-19 03:00:00+00:00,1226.0,2230.171675703297,1141.0918604364533,3319.2514909701404
2025-04-19 04:00:00+00:00,1095.75,1513.9943843139772,424.9145690471337,2603.0741995808207
2025-04-19 05:00:00+00:00,1013.0,1332.8603138828312,243.7804986159881,2421.9401291496747
2025-04-19 06:00:00+00:00,979.0,1234.8823978693586,145.80258260251503,2323.962213136202
2025-04-19 07:00:00+00:00,923.0,1668.5795649605484,579.4997496937049,2757.659380227392
2025-04-19 08:00:00+00:00,871.0,2195.537454482228,1106.4576392153845,3284.617269749071
2025-04-19 09:00:00+00:00,969.5,2227.722631006711,1138.6428157398673,3316.8024462735543
2025-04-19 10:00:00+00:00,941.25,2022.0506449292766,932.9708296624331,3111.13046019612
2025-04-19 11:00:00+00:00,861.75,1358.6704490774687,269.5906338106256,2447.750264344312
2025-04-19 12:00:00+00:00,652.25,1049.7739660555067,-39.30584921133595,2138.85378132235
2025-04-19 13:00:00+00:00,607.5,984.0351540569482,-105.04466120989491,2073.114969323792
2025-04-19 14:00:00+00:00,557.25,968.9074205341772,-120.17239473266636,2057.9872358010207
2025-04-19 15:00:00+00:00,461.75,980.9353305311224,-108.14448473572065,2070.015145797966
2025-04-19 16:00:00+00:00,403.0,854.508524477932,-234.57129078891103,1943.5883397447756
2025-04-19 17:00:00+00:00,415.75,965.7209104638455,-123.35890480299804,2054.800725730689
2025-04-19 18:00:00+00:00,516.5,1068.0608976423055,-21.018917624538517,2157.140712909149
2025-04-19 19:00:00+00:00,764.5,956.0019934272977,-133.07782183954532,2045.0818086941413
2025-04-19 20:00:00+00:00,989.25,951.2385397639309,-137.84127550291214,2040.3183550307745
2025-04-19 21:00:00+00:00,1150.25,984.4634678170119,-104.61634744983076,2073.5432830838554
2025-04-19 22:00:00+00:00,1210.75,904.6096258851271,-184.4701893817164,1993.6894411519702
2025-04-19 23:00:00+00:00,1174.75,892.2569271364837,-196.8228881303594,1981.3367424033272
