date,biomass_50hz_actual,gas_50hz_actual,hard_coal_50hz_actual,lignite_50hz_actual,oil_50hz_actual,other_fossil_50hz_actual,renewables_50hz_actual,waste_50hz_actual,biomass_50hz_fitted,gas_50hz_fitted,hard_coal_50hz_fitted,lignite_50hz_fitted,oil_50hz_fitted,other_fossil_50hz_fitted,renewables_50hz_fitted,waste_50hz_fitted,biomass_50hz_lower,gas_50hz_lower,hard_coal_50hz_lower,lignite_50hz_lower,oil_50hz_lower,other_fossil_50hz_lower,renewables_50hz_lower,waste_50hz_lower,biomass_50hz_upper,gas_50hz_upper,hard_coal_50hz_upper,lignite_50hz_upper,oil_50hz_upper,other_fossil_50hz_upper,renewables_50hz_upper,waste_50hz_upper
2026-01-02 00:00:00+00:00,,,,,,,,,846.4454006460646,1475.2022093199384,472.84292867550846,2228.564919844909,364.80432017550083,52.67776186593035,100.67325082130208,377.75416933331826,947.9621056547619,1551.0172172619048,463.93212301587306,4666.34996031746,355.4245238095238,57.60995535714286,517.1663988095238,349.82471230158734,947.9621056547619,1551.0172172619048,463.93212301587306,4666.34996031746,355.4245238095238,57.60995535714286,517.1663988095238,349.82471230158734
2026-01-02 01:00:00+00:00,,,,,,,,,822.4943890506411,1362.399177525655,472.63718546059,1876.3598671564941,361.131326108273,52.17767831513062,135.04616950407063,328.8293449046814,947.9621056547619,1551.0172172619048,463.93212301587306,4666.34996031746,355.4245238095238,57.60995535714286,517.1663988095238,349.82471230158734,947.9621056547619,1551.0172172619048,463.93212301587306,4666.34996031746,355.4245238095238,57.60995535714286,517.1663988095238,349.82471230158734
2026-01-02 02:00:00+00:00,,,,,,,,,843.803351846755,1260.2926810209738,521.9834780848647,2269.095181483609,337.7597063198053,51.60782786558034,90.51640146563983,306.94079668791846,947.9621056547619,1551.0172172619048,463.93212301587306,4666.34996031746,355.4245238095238,57.60995535714286,517.1663988095238,349.82471230158734,947.9621056547619,1551.0172172619048,463.93212301587306,4666.34996031746,355.4245238095238,57.60995535714286,517.1663988095238,349.82471230158734
2026-01-02 03:00:00+00:00,,,,,,,,,857.792683784643,1422.212849295869,436.5587141708832,2176.6199636294364,346.52038350286,55.11563214335855,123.56547983922059,294.2861315981897,947.9621056547619,1551.0172172619048,463.93212301587306,4666.34996031746,355.4245238095238,57.60995535714286,517.1663988095238,349.82471230158734,947.9621056547619,1551.0172172619048,463.93212301587306,4666.34996031746,355.4245238095238,57.60995535714286,517.1663988095238,349.82471230158734
2026-01-02 04:00:00+00:00,,,,,,,,,864.0134243038469,1497.1639445360927,541.9161834163604,2180.6471000780675,347.56004916009516,54.83900752544958,447.1229955799293,330.9861333864287,947.9621056547619,1551.0172172619048,463.93212301587306,4666.34996031746,355.4245238095238,57.60995535714286,517.1663988095238,349.82471230158734,947.9621056547619,1551.0172172619048,463.93212301587306,4666.34996031746,355.4245238095238,57.60995535714286,517.1663988095238,349.82471230158734
2026-01-02 05:00:00+00:00,,,,,,,,,840.4378263034662,1798.737880769976,548.2688104589712,2686.3945141911972,363.4830367769484,62.85058936079308,556.9546976694642,365.7062994348647,947.9621056547619,1551.0172172619048,463.93212301587306,4666.34996031746,355.4245238095238,57.60995535714286,517.1663988095238,349.82471230158734,947.9621056547619,1551.0172172619048,463.93212301587306,4666.34996031746,355.4245238095238,57.60995535714286,517.1663988095238,349.82471230158734
2026-01-02 06:00:00+00:00,,,,,,,,,847.2164325636576,2043.1037210781496,613.8227366518063,3563.566256602635,356.4797623785605,65.64838188085874,839.8017072804812,365.5294099655772,947.9621056547619,1551.0172172619048,463.93212301587306,4666.34996031746,355.4245238095238,57.60995535714286,517.1663988095238,349.82471230158734,947.9621056547619,1551.0172172619048,463.93212301587306,4666.34996031746,355.4245238095238,57.60995535714286,517.1663988095238,349.82471230158734
2026-01-02 07:00:00+00:00,,,,,,,,,818.4207354144698,1978.497273703374,594.895590734903,3486.8695448188396,366.98639236193503,67.70144461912979,866.8660929931816,375.27680671346627,947.9621056547619,1551.0172172619048,463.93212301587306,4666.34996031746,355.4245238095238,57.60995535714286,517.1663988095238,349.82471230158734,947.9621056547619,1551.0172172619048,463.93212301587306,4666.34996031746,355.4245238095238,57.60995535714286,517.1663988095238,349.82471230158734
2026-01-02 08:00:00+00:00,,,,,,,,,785.2632320595717,2083.4714029502256,613.519704375605,3614.352626022104,363.6923699835154,66.76944137446273,900.0266816795028,370.1144168485453,947.9621056547619,1551.0172172619048,463.93212301587306,4666.34996031746,355.4245238095238,57.60995535714286,517.1663988095238,349.82471230158734,947.9621056547619,1551.0172172619048,463.93212301587306,4666.34996031746,355.4245238095238,57.60995535714286,517.1663988095238,349.82471230158734
2026-01-02 09:00:00+00:00,,,,,,,,,805.6417984645982,2198.5942784658514,615.6249475529336,3472.8590419196003,355.57639229473966,66.7389183871388,426.027158611559,275.15220673616386,947.9621056547619,1551.0172172619048,463.93212301587306,4666.34996031746,355.4245238095238,57.60995535714286,517.1663988095238,349.82471230158734,947.9621056547619,1551.0172172619048,463.93212301587306,4666.34996031746,355.4245238095238,57.60995535714286,517.1663988095238,349.82471230158734
2026-01-02 10:00:00+00:00,,,,,,,,,801.7558605918838,2121.9416456137146,616.3639678072287,3258.528889519408,362.35497837426374,75.48427817666008,216.55686977961795,278.2037281130639,947.9621056547619,1551.0172172619048,463.93212301587306,4666.34996031746,355.4245238095238,57.60995535714286,517.1663988095238,349.82471230158734,947.9621056547619,1551.0172172619048,463.93212301587306,4666.34996031746,355.4245238095238,57.60995535714286,517.1663988095238,349.82471230158734
2026-01-02 11:00:00+00:00,,,,,,,,,860.9529110634588,2207.046762207723,641.1807780493991,3655.3857872951376,355.7742133124351,78.2268416804289,241.28715785585575,280.30943285052825,947.9621056547619,1551.0172172619048,463.93212301587306,4666.34996031746,355.4245238095238,57.60995535714286,517.1663988095238,349.82471230158734,947.9621056547619,1551.0172172619048,463.93212301587306,4666.34996031746,355.4245238095238,57.60995535714286,517.1663988095238,349.82471230158734
2026-01-02 12:00:00+00:00,,,,,,,,,839.9478809315053,2218.613597144762,585.7579387692502,3976.622699912288,350.572522334428,81.01403516793357,76.25562981088979,313.07434772661077,947.9621056547619,1551.0172172619048,463.93212301587306,4666.34996031746,355.4245238095238,57.60995535714286,517.1663988095238,349.82471230158734,947.9621056547619,1551.0172172619048,463.93212301587306,4666.34996031746,355.4245238095238,57.60995535714286,517.1663988095238,349.82471230158734
2026-01-02 13:00:00+00:00,,,,,,,,,773.7188015769763,2284.310193878678,619.9671052913841,3433.482751990358,363.2040081798445,64.45100851762676,216.29807928048996,308.1233542895877,947.9621056547619,1551.0172172619048,463.93212301587306,4666.34996031746,355.4245238095238,57.60995535714286,517.1663988095238,349.82471230158734,947.9621056547619,1551.0172172619048,463.93212301587306,4666.34996031746,355.4245238095238,57.60995535714286,517.1663988095238,349.82471230158734
2026-01-02 14:00:00+00:00,,,,,,,,,802.0577453198262,2431.086752203873,651.0918964554515,3890.9145553239737,356.998209330323,74.67044699853773,382.4130754829516,365.1326419506223,947.9621056547619,1551.0172172619048,463.93212301587306,4666.34996031746,355.4245238095238,57.60995535714286,517.1663988095238,349.82471230158734,947.9621056547619,1551.0172172619048,463.93212301587306,4666.34996031746,355.4245238095238,57.60995535714286,517.1663988095238,349.82471230158734
2026-01-02 15:00:00+00:00,,,,,,,,,816.1902959097305,2306.311835976408,619.1939267011453,3697.0759227785875,359.2480159271973,68.19901922364127,822.3097512471899,366.54943074205306,947.9621056547619,1551.0172172619048,463.93212301587306,4666.34996031746,355.4245238095238,57.60995535714286,517.1663988095238,349.82471230158734,947.9621056547619,1551.0172172619048,463.93212301587306,4666.34996031746,355.4245238095238,57.60995535714286,517.1663988095238,349.82471230158734
2026-01-02 16:00:00+00:00,,,,,,,,,826.7322260659766,2322.2539804021167,633.3988394307142,3660.135654592581,329.29003152925947,71.08498937242344,1068.8523856206716,354.82953025893045,947.9621056547619,1551.0172172619048,463.93212301587306,4666.34996031746,355.4245238095238,57.60995535714286,517.1663988095238,349.82471230158734,947.9621056547619,1551.0172172619048,463.93212301587306,4666.34996031746,355.4245238095238,57.60995535714286,517.1663988095238,349.82471230158734
2026-01-02 17:00:00+00:00,,,,,,,,,844.4135784702728,2411.5446398966487,687.6093356738463,4212.923706174095,369.6818892838802,74.11662266412604,962.5742593735118,341.7832459740541,947.9621056547619,1551.0172172619048,463.93212301587306,4666.34996031746,355.4245238095238,57.60995535714286,517.1663988095238,349.82471230158734,947.9621056547619,1551.0172172619048,463.93212301587306,4666.34996031746,355.4245238095238,57.60995535714286,517.1663988095238,349.82471230158734
2026-01-02 18:00:00+00:00,,,,,,,,,892.9643917308019,2581.4149886879813,680.7774558611775,4187.465499545854,366.9768330998332,86.05845246405876,841.3899428220748,384.38578795956124,947.9621056547619,1551.0172172619048,463.93212301587306,4666.34996031746,355.4245238095238,57.60995535714286,517.1663988095238,349.82471230158734,947.9621056547619,1551.0172172619048,463.93212301587306,4666.34996031746,355.4245238095238,57.60995535714286,517.1663988095238,349.82471230158734
2026-01-02 19:00:00+00:00,,,,,,,,,896.652116799108,2227.4260463455776,609.1386841509127,3766.764202538662,363.53610627048295,70.95525390249247,392.7804385248692,330.93977696987855,947.9621056547619,1551.0172172619048,463.93212301587306,4666.34996031746,355.4245238095238,57.60995535714286,517.1663988095238,349.82471230158734,947.9621056547619,1551.0172172619048,463.93212301587306,4666.34996031746,355.4245238095238,57.60995535714286,517.1663988095238,349.82471230158734
2026-01-02 20:00:00+00:00,,,,,,,,,910.647934797848,2235.2961966637363,614.1512699157405,4173.136404167244,364.0065512896026,65.96904014241548,210.08848235886552,356.81479982962,947.9621056547619,1551.0172172619048,463.93212301587306,4666.34996031746,355.4245238095238,57.60995535714286,517.1663988095238,349.82471230158734,947.9621056547619,1551.0172172619048,463.93212301587306,4666.34996031746,355.4245238095238,57.60995535714286,517.1663988095238,349.82471230158734
2026-01-02 21:00:00+00:00,,,,,,,,,862.3667940342121,2184.605213276887,649.3604625551295,4134.826967729759,372.3157922175308,75.01187384772739,110.95034903455263,355.0489416780874,947.9621056547619,1551.0172172619048,463.93212301587306,4666.34996031746,355.4245238095238,57.60995535714286,517.1663988095238,349.82471230158734,947.9621056547619,1551.0172172619048,463.93212301587306,4666.34996031746,355.4245238095238,57.60995535714286,517.1663988095238,349.82471230158734
2026-01-02 22:00:00+00:00,,,,,,,,,875.6715051980234,2170.6336356059915,681.6143954950531,4071.753158159259,363.3200257084205,68.97425866738145,78.49509081600576,340.47324016614624,947.9621056547619,1551.0172172619048,463.93212301587306,4666.34996031746,355.4245238095238,57.60995535714286,517.1663988095238,349.82471230158734,947.9621056547619,1551.0172172619048,463.93212301587306,4666.34996031746,355.4245238095238,57.60995535714286,517.1663988095238,349.82471230158734
2026-01-02 23:00:00+00:00,,,,,,,,,878.2312838831562,2259.33809206192,706.0147129725517,4020.9852074339706,366.48250105362564,73.05453906034847,208.25735510580392,362.7621377236057,947.9621056547619,1551.0172172619048,463.93212301587306,4666.34996031746,355.4245238095238,57.60995535714286,517.1663988095238,349.82471230158734,947.9621056547619,1551.0172172619048,463.93212301587306,4666.34996031746,355.4245238095238,57.60995535714286,517.1663988095238,349.82471230158734
2026-01-03 00:00:00+00:00,,,,,,,,,870.5955541685469,2191.243425955556,638.5136293559405,4429.1817358581375,322.3357835046566,81.99989779572425,158.33049997302902,322.35523834760363,947.9621056547619,1551.0172172619048,463.93212301587306,4666.34996031746,355.4245238095238,57.60995535714286,517.1663988095238,349.82471230158734,947.9621056547619,1551.0172172619048,463.93212301587306,4666.34996031746,355.4245238095238,57.60995535714286,517.1663988095238,349.82471230158734
2026-01-03 01:00:00+00:00,,,,,,,,,836.0853665324481,2230.380300945383,652.5200329638824,4363.580605708682,363.4427345950179,80.17915516189771,136.03356573076314,328.89603490417795,947.9621056547619,1551.0172172619048,463.93212301587306,4666.34996031746,355.4245238095238,57.60995535714286,517.1663988095238,349.82471230158734,947.9621056547619,1551.0172172619048,463.93212301587306,4666.34996031746,355.4245238095238,57.60995535714286,517.1663988095238,349.82471230158734
2026-01-03 02:00:00+00:00,,,,,,,,,842.2437830801798,1795.2257103886934,621.8168101580178,3920.065813075825,352.9389095610251,72.0747649176038,167.46839974160707,227.60847642841873,947.9621056547619,1551.0172172619048,463.93212301587306,4666.34996031746,355.4245238095238,57.60995535714286,517.1663988095238,349.82471230158734,947.9621056547619,1551.0172172619048,463.93212301587306,4666.34996031746,355.4245238095238,57.60995535714286,517.1663988095238,349.82471230158734
2026-01-03 03:00:00+00:00,,,,,,,,,862.3134635220789,1931.6887396931136,630.3327593796165,3676.5491584992915,354.26906453181005,80.84005372065165,175.84254061222424,346.41042008069496,947.9621056547619,1551.0172172619048,463.93212301587306,4666.34996031746,355.4245238095238,57.60995535714286,517.1663988095238,349.82471230158734,947.9621056547619,1551.0172172619048,463.93212301587306,4666.34996031746,355.4245238095238,57.60995535714286,517.1663988095238,349.82471230158734
2026-01-03 04:00:00+00:00,,,,,,,,,855.3949363766949,1849.7329866163818,554.9418313856285,3789.7683412050274,348.2734163728843,87.21224576985165,296.91855171530597,343.66461020875454,947.9621056547619,1551.0172172619048,463.93212301587306,4666.34996031746,355.4245238095238,57.60995535714286,517.1663988095238,349.82471230158734,947.9621056547619,1551.0172172619048,463.93212301587306,4666.34996031746,355.4245238095238,57.60995535714286,517.1663988095238,349.82471230158734
2026-01-03 05:00:00+00:00,,,,,,,,,879.3405117756956,2161.721445070949,620.9760588923109,4401.608697307802,351.6730014573241,109.36287593446491,293.64068605234183,356.7153098834744,947.9621056547619,1551.0172172619048,463.93212301587306,4666.34996031746,355.4245238095238,57.60995535714286,517.1663988095238,349.82471230158734,947.9621056547619,1551.0172172619048,463.93212301587306,4666.34996031746,355.4245238095238,57.60995535714286,517.1663988095238,349.82471230158734
2026-01-03 06:00:00+00:00,,,,,,,,,891.2038591219899,2423.3342932244022,617.6943545809484,4396.952630250737,359.9463074008839,109.02253245452334,404.35273532687404,327.43265290988063,947.9621056547619,1551.0172172619048,463.93212301587306,4666.34996031746,355.4245238095238,57.60995535714286,517.1663988095238,349.82471230158734,947.9621056547619,1551.0172172619048,463.93212301587306,4666.34996031746,355.4245238095238,57.60995535714286,517.1663988095238,349.82471230158734
2026-01-03 07:00:00+00:00,,,,,,,,,894.0652293819178,2408.8639711202195,660.8318934974999,4755.8160792859,358.63145110837246,128.61705101465887,449.5031943440732,335.85512788137936,947.9621056547619,1551.0172172619048,463.93212301587306,4666.34996031746,355.4245238095238,57.60995535714286,517.1663988095238,349.82471230158734,947.9621056547619,1551.0172172619048,463.93212301587306,4666.34996031746,355.4245238095238,57.60995535714286,517.1663988095238,349.82471230158734
2026-01-03 08:00:00+00:00,,,,,,,,,902.1293220285921,2501.494222015549,749.6894570621616,5279.156612834467,356.02798919172875,123.74900722303923,300.2251030033183,303.4849317134035,947.9621056547619,1551.0172172619048,463.93212301587306,4666.34996031746,355.4245238095238,57.60995535714286,517.1663988095238,349.82471230158734,947.9621056547619,1551.0172172619048,463.93212301587306,4666.34996031746,355.4245238095238,57.60995535714286,517.1663988095238,349.82471230158734
2026-01-03 09:00:00+00:00,,,,,,,,,867.0934644404573,2337.7599632889046,674.8792143761982,4685.214423595577,362.6051327670968,115.93254268099625,118.25987509856219,271.0956166280559,947.9621056547619,1551.0172172619048,463.93212301587306,4666.34996031746,355.4245238095238,57.60995535714286,517.1663988095238,349.82471230158734,947.9621056547619,1551.0172172619048,463.93212301587306,4666.34996031746,355.4245238095238,57.60995535714286,517.1663988095238,349.82471230158734
2026-01-03 10:00:00+00:00,,,,,,,,,857.1315108314258,2309.541717521337,765.6032572389392,4550.558014606015,364.01594338318773,110.35601617757416,204.44567434572429,281.22603780472525,947.9621056547619,1551.0172172619048,463.93212301587306,4666.34996031746,355.4245238095238,57.60995535714286,517.1663988095238,349.82471230158734,947.9621056547619,1551.0172172619048,463.93212301587306,4666.34996031746,355.4245238095238,57.60995535714286,517.1663988095238,349.82471230158734
2026-01-03 11:00:00+00:00,,,,,,,,,853.2857534465154,2541.3418623732623,767.1538656221463,5186.619959715361,358.95536829963356,116.08678837843921,117.32017509724432,279.05960497407847,947.9621056547619,1551.0172172619048,463.93212301587306,4666.34996031746,355.4245238095238,57.60995535714286,517.1663988095238,349.82471230158734,947.9621056547619,1551.0172172619048,463.93212301587306,4666.34996031746,355.4245238095238,57.60995535714286,517.1663988095238,349.82471230158734
2026-01-03 12:00:00+00:00,,,,,,,,,941.3832871823386,2585.86490794536,781.8383433733073,5135.924151711469,365.1732404513546,106.78923539872756,220.28909929697005,330.1610680158421,947.9621056547619,1551.0172172619048,463.93212301587306,4666.34996031746,355.4245238095238,57.60995535714286,517.1663988095238,349.82471230158734,947.9621056547619,1551.0172172619048,463.93212301587306,4666.34996031746,355.4245238095238,57.60995535714286,517.1663988095238,349.82471230158734
2026-01-03 13:00:00+00:00,,,,,,,,,926.1271289255014,2391.1326770807336,628.529627773426,4843.750558140742,363.3669466647421,93.77261886416385,231.7218232380278,310.6437020022321,947.9621056547619,1551.0172172619048,463.93212301587306,4666.34996031746,355.4245238095238,57.60995535714286,517.1663988095238,349.82471230158734,947.9621056547619,1551.0172172619048,463.93212301587306,4666.34996031746,355.4245238095238,57.60995535714286,517.1663988095238,349.82471230158734
2026-01-03 14:00:00+00:00,,,,,,,,,876.5268721453137,2757.6604419310197,781.4470914503115,4931.243423697832,357.48355277529873,110.42158390498778,231.3029238380875,334.706626256874,947.9621056547619,1551.0172172619048,463.93212301587306,4666.34996031746,355.4245238095238,57.60995535714286,517.1663988095238,349.82471230158734,947.9621056547619,1551.0172172619048,463.93212301587306,4666.34996031746,355.4245238095238,57.60995535714286,517.1663988095238,349.82471230158734
2026-01-03 15:00:00+00:00,,,,,,,,,871.8169681066156,3044.605278639631,847.3254679179871,6481.794380048595,365.13223880699167,152.6325857504096,398.22282765091944,367.17509313584077,947.9621056547619,1551.0172172619048,463.93212301587306,4666.34996031746,355.4245238095238,57.60995535714286,517.1663988095238,349.82471230158734,947.9621056547619,1551.0172172619048,463.93212301587306,4666.34996031746,355.4245238095238,57.60995535714286,517.1663988095238,349.82471230158734
2026-01-03 16:00:00+00:00,,,,,,,,,869.7696783441528,2983.2301226208665,905.4690684322636,6080.713445049674,329.3960774054173,136.244448657704,1005.6084544982426,355.61304317162086,947.9621056547619,1551.0172172619048,463.93212301587306,4666.34996031746,355.4245238095238,57.60995535714286,517.1663988095238,349.82471230158734,947.9621056547619,1551.0172172619048,463.93212301587306,4666.34996031746,355.4245238095238,57.60995535714286,517.1663988095238,349.82471230158734
2026-01-03 17:00:00+00:00,,,,,,,,,928.9790735712961,2773.1845903279263,821.0185235407439,5098.202953035,366.065093771711,125.49083006117442,1066.5380790323266,301.67094119557055,947.9621056547619,1551.0172172619048,463.93212301587306,4666.34996031746,355.4245238095238,57.60995535714286,517.1663988095238,349.82471230158734,947.9621056547619,1551.0172172619048,463.93212301587306,4666.34996031746,355.4245238095238,57.60995535714286,517.1663988095238,349.82471230158734
2026-01-03 18:00:00+00:00,,,,,,,,,988.2740240247856,2930.1429356296176,864.2114342082414,6469.052635887689,365.4249120996356,102.86457991630316,824.3312965831426,336.4735333805755,947.9621056547619,1551.0172172619048,463.93212301587306,4666.34996031746,355.4245238095238,57.60995535714286,517.1663988095238,349.82471230158734,947.9621056547619,1551.0172172619048,463.93212301587306,4666.34996031746,355.4245238095238,57.60995535714286,517.1663988095238,349.82471230158734
2026-01-03 19:00:00+00:00,,,,,,,,,891.530535303513,2998.2293549637343,874.3225972976376,5920.162485209292,362.33925516063806,139.50846402527824,386.40375201599034,321.6728564482106,947.9621056547619,1551.0172172619048,463.93212301587306,4666.34996031746,355.4245238095238,57.60995535714286,517.1663988095238,349.82471230158734,947.9621056547619,1551.0172172619048,463.93212301587306,4666.34996031746,355.4245238095238,57.60995535714286,517.1663988095238,349.82471230158734
2026-01-03 20:00:00+00:00,,,,,,,,,885.3236610542866,2830.0809627374565,783.8755817781104,4853.744967614421,371.7316626826773,121.47870961077929,462.4418767990013,330.51879266857327,947.9621056547619,1551.0172172619048,463.93212301587306,4666.34996031746,355.4245238095238,57.60995535714286,517.1663988095238,349.82471230158734,947.9621056547619,1551.0172172619048,463.93212301587306,4666.34996031746,355.4245238095238,57.60995535714286,517.1663988095238,349.82471230158734
2026-01-03 21:00:00+00:00,,,,,,,,,910.775240522903,2457.1644024330944,818.9641263212013,4709.746857374553,371.10973702623113,95.36122075708492,395.6620924063265,325.3004493638682,947.9621056547619,1551.0172172619048,463.93212301587306,4666.34996031746,355.4245238095238,57.60995535714286,517.1663988095238,349.82471230158734,947.9621056547619,1551.0172172619048,463.93212301587306,4666.34996031746,355.4245238095238,57.60995535714286,517.1663988095238,349.82471230158734
2026-01-03 22:00:00+00:00,,,,,,,,,905.7260357994954,2407.4349730328577,750.7936658811238,4241.553136096381,367.61984151978606,107.61216214231459,239.54324180491886,322.42523348632574,947.9621056547619,1551.0172172619048,463.93212301587306,4666.34996031746,355.4245238095238,57.60995535714286,517.1663988095238,349.82471230158734,947.9621056547619,1551.0172172619048,463.93212301587306,4666.34996031746,355.4245238095238,57.60995535714286,517.1663988095238,349.82471230158734
2026-01-03 23:00:00+00:00,,,,,,,,,905.2817435269652,2289.712144020239,707.9487942418323,4270.5919845725175,331.0356032132607,95.32222375478315,179.1310876600843,297.0716761546673,947.9621056547619,1551.0172172619048,463.93212301587306,4666.34996031746,355.4245238095238,57.60995535714286,517.1663988095238,349.82471230158734,947.9621056547619,1551.0172172619048,463.93212301587306,4666.34996031746,355.4245238095238,57.60995535714286,517.1663988095238,349.82471230158734
2026-01-04 00:00:00+00:00,,,,,,,,,929.1911837147914,2127.4269487949878,626.0316359491399,4089.7610448854984,362.7468897878064,89.11295147405718,162.56600758552793,242.8851082774237,947.9621056547619,1551.0172172619048,463.93212301587306,4666.34996031746,355.4245238095238,57.60995535714286,517.1663988095238,349.82471230158734,947.9621056547619,1551.0172172619048,463.93212301587306,4666.34996031746,355.4245238095238,57.60995535714286,517.1663988095238,349.82471230158734
2026-01-04 01:00:00+00:00,,,,,,,,,934.1822027373488,2180.1669477447967,629.2523778106229,5033.4416529901955,321.62601669218003,99.07152156376043,107.79756621586796,224.14751220722223,947.9621056547619,1551.0172172619048,463.93212301587306,4666.34996031746,355.4245238095238,57.60995535714286,517.1663988095238,349.82471230158734,947.9621056547619,1551.0172172619048,463.93212301587306,4666.34996031746,355.4245238095238,57.60995535714286,517.1663988095238,349.82471230158734
2026-01-04 02:00:00+00:00,,,,,,,,,904.1054649447142,2090.9323528452314,683.3523251772796,4945.3355512376365,348.1052717424211,98.010695995444,91.35800058920665,219.25383723807857,947.9621056547619,1551.0172172619048,463.93212301587306,4666.34996031746,355.4245238095238,57.60995535714286,517.1663988095238,349.82471230158734,947.9621056547619,1551.0172172619048,463.93212301587306,4666.34996031746,355.4245238095238,57.60995535714286,517.1663988095238,349.82471230158734
2026-01-04 03:00:00+00:00,,,,,,,,,909.6693809782827,2165.979356335442,678.5596399418914,4816.474140913368,311.2703494320121,99.20294408967574,68.73873766509507,349.3076493412444,947.9621056547619,1551.0172172619048,463.93212301587306,4666.34996031746,355.4245238095238,57.60995535714286,517.1663988095238,349.82471230158734,947.9621056547619,1551.0172172619048,463.93212301587306,4666.34996031746,355.4245238095238,57.60995535714286,517.1663988095238,349.82471230158734
2026-01-04 04:00:00+00:00,,,,,,,,,906.9298798742121,2350.7712214620706,654.617569392153,4481.736490668145,348.03082100251964,94.70347308175559,274.0428383887406,330.6287696989607,947.9621056547619,1551.0172172619048,463.93212301587306,4666.34996031746,355.4245238095238,57.60995535714286,517.1663988095238,349.82471230158734,947.9621056547619,1551.0172172619048,463.93212301587306,4666.34996031746,355.4245238095238,57.60995535714286,517.1663988095238,349.82471230158734
2026-01-04 05:00:00+00:00,,,,,,,,,928.1949102933493,2418.0450246113687,626.011978685787,4341.72058877092,354.56227987428116,97.76258572419711,301.79144468508804,318.3316545015511,947.9621056547619,1551.0172172619048,463.93212301587306,4666.34996031746,355.4245238095238,57.60995535714286,517.1663988095238,349.82471230158734,947.9621056547619,1551.0172172619048,463.93212301587306,4666.34996031746,355.4245238095238,57.60995535714286,517.1663988095238,349.82471230158734
2026-01-04 06:00:00+00:00,,,,,,,,,929.8230726151788,2633.957259044353,677.9451857881824,4606.085445539948,360.68896424668696,124.30682664801301,268.3681752127718,332.1338659357965,947.9621056547619,1551.0172172619048,463.93212301587306,4666.34996031746,355.4245238095238,57.60995535714286,517.1663988095238,349.82471230158734,947.9621056547619,1551.0172172619048,463.93212301587306,4666.34996031746,355.4245238095238,57.60995535714286,517.1663988095238,349.82471230158734
2026-01-04 07:00:00+00:00,,,,,,,,,927.9379340869999,2753.860576289185,842.9776420252954,5221.569322964965,372.19812573758117,131.081544377331,407.4812842018345,366.6519506872727,947.9621056547619,1551.0172172619048,463.93212301587306,4666.34996031746,355.4245238095238,57.60995535714286,517.1663988095238,349.82471230158734,947.9621056547619,1551.0172172619048,463.93212301587306,4666.34996031746,355.4245238095238,57.60995535714286,517.1663988095238,349.82471230158734
2026-01-04 08:00:00+00:00,,,,,,,,,920.9077432894361,3040.8517577871357,914.071046460047,5902.068107051501,372.3225080890347,152.0322507229961,605.5416104645409,354.4128930264254,947.9621056547619,1551.0172172619048,463.93212301587306,4666.34996031746,355.4245238095238,57.60995535714286,517.1663988095238,349.82471230158734,947.9621056547619,1551.0172172619048,463.93212301587306,4666.34996031746,355.4245238095238,57.60995535714286,517.1663988095238,349.82471230158734
2026-01-04 09:00:00+00:00,,,,,,,,,954.8883322133245,3051.420738329655,902.2277005788139,6069.702388865381,366.61682760643777,156.74644844481807,393.6590956167672,346.5671296274264,947.9621056547619,1551.0172172619048,463.93212301587306,4666.34996031746,355.4245238095238,57.60995535714286,517.1663988095238,349.82471230158734,947.9621056547619,1551.0172172619048,463.93212301587306,4666.34996031746,355.4245238095238,57.60995535714286,517.1663988095238,349.82471230158734
2026-01-04 10:00:00+00:00,,,,,,,,,938.9458076420398,3039.288839298406,910.0047181806817,6333.628644370741,356.2964011804266,156.951852482865,257.25219716345777,306.1023740725997,947.9621056547619,1551.0172172619048,463.93212301587306,4666.34996031746,355.4245238095238,57.60995535714286,517.1663988095238,349.82471230158734,947.9621056547619,1551.0172172619048,463.93212301587306,4666.34996031746,355.4245238095238,57.60995535714286,517.1663988095238,349.82471230158734
2026-01-04 11:00:00+00:00,,,,,,,,,969.1355580530384,3164.142650176052,908.2833091897719,6491.72745025335,359.5696119740264,153.782657650591,249.73605777439127,300.0285063588255,947.9621056547619,1551.0172172619048,463.93212301587306,4666.34996031746,355.4245238095238,57.60995535714286,517.1663988095238,349.82471230158734,947.9621056547619,1551.0172172619048,463.93212301587306,4666.34996031746,355.4245238095238,57.60995535714286,517.1663988095238,349.82471230158734
2026-01-04 12:00:00+00:00,,,,,,,,,954.7656341552366,2656.688097118707,778.7610191274391,5793.027054498211,356.12568825682865,136.39586773697232,219.7176038422598,288.78559149055235,947.9621056547619,1551.0172172619048,463.93212301587306,4666.34996031746,355.4245238095238,57.60995535714286,517.1663988095238,349.82471230158734,947.9621056547619,1551.0172172619048,463.93212301587306,4666.34996031746,355.4245238095238,57.60995535714286,517.1663988095238,349.82471230158734
2026-01-04 13:00:00+00:00,,,,,,,,,955.074005618134,2803.0524916981776,796.5112799273137,5798.720175524735,360.44165189680245,135.681284738745,248.36453688946966,347.95092959489244,947.9621056547619,1551.0172172619048,463.93212301587306,4666.34996031746,355.4245238095238,57.60995535714286,517.1663988095238,349.82471230158734,947.9621056547619,1551.0172172619048,463.93212301587306,4666.34996031746,355.4245238095238,57.60995535714286,517.1663988095238,349.82471230158734
2026-01-04 14:00:00+00:00,,,,,,,,,920.0767640331798,3097.1260407920026,805.3593287544747,6462.9636199986535,356.9053172970306,167.15994608714476,433.74662288458717,382.4937594839876,947.9621056547619,1551.0172172619048,463.93212301587306,4666.34996031746,355.4245238095238,57.60995535714286,517.1663988095238,349.82471230158734,947.9621056547619,1551.0172172619048,463.93212301587306,4666.34996031746,355.4245238095238,57.60995535714286,517.1663988095238,349.82471230158734
2026-01-04 15:00:00+00:00,,,,,,,,,951.4478945577798,3157.2462612871304,897.0706013924923,6451.343103369132,364.2627690740012,154.0511282057758,1079.0513694514293,386.5640152221234,947.9621056547619,1551.0172172619048,463.93212301587306,4666.34996031746,355.4245238095238,57.60995535714286,517.1663988095238,349.82471230158734,947.9621056547619,1551.0172172619048,463.93212301587306,4666.34996031746,355.4245238095238,57.60995535714286,517.1663988095238,349.82471230158734
2026-01-04 16:00:00+00:00,,,,,,,,,1039.7312208168657,3231.683167298147,907.6717093812624,7054.158641782493,373.4193846711776,141.9178373511394,1607.1709198761655,359.0650248317052,947.9621056547619,1551.0172172619048,463.93212301587306,4666.34996031746,355.4245238095238,57.60995535714286,517.1663988095238,349.82471230158734,947.9621056547619,1551.0172172619048,463.93212301587306,4666.34996031746,355.4245238095238,57.60995535714286,517.1663988095238,349.82471230158734
2026-01-04 17:00:00+00:00,,,,,,,,,937.1091178209414,3199.254099708051,841.5787882109887,6286.440239717532,371.1606694738742,157.59975097026881,1655.5115453940111,375.5332884924037,947.9621056547619,1551.0172172619048,463.93212301587306,4666.34996031746,355.4245238095238,57.60995535714286,517.1663988095238,349.82471230158734,947.9621056547619,1551.0172172619048,463.93212301587306,4666.34996031746,355.4245238095238,57.60995535714286,517.1663988095238,349.82471230158734
2026-01-04 18:00:00+00:00,,,,,,,,,986.5761985519853,3151.7247691831844,864.3650568579385,6115.094614853567,355.9154310186506,147.63165859396764,1546.1385991471288,381.94242477269995,947.9621056547619,1551.0172172619048,463.93212301587306,4666.34996031746,355.4245238095238,57.60995535714286,517.1663988095238,349.82471230158734,947.9621056547619,1551.0172172619048,463.93212301587306,4666.34996031746,355.4245238095238,57.60995535714286,517.1663988095238,349.82471230158734
2026-01-04 19:00:00+00:00,,,,,,,,,990.0290214799614,3119.366791612186,842.5393092285867,6001.682420601439,362.55599197244993,146.80030849000144,888.8949752818451,357.27581173621036,947.9621056547619,1551.0172172619048,463.93212301587306,4666.34996031746,355.4245238095238,57.60995535714286,517.1663988095238,349.82471230158734,947.9621056547619,1551.0172172619048,463.93212301587306,4666.34996031746,355.4245238095238,57.60995535714286,517.1663988095238,349.82471230158734
2026-01-04 20:00:00+00:00,,,,,,,,,1000.4119997150766,3104.6529505623585,856.0408011113655,5755.844879677305,360.40710763909277,147.7918800291548,445.91669550809894,350.09510113965115,947.9621056547619,1551.0172172619048,463.93212301587306,4666.34996031746,355.4245238095238,57.60995535714286,517.1663988095238,349.82471230158734,947.9621056547619,1551.0172172619048,463.93212301587306,4666.34996031746,355.4245238095238,57.60995535714286,517.1663988095238,349.82471230158734
2026-01-04 21:00:00+00:00,,,,,,,,,988.8535082842499,2986.871333977884,808.7160281757504,5627.834425084971,366.7084254904485,147.30140132485636,379.2889679762959,356.3033892962635,947.9621056547619,1551.0172172619048,463.93212301587306,4666.34996031746,355.4245238095238,57.60995535714286,517.1663988095238,349.82471230158734,947.9621056547619,1551.0172172619048,463.93212301587306,4666.34996031746,355.4245238095238,57.60995535714286,517.1663988095238,349.82471230158734
2026-01-04 22:00:00+00:00,,,,,,,,,995.7547111012699,2780.133372508769,693.2684237100747,5756.804123315313,366.6785320668387,146.11125682032582,257.4886894483907,371.5260124496512,947.9621056547619,1551.0172172619048,463.93212301587306,4666.34996031746,355.4245238095238,57.60995535714286,517.1663988095238,349.82471230158734,947.9621056547619,1551.0172172619048,463.93212301587306,4666.34996031746,355.4245238095238,57.60995535714286,517.1663988095238,349.82471230158734
2026-01-04 23:00:00+00:00,,,,,,,,,1025.4623884737846,2746.1021057093303,645.048245463236,5661.7145280515,365.2278137286628,140.17794741365003,190.7835060164761,376.46439655146423,947.9621056547619,1551.0172172619048,463.93212301587306,4666.34996031746,355.4245238095238,57.60995535714286,517.1663988095238,349.82471230158734,947.9621056547619,1551.0172172619048,463.93212301587306,4666.34996031746,355.4245238095238,57.60995535714286,517.1663988095238,349.82471230158734
2026-01-05 00:00:00+00:00,,,,,,,,,1003.5955245072788,2742.779555132106,707.4297799523504,5540.2913757175875,361.92576982124166,137.8296608517166,277.99555938914284,380.01160512506834,947.9621056547619,1551.0172172619048,463.93212301587306,4666.34996031746,355.4245238095238,57.60995535714286,517.1663988095238,349.82471230158734,947.9621056547619,1551.0172172619048,463.93212301587306,4666.34996031746,355.4245238095238,57.60995535714286,517.1663988095238,349.82471230158734
2026-01-05 01:00:00+00:00,,,,,,,,,1016.1690851460826,2514.2603839585054,648.6391764094127,5743.482831328214,358.3320965417905,119.27346647387247,287.85466260158944,264.42953057165613,947.9621056547619,1551.0172172619048,463.93212301587306,4666.34996031746,355.4245238095238,57.60995535714286,517.1663988095238,349.82471230158734,947.9621056547619,1551.0172172619048,463.93212301587306,4666.34996031746,355.4245238095238,57.60995535714286,517.1663988095238,349.82471230158734
2026-01-05 02:00:00+00:00,,,,,,,,,1007.5564891472644,2482.312766595312,692.1439743240381,5945.071089633304,359.7818258093133,119.67071601612099,272.84457120129866,259.2911152794982,947.9621056547619,1551.0172172619048,463.93212301587306,4666.34996031746,355.4245238095238,57.60995535714286,517.1663988095238,349.82471230158734,947.9621056547619,1551.0172172619048,463.93212301587306,4666.34996031746,355.4245238095238,57.60995535714286,517.1663988095238,349.82471230158734
2026-01-05 03:00:00+00:00,,,,,,,,,998.2651980567006,2600.88845160833,769.6158545854566,6116.6074745951755,362.4697941438572,133.27960810867916,267.7459843061081,388.5810701227292,947.9621056547619,1551.0172172619048,463.93212301587306,4666.34996031746,355.4245238095238,57.60995535714286,517.1663988095238,349.82471230158734,947.9621056547619,1551.0172172619048,463.93212301587306,4666.34996031746,355.4245238095238,57.60995535714286,517.1663988095238,349.82471230158734
2026-01-05 04:00:00+00:00,,,,,,,,,982.7545190099211,2752.705385936216,844.2761874728074,6294.401328810297,367.67598891550375,130.7925462229702,789.0429438089782,391.89390038182853,947.9621056547619,1551.0172172619048,463.93212301587306,4666.34996031746,355.4245238095238,57.60995535714286,517.1663988095238,349.82471230158734,947.9621056547619,1551.0172172619048,463.93212301587306,4666.34996031746,355.4245238095238,57.60995535714286,517.1663988095238,349.82471230158734
2026-01-05 05:00:00+00:00,,,,,,,,,989.5579156706196,3340.6382564802884,927.5413964107759,6670.231873350775,372.9953906214838,130.6155673658442,1125.6981590014598,399.132626168012,947.9621056547619,1551.0172172619048,463.93212301587306,4666.34996031746,355.4245238095238,57.60995535714286,517.1663988095238,349.82471230158734,947.9621056547619,1551.0172172619048,463.93212301587306,4666.34996031746,355.4245238095238,57.60995535714286,517.1663988095238,349.82471230158734
2026-01-05 06:00:00+00:00,,,,,,,,,989.0168376814813,3457.290416772744,1081.8620358871326,7158.9388465888915,373.5586072425262,150.43721911224085,800.8126319254852,404.73251414082716,947.9621056547619,1551.0172172619048,463.93212301587306,4666.34996031746,355.4245238095238,57.60995535714286,517.1663988095238,349.82471230158734,947.9621056547619,1551.0172172619048,463.93212301587306,4666.34996031746,355.4245238095238,57.60995535714286,517.1663988095238,349.82471230158734
2026-01-05 07:00:00+00:00,,,,,,,,,979.5697035097955,3658.9683435203497,1089.178384444789,7239.679480736759,374.74185754734566,143.96029541841708,1196.540162970851,364.55354801116806,947.9621056547619,1551.0172172619048,463.93212301587306,4666.34996031746,355.4245238095238,57.60995535714286,517.1663988095238,349.82471230158734,947.9621056547619,1551.0172172619048,463.93212301587306,4666.34996031746,355.4245238095238,57.60995535714286,517.1663988095238,349.82471230158734
2026-01-05 08:00:00+00:00,,,,,,,,,954.8703197807833,3882.0500754919767,1062.3056050361754,7230.739911924874,368.1001885432783,159.1038118360078,1029.2156084105586,378.9443040458307,947.9621056547619,1551.0172172619048,463.93212301587306,4666.34996031746,355.4245238095238,57.60995535714286,517.1663988095238,349.82471230158734,947.9621056547619,1551.0172172619048,463.93212301587306,4666.34996031746,355.4245238095238,57.60995535714286,517.1663988095238,349.82471230158734
2026-01-05 09:00:00+00:00,,,,,,,,,964.2336363758473,3367.1295840396783,1135.9942126208393,7489.742307056147,369.8112010890077,148.44969230614933,373.29153136617174,398.5894090339948,947.9621056547619,1551.0172172619048,463.93212301587306,4666.34996031746,355.4245238095238,57.60995535714286,517.1663988095238,349.82471230158734,947.9621056547619,1551.0172172619048,463.93212301587306,4666.34996031746,355.4245238095238,57.60995535714286,517.1663988095238,349.82471230158734
2026-01-05 10:00:00+00:00,,,,,,,,,959.3684392710138,3290.0186249826284,1150.6449217748009,7819.940329054769,362.5783097008278,154.5231076080911,359.65182542974503,413.28978035079115,947.9621056547619,1551.0172172619048,463.93212301587306,4666.34996031746,355.4245238095238,57.60995535714286,517.1663988095238,349.82471230158734,947.9621056547619,1551.0172172619048,463.93212301587306,4666.34996031746,355.4245238095238,57.60995535714286,517.1663988095238,349.82471230158734
2026-01-05 11:00:00+00:00,,,,,,,,,968.9558067965755,3216.102276979044,1068.8169673218194,7863.407054543039,362.7304119742177,164.82837635393972,274.49792754704686,412.1745348956139,947.9621056547619,1551.0172172619048,463.93212301587306,4666.34996031746,355.4245238095238,57.60995535714286,517.1663988095238,349.82471230158734,947.9621056547619,1551.0172172619048,463.93212301587306,4666.34996031746,355.4245238095238,57.60995535714286,517.1663988095238,349.82471230158734
2026-01-05 12:00:00+00:00,,,,,,,,,982.604359863981,3354.38273796829,1021.637796498268,7622.6838522018115,374.2688348340097,170.26441235608513,279.1496559951212,409.12398327784643,947.9621056547619,1551.0172172619048,463.93212301587306,4666.34996031746,355.4245238095238,57.60995535714286,517.1663988095238,349.82471230158734,947.9621056547619,1551.0172172619048,463.93212301587306,4666.34996031746,355.4245238095238,57.60995535714286,517.1663988095238,349.82471230158734
2026-01-05 13:00:00+00:00,,,,,,,,,992.6103219522942,3694.5443974361615,1030.1266335131932,7638.31978580712,380.41763325823274,171.8440730671604,515.5837990057565,397.6206790044886,947.9621056547619,1551.0172172619048,463.93212301587306,4666.34996031746,355.4245238095238,57.60995535714286,517.1663988095238,349.82471230158734,947.9621056547619,1551.0172172619048,463.93212301587306,4666.34996031746,355.4245238095238,57.60995535714286,517.1663988095238,349.82471230158734
2026-01-05 14:00:00+00:00,,,,,,,,,910.3734569249673,3725.2020401378004,1000.4083575558684,7661.998776792627,404.535049124301,170.42231774512197,928.4359038657904,398.86157328535535,947.9621056547619,1551.0172172619048,463.93212301587306,4666.34996031746,355.4245238095238,57.60995535714286,517.1663988095238,349.82471230158734,947.9621056547619,1551.0172172619048,463.93212301587306,4666.34996031746,355.4245238095238,57.60995535714286,517.1663988095238,349.82471230158734
2026-01-05 15:00:00+00:00,,,,,,,,,897.0239442771087,3701.713625800163,1060.6843301135143,7602.144335183794,404.7514101722426,172.89786948333224,1419.821746832466,391.00324536218955,947.9621056547619,1551.0172172619048,463.93212301587306,4666.34996031746,355.4245238095238,57.60995535714286,517.1663988095238,349.82471230158734,947.9621056547619,1551.0172172619048,463.93212301587306,4666.34996031746,355.4245238095238,57.60995535714286,517.1663988095238,349.82471230158734
2026-01-05 16:00:00+00:00,,,,,,,,,902.1528750743545,3851.44277540882,1109.5967243557243,7767.120086679893,383.4390351570227,162.94146182534396,1771.000484926666,398.46954232757406,947.9621056547619,1551.0172172619048,463.93212301587306,4666.34996031746,355.4245238095238,57.60995535714286,517.1663988095238,349.82471230158734,947.9621056547619,1551.0172172619048,463.93212301587306,4666.34996031746,355.4245238095238,57.60995535714286,517.1663988095238,349.82471230158734
2026-01-05 17:00:00+00:00,,,,,,,,,920.8697384099378,3976.0732454061927,1001.3944017419706,7640.899659144008,377.68263110743345,153.55942506858702,1773.5872949851807,364.80071139426906,947.9621056547619,1551.0172172619048,463.93212301587306,4666.34996031746,355.4245238095238,57.60995535714286,517.1663988095238,349.82471230158734,947.9621056547619,1551.0172172619048,463.93212301587306,4666.34996031746,355.4245238095238,57.60995535714286,517.1663988095238,349.82471230158734
2026-01-05 18:00:00+00:00,,,,,,,,,912.1521893826439,4011.0398573377734,1124.7489620983613,7650.113440727808,382.6126020695203,158.4647122374655,1500.5347477057142,380.250552376339,947.9621056547619,1551.0172172619048,463.93212301587306,4666.34996031746,355.4245238095238,57.60995535714286,517.1663988095238,349.82471230158734,947.9621056547619,1551.0172172619048,463.93212301587306,4666.34996031746,355.4245238095238,57.60995535714286,517.1663988095238,349.82471230158734
2026-01-05 19:00:00+00:00,,,,,,,,,933.5062937430382,3909.846642892102,1045.913384855129,7361.422579507716,377.6916592851935,141.55499967975987,1025.8840865211391,363.9961635509627,947.9621056547619,1551.0172172619048,463.93212301587306,4666.34996031746,355.4245238095238,57.60995535714286,517.1663988095238,349.82471230158734,947.9621056547619,1551.0172172619048,463.93212301587306,4666.34996031746,355.4245238095238,57.60995535714286,517.1663988095238,349.82471230158734
2026-01-05 20:00:00+00:00,,,,,,,,,928.8434935783613,3533.910763622096,1000.4423682250797,7396.025878401649,366.20313198648853,142.15902832185134,672.677174470645,360.71871183723374,947.9621056547619,1551.0172172619048,463.93212301587306,4666.34996031746,355.4245238095238,57.60995535714286,517.1663988095238,349.82471230158734,947.9621056547619,1551.0172172619048,463.93212301587306,4666.34996031746,355.4245238095238,57.60995535714286,517.1663988095238,349.82471230158734
2026-01-05 21:00:00+00:00,,,,,,,,,920.9571619154432,3266.185067637056,963.5572867518413,7266.737824847742,367.8510370481648,142.72855026149168,931.7251820281062,383.7773721297809,947.9621056547619,1551.0172172619048,463.93212301587306,4666.34996031746,355.4245238095238,57.60995535714286,517.1663988095238,349.82471230158734,947.9621056547619,1551.0172172619048,463.93212301587306,4666.34996031746,355.4245238095238,57.60995535714286,517.1663988095238,349.82471230158734
2026-01-05 22:00:00+00:00,,,,,,,,,904.2060004531334,3065.624391640071,957.7885432638366,7525.370336935672,370.2427581284687,145.14278621400072,786.0183787320896,374.4951551331695,947.9621056547619,1551.0172172619048,463.93212301587306,4666.34996031746,355.4245238095238,57.60995535714286,517.1663988095238,349.82471230158734,947.9621056547619,1551.0172172619048,463.93212301587306,4666.34996031746,355.4245238095238,57.60995535714286,517.1663988095238,349.82471230158734
2026-01-05 23:00:00+00:00,,,,,,,,,958.5587186788564,2924.5651763273963,988.7379990930838,7550.485415546625,357.2925445918233,146.97500740558985,702.9216061456317,375.1013655351414,947.9621056547619,1551.0172172619048,463.93212301587306,4666.34996031746,355.4245238095238,57.60995535714286,517.1663988095238,349.82471230158734,947.9621056547619,1551.0172172619048,463.93212301587306,4666.34996031746,355.4245238095238,57.60995535714286,517.1663988095238,349.82471230158734
2026-01-06 00:00:00+00:00,,,,,,,,,946.9823709846128,2782.756384145334,938.4126889562878,6909.904122591721,360.8443162451974,140.2523069024916,475.7730430357094,334.54397984550354,947.9621056547619,1551.0172172619048,463.93212301587306,4666.34996031746,355.4245238095238,57.60995535714286,517.1663988095238,349.82471230158734,947.9621056547619,1551.0172172619048,463.93212301587306,4666.34996031746,355.4245238095238,57.60995535714286,517.1663988095238,349.82471230158734
2026-01-06 01:00:00+00:00,,,,,,,,,933.1418850854523,2762.9588698450684,992.7807689013123,7015.798999645411,359.4248700950899,144.38456881867435,567.8727271051838,318.33801425209725,947.9621056547619,1551.0172172619048,463.93212301587306,4666.34996031746,355.4245238095238,57.60995535714286,517.1663988095238,349.82471230158734,947.9621056547619,1551.0172172619048,463.93212301587306,4666.34996031746,355.4245238095238,57.60995535714286,517.1663988095238,349.82471230158734
2026-01-06 02:00:00+00:00,,,,,,,,,932.275069168881,2806.0146965375434,967.1666123791737,7159.16115112897,355.91577845207314,144.1973058846071,880.4790959024472,296.2649342487044,947.9621056547619,1551.0172172619048,463.93212301587306,4666.34996031746,355.4245238095238,57.60995535714286,517.1663988095238,349.82471230158734,947.9621056547619,1551.0172172619048,463.93212301587306,4666.34996031746,355.4245238095238,57.60995535714286,517.1663988095238,349.82471230158734
2026-01-06 03:00:00+00:00,,,,,,,,,938.9871193994072,2922.267973013689,983.9732910981306,7577.105775278673,360.6081638514254,142.5484432750448,958.1741716131655,362.43573149098376,947.9621056547619,1551.0172172619048,463.93212301587306,4666.34996031746,355.4245238095238,57.60995535714286,517.1663988095238,349.82471230158734,947.9621056547619,1551.0172172619048,463.93212301587306,4666.34996031746,355.4245238095238,57.60995535714286,517.1663988095238,349.82471230158734
2026-01-06 04:00:00+00:00,,,,,,,,,996.4188248286018,3330.027712935854,1007.3931922591455,7380.518295940656,366.3021450770912,143.3622064116239,1308.4796453179515,316.42758046552564,947.9621056547619,1551.0172172619048,463.93212301587306,4666.34996031746,355.4245238095238,57.60995535714286,517.1663988095238,349.82471230158734,947.9621056547619,1551.0172172619048,463.93212301587306,4666.34996031746,355.4245238095238,57.60995535714286,517.1663988095238,349.82471230158734
2026-01-06 05:00:00+00:00,,,,,,,,,975.5900122692095,3796.491965893684,1076.175829477942,7321.801751703135,378.4573915312608,141.6292171735964,1584.2689906683872,285.0265078936329,947.9621056547619,1551.0172172619048,463.93212301587306,4666.34996031746,355.4245238095238,57.60995535714286,517.1663988095238,349.82471230158734,947.9621056547619,1551.0172172619048,463.93212301587306,4666.34996031746,355.4245238095238,57.60995535714286,517.1663988095238,349.82471230158734
2026-01-06 06:00:00+00:00,,,,,,,,,957.9820610451652,4103.001391025792,1139.8821580947235,7469.431081873736,404.3372177652617,142.9528285001004,1600.5650409166765,270.1886789582652,947.9621056547619,1551.0172172619048,463.93212301587306,4666.34996031746,355.4245238095238,57.60995535714286,517.1663988095238,349.82471230158734,947.9621056547619,1551.0172172619048,463.93212301587306,4666.34996031746,355.4245238095238,57.60995535714286,517.1663988095238,349.82471230158734
2026-01-06 07:00:00+00:00,,,,,,,,,928.144085671661,4152.536023005947,1129.9972780277371,7367.284050545784,428.6282568287477,155.50252130280737,1655.0928446810237,339.0117189814604,947.9621056547619,1551.0172172619048,463.93212301587306,4666.34996031746,355.4245238095238,57.60995535714286,517.1663988095238,349.82471230158734,947.9621056547619,1551.0172172619048,463.93212301587306,4666.34996031746,355.4245238095238,57.60995535714286,517.1663988095238,349.82471230158734
2026-01-06 08:00:00+00:00,,,,,,,,,914.4982739858098,4126.8276171367,1116.0737158808518,7312.8466517809575,446.4892946362547,159.98568137524757,1405.7263008214115,322.85671751967607,947.9621056547619,1551.0172172619048,463.93212301587306,4666.34996031746,355.4245238095238,57.60995535714286,517.1663988095238,349.82471230158734,947.9621056547619,1551.0172172619048,463.93212301587306,4666.34996031746,355.4245238095238,57.60995535714286,517.1663988095238,349.82471230158734
2026-01-06 09:00:00+00:00,,,,,,,,,953.1665040177446,4154.552595082103,1174.6426771864833,7325.789016390176,434.1997931052693,152.93536644386106,1131.9339375537686,322.3361120476355,947.9621056547619,1551.0172172619048,463.93212301587306,4666.34996031746,355.4245238095238,57.60995535714286,517.1663988095238,349.82471230158734,947.9621056547619,1551.0172172619048,463.93212301587306,4666.34996031746,355.4245238095238,57.60995535714286,517.1663988095238,349.82471230158734
2026-01-06 10:00:00+00:00,,,,,,,,,1021.5447599609445,4083.140363275923,1175.377868541125,7983.186848975535,408.53219290827604,154.2429657343416,911.1725978990976,301.68406287512977,947.9621056547619,1551.0172172619048,463.93212301587306,4666.34996031746,355.4245238095238,57.60995535714286,517.1663988095238,349.82471230158734,947.9621056547619,1551.0172172619048,463.93212301587306,4666.34996031746,355.4245238095238,57.60995535714286,517.1663988095238,349.82471230158734
2026-01-06 11:00:00+00:00,,,,,,,,,1006.4966136890193,4110.011085166793,1119.1526442993118,7559.59107928234,400.49887772733746,152.64943049861984,595.9581589671903,285.5685079129467,947.9621056547619,1551.0172172619048,463.93212301587306,4666.34996031746,355.4245238095238,57.60995535714286,517.1663988095238,349.82471230158734,947.9621056547619,1551.0172172619048,463.93212301587306,4666.34996031746,355.4245238095238,57.60995535714286,517.1663988095238,349.82471230158734
2026-01-06 12:00:00+00:00,,,,,,,,,987.1894641989429,4015.739066719493,1166.9648186823429,7882.6468167509,412.8030983656559,146.02922129676682,652.0974624799861,304.12837138556216,947.9621056547619,1551.0172172619048,463.93212301587306,4666.34996031746,355.4245238095238,57.60995535714286,517.1663988095238,349.82471230158734,947.9621056547619,1551.0172172619048,463.93212301587306,4666.34996031746,355.4245238095238,57.60995535714286,517.1663988095238,349.82471230158734
2026-01-06 13:00:00+00:00,,,,,,,,,950.1598829168965,4115.626252078217,1160.178190917762,7962.989344501886,433.93714146439714,150.7891381916471,626.853202022535,285.18702893641466,947.9621056547619,1551.0172172619048,463.93212301587306,4666.34996031746,355.4245238095238,57.60995535714286,517.1663988095238,349.82471230158734,947.9621056547619,1551.0172172619048,463.93212301587306,4666.34996031746,355.4245238095238,57.60995535714286,517.1663988095238,349.82471230158734
2026-01-06 14:00:00+00:00,,,,,,,,,897.2924371362247,3972.9252308520136,1127.210055680491,7888.104105402056,435.4569764808127,154.21086393871772,889.0236185966335,293.62201191831775,947.9621056547619,1551.0172172619048,463.93212301587306,4666.34996031746,355.4245238095238,57.60995535714286,517.1663988095238,349.82471230158734,947.9621056547619,1551.0172172619048,463.93212301587306,4666.34996031746,355.4245238095238,57.60995535714286,517.1663988095238,349.82471230158734
2026-01-06 15:00:00+00:00,,,,,,,,,919.9848973584357,4099.135560985273,1131.3830596932396,7821.55837506608,433.3902896475842,150.37986735522162,1542.24057601413,259.7751141581281,947.9621056547619,1551.0172172619048,463.93212301587306,4666.34996031746,355.4245238095238,57.60995535714286,517.1663988095238,349.82471230158734,947.9621056547619,1551.0172172619048,463.93212301587306,4666.34996031746,355.4245238095238,57.60995535714286,517.1663988095238,349.82471230158734
2026-01-06 16:00:00+00:00,,,,,,,,,943.4389195780086,4116.202010534175,1130.1102658310508,7816.7276542151885,452.0074973794627,161.06409285812114,1806.6785153058338,356.92836929396344,947.9621056547619,1551.0172172619048,463.93212301587306,4666.34996031746,355.4245238095238,57.60995535714286,517.1663988095238,349.82471230158734,947.9621056547619,1551.0172172619048,463.93212301587306,4666.34996031746,355.4245238095238,57.60995535714286,517.1663988095238,349.82471230158734
2026-01-06 17:00:00+00:00,,,,,,,,,938.09437051942,4106.003287152238,1107.8947109114142,7684.346648702797,448.3950808590863,162.109387466708,1843.5042805471724,366.8678924372405,947.9621056547619,1551.0172172619048,463.93212301587306,4666.34996031746,355.4245238095238,57.60995535714286,517.1663988095238,349.82471230158734,947.9621056547619,1551.0172172619048,463.93212301587306,4666.34996031746,355.4245238095238,57.60995535714286,517.1663988095238,349.82471230158734
2026-01-06 18:00:00+00:00,,,,,,,,,933.8222043258457,4095.6430004369777,1105.3658654125118,7883.309762210447,449.4820797016166,156.4235760388607,1498.6027482130016,353.5348916570986,947.9621056547619,1551.0172172619048,463.93212301587306,4666.34996031746,355.4245238095238,57.60995535714286,517.1663988095238,349.82471230158734,947.9621056547619,1551.0172172619048,463.93212301587306,4666.34996031746,355.4245238095238,57.60995535714286,517.1663988095238,349.82471230158734
2026-01-06 19:00:00+00:00,,,,,,,,,1001.7960186921429,4032.007550499621,1072.3775571037338,7530.354896111894,442.88576278822114,160.21877949312676,875.0440750275216,363.62021958539185,947.9621056547619,1551.0172172619048,463.93212301587306,4666.34996031746,355.4245238095238,57.60995535714286,517.1663988095238,349.82471230158734,947.9621056547619,1551.0172172619048,463.93212301587306,4666.34996031746,355.4245238095238,57.60995535714286,517.1663988095238,349.82471230158734
2026-01-06 20:00:00+00:00,,,,,,,,,971.6519586518909,3907.2312191904266,1031.1430469205266,7594.20682984191,403.7776946739065,153.57477904671148,562.8452412554603,377.26611861158574,947.9621056547619,1551.0172172619048,463.93212301587306,4666.34996031746,355.4245238095238,57.60995535714286,517.1663988095238,349.82471230158734,947.9621056547619,1551.0172172619048,463.93212301587306,4666.34996031746,355.4245238095238,57.60995535714286,517.1663988095238,349.82471230158734
2026-01-06 21:00:00+00:00,,,,,,,,,974.126819204093,3611.9422746435994,1031.572388153225,7878.990966295623,382.1534901227331,152.62094055105734,923.0149069052804,384.0162004631828,947.9621056547619,1551.0172172619048,463.93212301587306,4666.34996031746,355.4245238095238,57.60995535714286,517.1663988095238,349.82471230158734,947.9621056547619,1551.0172172619048,463.93212301587306,4666.34996031746,355.4245238095238,57.60995535714286,517.1663988095238,349.82471230158734
2026-01-06 22:00:00+00:00,,,,,,,,,927.1140986212937,3311.0695098498436,1010.2674025021408,7954.265865507031,385.57329788290014,154.15776354714419,683.6284094652718,370.9431394843285,947.9621056547619,1551.0172172619048,463.93212301587306,4666.34996031746,355.4245238095238,57.60995535714286,517.1663988095238,349.82471230158734,947.9621056547619,1551.0172172619048,463.93212301587306,4666.34996031746,355.4245238095238,57.60995535714286,517.1663988095238,349.82471230158734
2026-01-06 23:00:00+00:00,,,,,,,,,904.3981033249244,3234.7761769020285,1045.3110246401927,7722.3637812948255,383.2435507345305,156.0734772746834,651.0283848911831,369.4024362063225,947.9621056547619,1551.0172172619048,463.93212301587306,4666.34996031746,355.4245238095238,57.60995535714286,517.1663988095238,349.82471230158734,947.9621056547619,1551.0172172619048,463.93212301587306,4666.34996031746,355.4245238095238,57.60995535714286,517.1663988095238,349.82471230158734
2026-01-07 00:00:00+00:00,,,,,,,,,920.2224122702673,3183.989360818561,1026.4894638567557,7716.260244904843,382.01745319031903,152.75219960994164,473.60308674406633,335.095038442469,947.9621056547619,1551.0172172619048,463.93212301587306,4666.34996031746,355.4245238095238,57.60995535714286,517.1663988095238,349.82471230158734,947.9621056547619,1551.0172172619048,463.93212301587306,4666.34996031746,355.4245238095238,57.60995535714286,517.1663988095238,349.82471230158734
2026-01-07 01:00:00+00:00,,,,,,,,,924.234077459577,3278.2083560648193,1057.529005945182,7204.961324426957,379.8374025076673,153.27517372028467,483.71106544161523,324.00153259193513,947.9621056547619,1551.0172172619048,463.93212301587306,4666.34996031746,355.4245238095238,57.60995535714286,517.1663988095238,349.82471230158734,947.9621056547619,1551.0172172619048,463.93212301587306,4666.34996031746,355.4245238095238,57.60995535714286,517.1663988095238,349.82471230158734
2026-01-07 02:00:00+00:00,,,,,,,,,927.5132375045105,3164.585793178836,1070.1161957330785,7409.24628493735,373.9924844565775,153.3389098317463,540.6755876646049,322.70665835209996,947.9621056547619,1551.0172172619048,463.93212301587306,4666.34996031746,355.4245238095238,57.60995535714286,517.1663988095238,349.82471230158734,947.9621056547619,1551.0172172619048,463.93212301587306,4666.34996031746,355.4245238095238,57.60995535714286,517.1663988095238,349.82471230158734
2026-01-07 03:00:00+00:00,,,,,,,,,908.2671216911774,3203.5801815721734,1042.2053219388956,7631.568965921834,376.5371620040859,145.55896176361907,625.1656004973236,377.4456537386778,947.9621056547619,1551.0172172619048,463.93212301587306,4666.34996031746,355.4245238095238,57.60995535714286,517.1663988095238,349.82471230158734,947.9621056547619,1551.0172172619048,463.93212301587306,4666.34996031746,355.4245238095238,57.60995535714286,517.1663988095238,349.82471230158734
2026-01-07 04:00:00+00:00,,,,,,,,,921.506740431973,3264.355951904385,1076.3072328346955,7592.861917065022,372.6258361142865,154.2117550471494,1270.4403288632354,359.5531578544654,947.9621056547619,1551.0172172619048,463.93212301587306,4666.34996031746,355.4245238095238,57.60995535714286,517.1663988095238,349.82471230158734,947.9621056547619,1551.0172172619048,463.93212301587306,4666.34996031746,355.4245238095238,57.60995535714286,517.1663988095238,349.82471230158734
2026-01-07 05:00:00+00:00,,,,,,,,,982.6254316001665,3957.908387616799,1104.5655694266359,7504.572812051721,403.27592890536846,159.65217496111484,1552.784603405357,312.76342182264784,947.9621056547619,1551.0172172619048,463.93212301587306,4666.34996031746,355.4245238095238,57.60995535714286,517.1663988095238,349.82471230158734,947.9621056547619,1551.0172172619048,463.93212301587306,4666.34996031746,355.4245238095238,57.60995535714286,517.1663988095238,349.82471230158734
2026-01-07 06:00:00+00:00,,,,,,,,,930.3334347189601,4196.80008375017,1170.5480381685927,7398.265520210203,448.9690774687999,161.37180152616597,1872.7498453290632,389.2829873862264,947.9621056547619,1551.0172172619048,463.93212301587306,4666.34996031746,355.4245238095238,57.60995535714286,517.1663988095238,349.82471230158734,947.9621056547619,1551.0172172619048,463.93212301587306,4666.34996031746,355.4245238095238,57.60995535714286,517.1663988095238,349.82471230158734
2026-01-07 07:00:00+00:00,,,,,,,,,905.7249109997438,4199.429015504009,1172.7942665746116,7560.462591654452,448.92604518615735,169.88805699539174,1753.1709841033737,395.2736512761109,947.9621056547619,1551.0172172619048,463.93212301587306,4666.34996031746,355.4245238095238,57.60995535714286,517.1663988095238,349.82471230158734,947.9621056547619,1551.0172172619048,463.93212301587306,4666.34996031746,355.4245238095238,57.60995535714286,517.1663988095238,349.82471230158734
2026-01-07 08:00:00+00:00,,,,,,,,,923.8805636358077,4254.87181332553,1187.9648624560496,7369.580767130007,436.64863393794116,170.86510099550827,1623.2799162664512,392.98434679838397,947.9621056547619,1551.0172172619048,463.93212301587306,4666.34996031746,355.4245238095238,57.60995535714286,517.1663988095238,349.82471230158734,947.9621056547619,1551.0172172619048,463.93212301587306,4666.34996031746,355.4245238095238,57.60995535714286,517.1663988095238,349.82471230158734
2026-01-07 09:00:00+00:00,,,,,,,,,941.6181835434286,4142.053401304846,1161.3186574207234,7592.646526752596,434.8022354897818,161.55241389646702,1195.9660219984867,319.0124442347033,947.9621056547619,1551.0172172619048,463.93212301587306,4666.34996031746,355.4245238095238,57.60995535714286,517.1663988095238,349.82471230158734,947.9621056547619,1551.0172172619048,463.93212301587306,4666.34996031746,355.4245238095238,57.60995535714286,517.1663988095238,349.82471230158734
2026-01-07 10:00:00+00:00,,,,,,,,,879.3756499375207,4139.103742187449,1156.5618957042511,8050.587334863775,429.94413194299017,160.89848910445738,943.079262356078,272.2065860929922,947.9621056547619,1551.0172172619048,463.93212301587306,4666.34996031746,355.4245238095238,57.60995535714286,517.1663988095238,349.82471230158734,947.9621056547619,1551.0172172619048,463.93212301587306,4666.34996031746,355.4245238095238,57.60995535714286,517.1663988095238,349.82471230158734
2026-01-07 11:00:00+00:00,,,,,,,,,959.2773006090774,4097.52613072188,1162.3414851437744,8115.466476943988,432.7220182679953,162.64113638921023,659.4542225690043,302.91888022566076,947.9621056547619,1551.0172172619048,463.93212301587306,4666.34996031746,355.4245238095238,57.60995535714286,517.1663988095238,349.82471230158734,947.9621056547619,1551.0172172619048,463.93212301587306,4666.34996031746,355.4245238095238,57.60995535714286,517.1663988095238,349.82471230158734
2026-01-07 12:00:00+00:00,,,,,,,,,1018.9755231059194,4189.882331822058,1181.0325419791998,7967.330364611284,404.91150264716856,161.9980244615587,677.501025482909,294.740763832415,947.9621056547619,1551.0172172619048,463.93212301587306,4666.34996031746,355.4245238095238,57.60995535714286,517.1663988095238,349.82471230158734,947.9621056547619,1551.0172172619048,463.93212301587306,4666.34996031746,355.4245238095238,57.60995535714286,517.1663988095238,349.82471230158734
2026-01-07 13:00:00+00:00,,,,,,,,,1018.7355921657072,4228.813246849329,1172.2034177300795,7761.80273778524,398.5382147949682,167.4666394671466,677.501025482909,281.426126263546,947.9621056547619,1551.0172172619048,463.93212301587306,4666.34996031746,355.4245238095238,57.60995535714286,517.1663988095238,349.82471230158734,947.9621056547619,1551.0172172619048,463.93212301587306,4666.34996031746,355.4245238095238,57.60995535714286,517.1663988095238,349.82471230158734
2026-01-07 14:00:00+00:00,,,,,,,,,988.4319698912748,4186.683887957429,1156.246721309046,8007.383891117388,388.0133742127556,164.79289125517647,1064.5575848768867,266.35539868535403,947.9621056547619,1551.0172172619048,463.93212301587306,4666.34996031746,355.4245238095238,57.60995535714286,517.1663988095238,349.82471230158734,947.9621056547619,1551.0172172619048,463.93212301587306,4666.34996031746,355.4245238095238,57.60995535714286,517.1663988095238,349.82471230158734
2026-01-07 15:00:00+00:00,,,,,,,,,945.4439999254782,4053.9326122612347,1109.2348992802672,7909.304765455458,382.9724624640454,166.5663669640582,1529.1091964683392,316.622140419924,947.9621056547619,1551.0172172619048,463.93212301587306,4666.34996031746,355.4245238095238,57.60995535714286,517.1663988095238,349.82471230158734,947.9621056547619,1551.0172172619048,463.93212301587306,4666.34996031746,355.4245238095238,57.60995535714286,517.1663988095238,349.82471230158734
2026-01-07 16:00:00+00:00,,,,,,,,,1042.5111574322586,4046.0956045974253,1124.7396307891634,7770.767865729301,393.19944814135096,162.50074402735893,1641.5905291244044,304.47345063262674,947.9621056547619,1551.0172172619048,463.93212301587306,4666.34996031746,355.4245238095238,57.60995535714286,517.1663988095238,349.82471230158734,947.9621056547619,1551.0172172619048,463.93212301587306,4666.34996031746,355.4245238095238,57.60995535714286,517.1663988095238,349.82471230158734
2026-01-07 17:00:00+00:00,,,,,,,,,973.391255797236,3890.509213777399,1025.0396437163677,7909.907581112677,386.82974558463417,166.74955847362025,1655.3770869464638,392.6257562473402,947.9621056547619,1551.0172172619048,463.93212301587306,4666.34996031746,355.4245238095238,57.60995535714286,517.1663988095238,349.82471230158734,947.9621056547619,1551.0172172619048,463.93212301587306,4666.34996031746,355.4245238095238,57.60995535714286,517.1663988095238,349.82471230158734
2026-01-07 18:00:00+00:00,,,,,,,,,919.6012757139257,3711.7162713541757,1021.1824079166856,7685.928380709607,391.5799565139374,152.1797149783007,1340.6856140420648,382.88202067878905,947.9621056547619,1551.0172172619048,463.93212301587306,4666.34996031746,355.4245238095238,57.60995535714286,517.1663988095238,349.82471230158734,947.9621056547619,1551.0172172619048,463.93212301587306,4666.34996031746,355.4245238095238,57.60995535714286,517.1663988095238,349.82471230158734
2026-01-07 19:00:00+00:00,,,,,,,,,944.6083356051931,3629.1565995170977,1039.2731528409804,7338.143365438931,384.80755818483226,157.9394954708976,904.1650661764521,395.278341097326,947.9621056547619,1551.0172172619048,463.93212301587306,4666.34996031746,355.4245238095238,57.60995535714286,517.1663988095238,349.82471230158734,947.9621056547619,1551.0172172619048,463.93212301587306,4666.34996031746,355.4245238095238,57.60995535714286,517.1663988095238,349.82471230158734
2026-01-07 20:00:00+00:00,,,,,,,,,920.6414832590066,3527.3759802182294,958.9824718186879,7142.805908907938,370.00193420052955,152.92647429918551,382.58487898459083,360.86590366738886,947.9621056547619,1551.0172172619048,463.93212301587306,4666.34996031746,355.4245238095238,57.60995535714286,517.1663988095238,349.82471230158734,947.9621056547619,1551.0172172619048,463.93212301587306,4666.34996031746,355.4245238095238,57.60995535714286,517.1663988095238,349.82471230158734
2026-01-07 21:00:00+00:00,,,,,,,,,904.7640711818492,3388.9087971348804,970.1760115737789,7137.377756476617,359.6637954970403,151.8588663328278,654.1231027099334,393.1365540578438,947.9621056547619,1551.0172172619048,463.93212301587306,4666.34996031746,355.4245238095238,57.60995535714286,517.1663988095238,349.82471230158734,947.9621056547619,1551.0172172619048,463.93212301587306,4666.34996031746,355.4245238095238,57.60995535714286,517.1663988095238,349.82471230158734
2026-01-07 22:00:00+00:00,,,,,,,,,886.3516640627097,3349.1396760784137,953.9496417654174,7111.134872479151,363.7025140016574,150.68023450946126,421.5016042476742,385.2054542740422,947.9621056547619,1551.0172172619048,463.93212301587306,4666.34996031746,355.4245238095238,57.60995535714286,517.1663988095238,349.82471230158734,947.9621056547619,1551.0172172619048,463.93212301587306,4666.34996031746,355.4245238095238,57.60995535714286,517.1663988095238,349.82471230158734
2026-01-07 23:00:00+00:00,,,,,,,,,940.7072400972361,3369.609014662662,976.6720926360083,7024.698147268306,361.4534824126334,153.9998509594203,404.81897277456113,386.5770821931008,947.9621056547619,1551.0172172619048,463.93212301587306,4666.34996031746,355.4245238095238,57.60995535714286,517.1663988095238,349.82471230158734,947.9621056547619,1551.0172172619048,463.93212301587306,4666.34996031746,355.4245238095238,57.60995535714286,517.1663988095238,349.82471230158734
2026-01-08 00:00:00+00:00,,,,,,,,,900.3505680051136,3381.343137719604,876.8562035739399,6948.511428075712,326.71607968419494,144.1836133158706,250.72379373533806,388.93754991354007,947.9621056547619,1551.0172172619048,463.93212301587306,4666.34996031746,355.4245238095238,57.60995535714286,517.1663988095238,349.82471230158734,947.9621056547619,1551.0172172619048,463.93212301587306,4666.34996031746,355.4245238095238,57.60995535714286,517.1663988095238,349.82471230158734
2026-01-08 01:00:00+00:00,,,,,,,,,901.2574448062795,3158.623704716929,865.2302731417608,6608.955909995501,326.8560561809713,141.10885841200343,244.79613192231892,387.0704031116471,947.9621056547619,1551.0172172619048,463.93212301587306,4666.34996031746,355.4245238095238,57.60995535714286,517.1663988095238,349.82471230158734,947.9621056547619,1551.0172172619048,463.93212301587306,4666.34996031746,355.4245238095238,57.60995535714286,517.1663988095238,349.82471230158734
2026-01-08 02:00:00+00:00,,,,,,,,,902.1351307000175,3066.7375395485706,902.7038068796464,6650.025983403202,331.56900110211757,131.11245338982786,262.85181404557585,340.4709455359199,947.9621056547619,1551.0172172619048,463.93212301587306,4666.34996031746,355.4245238095238,57.60995535714286,517.1663988095238,349.82471230158734,947.9621056547619,1551.0172172619048,463.93212301587306,4666.34996031746,355.4245238095238,57.60995535714286,517.1663988095238,349.82471230158734
2026-01-08 03:00:00+00:00,,,,,,,,,907.5410066221601,3102.715788385248,887.7507108834732,6941.678862989806,331.6578170768457,140.91583743919267,404.1448851634601,389.7424240950384,947.9621056547619,1551.0172172619048,463.93212301587306,4666.34996031746,355.4245238095238,57.60995535714286,517.1663988095238,349.82471230158734,947.9621056547619,1551.0172172619048,463.93212301587306,4666.34996031746,355.4245238095238,57.60995535714286,517.1663988095238,349.82471230158734
2026-01-08 04:00:00+00:00,,,,,,,,,910.3657428990737,3124.9993466036276,911.5999360299843,6807.88147920046,361.928470218504,145.84561703229235,791.0058749712945,389.6158065077479,947.9621056547619,1551.0172172619048,463.93212301587306,4666.34996031746,355.4245238095238,57.60995535714286,517.1663988095238,349.82471230158734,947.9621056547619,1551.0172172619048,463.93212301587306,4666.34996031746,355.4245238095238,57.60995535714286,517.1663988095238,349.82471230158734
2026-01-08 05:00:00+00:00,,,,,,,,,924.5865027337293,3485.8587609213228,960.3600942784249,7107.89405880165,378.2412379657194,143.98850498063044,993.7888548415058,387.04847454530966,947.9621056547619,1551.0172172619048,463.93212301587306,4666.34996031746,355.4245238095238,57.60995535714286,517.1663988095238,349.82471230158734,947.9621056547619,1551.0172172619048,463.93212301587306,4666.34996031746,355.4245238095238,57.60995535714286,517.1663988095238,349.82471230158734
2026-01-08 06:00:00+00:00,,,,,,,,,952.624151482743,3861.6579304843044,1024.0003772029868,7424.385704693261,387.3583047914671,156.79770316013807,1080.9161248848363,398.6242024449261,947.9621056547619,1551.0172172619048,463.93212301587306,4666.34996031746,355.4245238095238,57.60995535714286,517.1663988095238,349.82471230158734,947.9621056547619,1551.0172172619048,463.93212301587306,4666.34996031746,355.4245238095238,57.60995535714286,517.1663988095238,349.82471230158734
2026-01-08 07:00:00+00:00,,,,,,,,,938.1467164497018,3933.626172387394,1011.8681975283155,7227.494806488185,392.1165413267948,146.81785629447748,1289.997005674204,396.3283158124307,947.9621056547619,1551.0172172619048,463.93212301587306,4666.34996031746,355.4245238095238,57.60995535714286,517.1663988095238,349.82471230158734,947.9621056547619,1551.0172172619048,463.93212301587306,4666.34996031746,355.4245238095238,57.60995535714286,517.1663988095238,349.82471230158734
2026-01-08 08:00:00+00:00,,,,,,,,,981.500874908678,4023.8959734518803,1041.0551157180755,6857.289636732852,386.30897738438006,134.5893493709833,1184.5427457620226,382.1687984942665,947.9621056547619,1551.0172172619048,463.93212301587306,4666.34996031746,355.4245238095238,57.60995535714286,517.1663988095238,349.82471230158734,947.9621056547619,1551.0172172619048,463.93212301587306,4666.34996031746,355.4245238095238,57.60995535714286,517.1663988095238,349.82471230158734
2026-01-08 09:00:00+00:00,,,,,,,,,944.762434509985,3771.864393603557,1019.8937269266598,6880.165092152038,386.1867225744412,131.0359116319811,705.3542342285648,380.16254260905976,947.9621056547619,1551.0172172619048,463.93212301587306,4666.34996031746,355.4245238095238,57.60995535714286,517.1663988095238,349.82471230158734,947.9621056547619,1551.0172172619048,463.93212301587306,4666.34996031746,355.4245238095238,57.60995535714286,517.1663988095238,349.82471230158734
2026-01-08 10:00:00+00:00,,,,,,,,,942.4191931881146,3842.9751483751297,967.0343814804112,7015.704661120492,384.0102644897525,142.00755105346335,479.230926298665,367.1972343780825,947.9621056547619,1551.0172172619048,463.93212301587306,4666.34996031746,355.4245238095238,57.60995535714286,517.1663988095238,349.82471230158734,947.9621056547619,1551.0172172619048,463.93212301587306,4666.34996031746,355.4245238095238,57.60995535714286,517.1663988095238,349.82471230158734
2026-01-08 11:00:00+00:00,,,,,,,,,917.0496656941621,3961.6372438108756,1005.3327297697001,7054.547145238324,374.19252625181,149.1947524403956,366.9001830658067,374.82227748941324,947.9621056547619,1551.0172172619048,463.93212301587306,4666.34996031746,355.4245238095238,57.60995535714286,517.1663988095238,349.82471230158734,947.9621056547619,1551.0172172619048,463.93212301587306,4666.34996031746,355.4245238095238,57.60995535714286,517.1663988095238,349.82471230158734
2026-01-08 12:00:00+00:00,,,,,,,,,947.6953346567205,4038.296825358997,988.8676975847254,7059.0199699702935,378.69698856157254,149.61264999783796,285.5057542754769,388.9138413367775,947.9621056547619,1551.0172172619048,463.93212301587306,4666.34996031746,355.4245238095238,57.60995535714286,517.1663988095238,349.82471230158734,947.9621056547619,1551.0172172619048,463.93212301587306,4666.34996031746,355.4245238095238,57.60995535714286,517.1663988095238,349.82471230158734
2026-01-08 13:00:00+00:00,,,,,,,,,877.3289256332794,4000.4893589091653,1001.3565354263189,7005.519211594876,377.9212902005246,147.65522542385477,352.9411454753038,392.48481620511996,947.9621056547619,1551.0172172619048,463.93212301587306,4666.34996031746,355.4245238095238,57.60995535714286,517.1663988095238,349.82471230158734,947.9621056547619,1551.0172172619048,463.93212301587306,4666.34996031746,355.4245238095238,57.60995535714286,517.1663988095238,349.82471230158734
2026-01-08 14:00:00+00:00,,,,,,,,,860.8347174452933,3920.255526897293,1050.206472471274,7144.170770151692,382.4698224734861,153.3881932378991,621.4258802301848,388.270454352014,947.9621056547619,1551.0172172619048,463.93212301587306,4666.34996031746,355.4245238095238,57.60995535714286,517.1663988095238,349.82471230158734,947.9621056547619,1551.0172172619048,463.93212301587306,4666.34996031746,355.4245238095238,57.60995535714286,517.1663988095238,349.82471230158734
2026-01-08 15:00:00+00:00,,,,,,,,,877.0104153221205,3974.8034775964816,984.0081845337345,7259.932851192418,381.5104169197665,163.487324007357,1087.6100863416405,411.1538932601396,947.9621056547619,1551.0172172619048,463.93212301587306,4666.34996031746,355.4245238095238,57.60995535714286,517.1663988095238,349.82471230158734,947.9621056547619,1551.0172172619048,463.93212301587306,4666.34996031746,355.4245238095238,57.60995535714286,517.1663988095238,349.82471230158734
2026-01-08 16:00:00+00:00,,,,,,,,,872.5983301941568,3921.73934032321,1034.5457990970467,7301.406788190645,391.78715610922063,156.26624429078151,1416.4473938250937,409.85376343607254,947.9621056547619,1551.0172172619048,463.93212301587306,4666.34996031746,355.4245238095238,57.60995535714286,517.1663988095238,349.82471230158734,947.9621056547619,1551.0172172619048,463.93212301587306,4666.34996031746,355.4245238095238,57.60995535714286,517.1663988095238,349.82471230158734
2026-01-08 17:00:00+00:00,,,,,,,,,881.3074415626535,3979.3166805946385,954.3879383858225,7631.615757808331,385.56980088473165,161.50399986960622,1669.1961109828592,414.5475477570389,947.9621056547619,1551.0172172619048,463.93212301587306,4666.34996031746,355.4245238095238,57.60995535714286,517.1663988095238,349.82471230158734,947.9621056547619,1551.0172172619048,463.93212301587306,4666.34996031746,355.4245238095238,57.60995535714286,517.1663988095238,349.82471230158734
2026-01-08 18:00:00+00:00,,,,,,,,,889.47264914068,3646.3071990000963,1018.7949433832821,7422.958103485135,382.1358624984997,161.55268957259793,1399.5661144834335,416.75977308071947,947.9621056547619,1551.0172172619048,463.93212301587306,4666.34996031746,355.4245238095238,57.60995535714286,517.1663988095238,349.82471230158734,947.9621056547619,1551.0172172619048,463.93212301587306,4666.34996031746,355.4245238095238,57.60995535714286,517.1663988095238,349.82471230158734
2026-01-08 19:00:00+00:00,,,,,,,,,902.7662328003778,3563.1796856792644,987.596890849815,7246.940892313269,373.7472092612389,158.28867406162811,685.3467691753827,411.47538141015957,947.9621056547619,1551.0172172619048,463.93212301587306,4666.34996031746,355.4245238095238,57.60995535714286,517.1663988095238,349.82471230158734,947.9621056547619,1551.0172172619048,463.93212301587306,4666.34996031746,355.4245238095238,57.60995535714286,517.1663988095238,349.82471230158734
2026-01-08 20:00:00+00:00,,,,,,,,,867.460467384431,3398.3777820311366,893.96666514156,6796.507942463073,383.33181899465154,149.51453768287337,385.6093960512319,400.5975458697387,947.9621056547619,1551.0172172619048,463.93212301587306,4666.34996031746,355.4245238095238,57.60995535714286,517.1663988095238,349.82471230158734,947.9621056547619,1551.0172172619048,463.93212301587306,4666.34996031746,355.4245238095238,57.60995535714286,517.1663988095238,349.82471230158734
2026-01-08 21:00:00+00:00,,,,,,,,,889.1789686213646,3105.7620060949776,911.4142242709001,6041.613606148188,382.88487839546764,141.04116104910037,488.85376220700385,396.0987178916667,947.9621056547619,1551.0172172619048,463.93212301587306,4666.34996031746,355.4245238095238,57.60995535714286,517.1663988095238,349.82471230158734,947.9621056547619,1551.0172172619048,463.93212301587306,4666.34996031746,355.4245238095238,57.60995535714286,517.1663988095238,349.82471230158734
2026-01-08 22:00:00+00:00,,,,,,,,,872.1367393396083,2958.6568991760178,851.431767368806,5753.404605402246,373.1629251856699,134.08764899297114,450.8525282022366,390.037709336219,947.9621056547619,1551.0172172619048,463.93212301587306,4666.34996031746,355.4245238095238,57.60995535714286,517.1663988095238,349.82471230158734,947.9621056547619,1551.0172172619048,463.93212301587306,4666.34996031746,355.4245238095238,57.60995535714286,517.1663988095238,349.82471230158734
2026-01-08 23:00:00+00:00,,,,,,,,,904.5927868258459,2871.613482214176,860.6679288555551,5385.311418448071,368.99233629087064,110.15592912731955,385.3000675238042,382.6137096377754,947.9621056547619,1551.0172172619048,463.93212301587306,4666.34996031746,355.4245238095238,57.60995535714286,517.1663988095238,349.82471230158734,947.9621056547619,1551.0172172619048,463.93212301587306,4666.34996031746,355.4245238095238,57.60995535714286,517.1663988095238,349.82471230158734
