date,wind_onshore_rte_actual,wind_onshore_rte_fitted,wind_onshore_rte_lower,wind_onshore_rte_upper
2025-07-14 00:00:00+00:00,3322.5,3040.2576,2700.0211411176742,3380.4940832416987
2025-07-14 01:00:00+00:00,3998.25,4434.798,4094.5613712167738,4775.034313340799
2025-07-14 02:00:00+00:00,4659.25,4028.757,3688.5207376229373,4368.993679746962
2025-07-14 03:00:00+00:00,4698.25,2840.8953,2500.65882621051,3181.131768334535
2025-07-14 04:00:00+00:00,4594.5,2926.3545,2586.1180442646346,3266.5909863886595
2025-07-14 05:00:00+00:00,4328.25,2764.4504,2424.214056521534,3104.686998645559
2025-07-14 06:00:00+00:00,3940.5,2369.487,2029.250551594635,2709.7234937186595
2025-07-14 07:00:00+00:00,4376.25,3061.759,2721.5227268295107,3401.9956689535356
2025-07-14 08:00:00+00:00,4496.0,2955.0625,2614.8261206580205,3295.2990627820454
2025-07-14 09:00:00+00:00,4647.25,2713.8179,2373.581325707901,3054.0542678319257
2025-07-14 10:00:00+00:00,5275.25,2405.1562,2064.919650679378,2745.3925928034027
2025-07-14 11:00:00+00:00,6101.25,2104.2292,1763.9928615213466,2444.465803645371
2025-07-14 12:00:00+00:00,6493.0,2999.8743,2659.6379108101496,3340.1108529341745
2025-07-14 13:00:00+00:00,6758.75,3005.186,2664.9496265835614,3345.422568707586
2025-07-14 14:00:00+00:00,6536.25,3574.011,3233.774539321593,3914.2474814456177
2025-07-14 15:00:00+00:00,6649.5,3468.1545,3127.9180109890694,3808.3909531130944
2025-07-14 16:00:00+00:00,6602.0,3579.3718,3239.1355029368433,3919.608445060868
2025-07-14 17:00:00+00:00,6241.25,2930.7246,2590.488211813547,3270.961153937572
2025-07-14 18:00:00+00:00,5811.25,2965.9658,2625.729394527595,3306.20233665162
2025-07-14 19:00:00+00:00,4751.5,2365.8308,2025.594312491166,2706.0672546151904
2025-07-14 20:00:00+00:00,3740.0,3031.653,2691.416760912084,3371.8897030361086
2025-07-14 21:00:00+00:00,3451.75,3129.6611,2789.424593484587,3469.897535608612
2025-07-14 22:00:00+00:00,3455.25,2964.8462,2624.609804888306,3305.082747012331
2025-07-14 23:00:00+00:00,3069.25,3696.5264,3356.2899489185056,4036.76289104253
2025-07-15 00:00:00+00:00,2662.75,2144.1277,1803.891105252198,2484.364047376223
2025-07-15 01:00:00+00:00,2481.75,2201.4214,1861.1849647404451,2541.65790686447
2025-07-15 02:00:00+00:00,2396.25,2082.878,1742.6413329920247,2423.114275116049
2025-07-15 03:00:00+00:00,2351.0,1185.8584,845.6219714457429,1526.0949135697679
2025-07-15 04:00:00+00:00,2540.75,1358.8823,1018.6458354231931,1699.118777547218
2025-07-15 05:00:00+00:00,2458.5,1294.4641,954.227675163937,1634.700617287962
2025-07-15 06:00:00+00:00,2055.75,1373.1582,1032.9217601526302,1713.3947022766552
2025-07-15 07:00:00+00:00,2772.5,1352.6572,1012.4207760058425,1692.8937181298675
2025-07-15 08:00:00+00:00,3838.25,2553.7112,2213.4747189306895,2893.9476610547144
2025-07-15 09:00:00+00:00,4912.5,2807.401,2467.1643443566554,3147.6372864806804
2025-07-15 10:00:00+00:00,6063.5,3214.929,2874.6925492267846,3555.165491350809
2025-07-15 11:00:00+00:00,6942.5,3441.8298,3101.59344200135,3782.066384125375
2025-07-15 12:00:00+00:00,7303.25,5336.806,4996.569610754483,5677.042552878507
2025-07-15 13:00:00+00:00,7357.0,5886.288,5546.051607304394,6226.524549428418
2025-07-15 14:00:00+00:00,7488.75,6330.685,5990.448597500381,6670.921539624406
2025-07-15 15:00:00+00:00,7623.5,6233.165,5892.9286160322645,6573.401558156289
2025-07-15 16:00:00+00:00,6725.25,6143.7593,5803.522850008352,6483.995792132377
2025-07-15 17:00:00+00:00,5419.25,4764.7026,4424.465984385107,5104.938926509131
2025-07-15 18:00:00+00:00,4529.5,3509.1555,3168.91898771536,3849.391929839385
2025-07-15 19:00:00+00:00,4026.25,3608.3489,3268.1125144128414,3948.5854565368663
2025-07-15 20:00:00+00:00,4178.0,3938.4626,3598.226196788934,4278.699138912959
2025-07-15 21:00:00+00:00,4491.25,2676.6418,2336.40526469773,3016.878206821755
2025-07-15 22:00:00+00:00,5032.0,2462.5586,2122.3221418724406,2802.7950839964656
2025-07-15 23:00:00+00:00,5679.0,3081.0396,2740.80320182219,3421.276143946215
2025-07-16 00:00:00+00:00,5911.25,2795.015,2454.7783468730727,3135.2512889970976
2025-07-16 01:00:00+00:00,5945.0,2942.0527,2601.8163171778174,3282.2892593018423
2025-07-16 02:00:00+00:00,5635.5,4257.742,3917.5055192217833,4597.978461345808
2025-07-16 03:00:00+00:00,5224.75,3680.975,3340.7386483118385,4021.2115904358634
2025-07-16 04:00:00+00:00,5028.0,3217.2231,2876.986595228485,3557.45953735251
2025-07-16 05:00:00+00:00,4940.5,4074.0825,3733.846049454728,4414.318991578753
2025-07-16 06:00:00+00:00,5142.75,3718.1423,3377.9057852164415,4058.378727340466
2025-07-16 07:00:00+00:00,5688.0,3860.1257,3519.889296371248,4200.362238495272
2025-07-16 08:00:00+00:00,6128.5,3793.346,3453.1094431866027,4133.582385310628
2025-07-16 09:00:00+00:00,6544.0,4910.6006,4570.3640310353285,5250.836973159354
2025-07-16 10:00:00+00:00,6995.75,5978.4062,5638.1696403761325,6318.642582500158
2025-07-16 11:00:00+00:00,7152.5,6517.208,6176.971548326277,6857.4444904503025
2025-07-16 12:00:00+00:00,7033.75,7439.962,7099.725496325502,7780.198438449527
2025-07-16 13:00:00+00:00,7123.5,7245.6475,6905.410919945564,7585.88386206959
2025-07-16 14:00:00+00:00,6928.5,6865.6416,6525.405097343843,7205.878039467868
2025-07-16 15:00:00+00:00,6585.75,7021.1553,6680.918984803656,7361.39192692768
2025-07-16 16:00:00+00:00,5913.5,6969.3647,6629.128544097319,7309.601486221343
2025-07-16 17:00:00+00:00,4998.0,7600.6494,7260.413161531922,7940.8861036559465
2025-07-16 18:00:00+00:00,4009.75,4135.254,3795.0174328122885,4475.490374936314
2025-07-16 19:00:00+00:00,3169.75,4071.4946,3731.258113927068,4411.731056051092
2025-07-16 20:00:00+00:00,2710.75,2722.7207,2382.484277840521,3062.9572199645454
2025-07-16 21:00:00+00:00,2657.25,2780.273,2440.036385519527,3120.509327643552
2025-07-16 22:00:00+00:00,2362.25,3304.8362,2964.5998279487917,3645.0727700728166
2025-07-16 23:00:00+00:00,1977.0,2803.8328,2463.596244567439,3144.069186691464
2025-07-17 00:00:00+00:00,1828.75,1874.7395,1534.502986564764,2214.9759286887884
2025-07-17 01:00:00+00:00,1610.0,1422.0742,1081.8377574729152,1762.3106995969401
2025-07-17 02:00:00+00:00,1418.5,1094.0574,753.8209093828837,1434.2938515069081
2025-07-17 03:00:00+00:00,1334.75,1049.3381,709.1016655107196,1389.574607634744
2025-07-17 04:00:00+00:00,1288.75,1053.7222,713.485715001626,1393.958657125651
2025-07-17 05:00:00+00:00,1243.2499999999995,1352.5046,1012.2680746439005,1692.7410167679254
2025-07-17 06:00:00+00:00,1124.0,1131.3347,791.0981102561591,1471.5710523801836
2025-07-17 07:00:00+00:00,1075.25,1433.8167,1093.5801176141713,1774.0530597381958
2025-07-17 08:00:00+00:00,1066.4999999999995,1201.0925,860.8559705211019,1541.3289126451268
2025-07-17 09:00:00+00:00,1064.75,1057.1116,716.8751123311968,1397.3480544552212
2025-07-17 10:00:00+00:00,1067.75,1084.9373,744.7006938406321,1425.1736359646566
2025-07-17 11:00:00+00:00,1127.2500000000005,1089.3547,749.1182362709551,1429.5911783949796
2025-07-17 12:00:00+00:00,1156.9999999999995,1096.8452,756.608755892682,1437.081698016707
2025-07-17 13:00:00+00:00,1182.5,1310.7683,970.5319058626037,1651.0048479866286
2025-07-17 14:00:00+00:00,1154.7500000000005,1085.1028,744.8663957514264,1425.3393378754508
2025-07-17 15:00:00+00:00,1112.5,1563.1953,1222.9589356119063,1903.4318777359313
2025-07-17 16:00:00+00:00,1060.0,1170.676,830.439533869222,1510.9124759932465
2025-07-17 17:00:00+00:00,959.7500000000005,1290.28,950.0434815680969,1630.5164236921219
2025-07-17 18:00:00+00:00,1005.25,1085.5159,745.279328438698,1425.7522705627225
2025-07-17 19:00:00+00:00,1187.75,1159.054,818.8174838919203,1499.2904260159448
2025-07-17 20:00:00+00:00,1502.25,1436.074,1095.837365452171,1776.310307576196
2025-07-17 21:00:00+00:00,1614.5,932.531,592.2945986013538,1272.7675407253787
2025-07-17 22:00:00+00:00,1476.5,949.1814,608.9449964567466,1289.417938580771
2025-07-17 23:00:00+00:00,1552.75,761.31616,421.0795737006456,1101.5525158246705
2025-07-18 00:00:00+00:00,1544.0,724.08374,383.8473238776387,1064.3202660016636
2025-07-18 01:00:00+00:00,1378.5,1051.5522,711.3157250847362,1391.7886672087607
2025-07-18 02:00:00+00:00,1445.0,1188.2859,848.0493281602503,1528.5222702842748
2025-07-18 03:00:00+00:00,1340.75,841.51294,501.2766543456255,1181.74959646965
2025-07-18 04:00:00+00:00,1280.25,680.2844,340.0478137496975,1020.520755873722
2025-07-18 05:00:00+00:00,1227.25,860.0012,519.7647569031769,1200.2376990272023
2025-07-18 06:00:00+00:00,1022.9999999999995,797.25415,457.0174976938579,1137.4904398178828
2025-07-18 07:00:00+00:00,868.0,360.509,20.272652587107586,700.7455947111321
2025-07-18 08:00:00+00:00,835.25,473.82687,133.59028404522633,814.0632261692517
2025-07-18 09:00:00+00:00,933.4999999999995,1187.2585,847.0220644526398,1527.4950065766652
2025-07-18 10:00:00+00:00,1032.25,1338.1089,997.8722804470804,1678.3452225711053
2025-07-18 11:00:00+00:00,963.25,1185.23,844.9935381351243,1525.4664802591496
2025-07-18 12:00:00+00:00,960.25,1190.6282,850.3916304365039,1530.8645725605284
2025-07-18 13:00:00+00:00,1030.7500000000005,1220.9185,880.6820278690034,1561.1549699930279
2025-07-18 14:00:00+00:00,1145.5000000000005,1650.2661,1310.0295606788477,1990.5025028028726
2025-07-18 15:00:00+00:00,1243.2499999999995,2084.426,1744.1895000468653,2424.6624421708902
2025-07-18 16:00:00+00:00,1286.5,2416.466,2076.2296874842264,2756.7026296082513
2025-07-18 17:00:00+00:00,1499.0,1782.7795,1442.5430533879644,2123.0159955119893
2025-07-18 18:00:00+00:00,1729.5,1904.0549,1563.8185631816332,2244.291505305658
2025-07-18 19:00:00+00:00,2237.75,1438.5781,1098.3416237183633,1778.8145658423882
2025-07-18 20:00:00+00:00,2814.25,2884.5,2544.263548453954,3224.736490577979
2025-07-18 21:00:00+00:00,3586.75,2347.859,2007.6224859668464,2688.0954280908713
2025-07-18 22:00:00+00:00,4026.25,2319.156,1978.9194775840301,2659.3924197080546
2025-07-18 23:00:00+00:00,4393.25,2088.04,1747.8034322794933,2428.276374403518
2025-07-19 00:00:00+00:00,4580.75,2990.464,2650.2277169240083,3330.7006590480332
2025-07-19 01:00:00+00:00,4791.75,4626.542,4286.305639931902,4966.778582055927
2025-07-19 02:00:00+00:00,4682.5,5204.1304,4863.893776445928,5544.366718569952
2025-07-19 03:00:00+00:00,4709.75,4960.823,4620.5866489311575,5301.059591055183
2025-07-19 04:00:00+00:00,4846.25,3451.3232,3111.08692753946,3791.5598696634847
2025-07-19 05:00:00+00:00,4706.25,5116.726,4776.489585389845,5456.96252751387
2025-07-19 06:00:00+00:00,4167.25,4148.5146,3808.2783231639683,4488.751265287993
2025-07-19 07:00:00+00:00,4102.25,2907.555,2567.318369231201,3247.791311355226
2025-07-19 08:00:00+00:00,4724.75,4275.252,3935.0153304782066,4615.4882726022315
2025-07-19 09:00:00+00:00,5519.75,4266.812,3926.5754402678394,4607.048382391864
2025-07-19 10:00:00+00:00,6989.25,5317.066,4976.829516781513,5657.302458905538
2025-07-19 11:00:00+00:00,8451.75,8152.6616,7812.425059379765,8492.89800150379
2025-07-19 12:00:00+00:00,8685.25,8721.074,8380.837480127097,9061.310422251121
2025-07-19 13:00:00+00:00,8298.5,8529.418,8189.181185465006,8869.65412758903
2025-07-19 14:00:00+00:00,7259.25,8722.877,8382.640369800127,9063.113311924151
2025-07-19 15:00:00+00:00,5919.75,8476.132,8135.895901988952,8816.368844112976
2025-07-19 16:00:00+00:00,4943.0,6883.7676,6543.530947319819,7224.003889443843
2025-07-19 17:00:00+00:00,4185.5,5091.868,4751.631874939569,5432.104817063593
2025-07-19 18:00:00+00:00,3340.25,3691.2195,3350.982970633235,4031.4559127572593
2025-07-19 19:00:00+00:00,2714.25,4042.002,3701.7655425497655,4382.2384846737905
2025-07-19 20:00:00+00:00,2637.25,2929.352,2589.1156623423535,3269.5886044663785
2025-07-19 21:00:00+00:00,2917.5,2942.1975,2601.961086001477,3282.4340281255018
2025-07-19 22:00:00+00:00,3129.5,2914.575,2574.338445263107,3254.8113873871316
2025-07-19 23:00:00+00:00,3407.0,3941.5493,3601.3128355740478,4281.785777698073
2025-07-20 00:00:00+00:00,3376.25,3743.7617,3403.5253498642855,4083.9982919883105
2025-07-20 01:00:00+00:00,3249.75,3411.4666,3071.23021946045,3751.7031615844744
2025-07-20 02:00:00+00:00,2995.25,2926.2197,2585.983191113829,3266.4561332378535
2025-07-20 03:00:00+00:00,3011.5,2376.6372,2036.400633115063,2716.8735752390876
2025-07-20 04:00:00+00:00,3435.5,2569.5613,2229.3248118126717,2909.7977539366966
2025-07-20 05:00:00+00:00,3435.0,3639.018,3298.7816905483396,3979.2546326723646
2025-07-20 06:00:00+00:00,3066.25,2711.576,2371.339502249895,3051.81244437392
2025-07-20 07:00:00+00:00,3304.25,1949.9473,1609.7107209782093,2290.1836631022343
2025-07-20 08:00:00+00:00,3504.25,2094.9312,1754.6946045643053,2435.1675466883303
2025-07-20 09:00:00+00:00,4606.0,1966.5986,1626.3622205750298,2306.8351626990548
2025-07-20 10:00:00+00:00,5470.5,2268.9304,1928.693950402242,2609.166892526267
2025-07-20 11:00:00+00:00,3075.25,2088.6558,1748.4193057378307,2428.8922478618556
2025-07-20 12:00:00+00:00,3299.25,2573.949,2233.7123868761487,2914.185329000173
2025-07-20 13:00:00+00:00,5536.75,1602.6147,1262.3783625180827,1942.8513046421076
2025-07-20 14:00:00+00:00,6424.75,1624.1448,1283.9083731587652,1964.3813152827902
2025-07-20 15:00:00+00:00,7383.75,2285.855,1945.6184615249595,2626.091403648984
2025-07-20 16:00:00+00:00,7107.5,4555.2554,4215.018755369432,4895.491697493457
2025-07-20 17:00:00+00:00,6534.75,5536.22,5195.983624878163,5876.4565670021875
2025-07-20 18:00:00+00:00,5586.0,5983.4844,5643.248007315062,6323.720949439086
2025-07-20 19:00:00+00:00,5225.25,2702.1812,2361.944732743748,3042.417674867773
2025-07-20 20:00:00+00:00,5368.25,3972.6724,3632.4359291779456,4312.90887130197
2025-07-20 21:00:00+00:00,6041.75,3112.052,2771.8154602384157,3452.2884023624406
2025-07-20 22:00:00+00:00,6751.0,3479.7449,3139.5083308132407,3819.981272937265
2025-07-20 23:00:00+00:00,7349.5,5449.4863,5109.24991233995,5789.722854463975
2025-07-21 00:00:00+00:00,7997.25,6469.586,6129.349656487501,6809.822598611526
2025-07-21 01:00:00+00:00,8404.5,7996.1313,7655.894925626624,8336.367867750649
2025-07-21 02:00:00+00:00,9070.75,8273.265,7933.028506902261,8613.501449026286
2025-07-21 03:00:00+00:00,9462.0,8368.056,8027.819474852842,8708.292416976867
2025-07-21 04:00:00+00:00,9585.25,8841.11,8500.873530814093,9181.346472938118
2025-07-21 05:00:00+00:00,9530.75,8890.905,8550.668717794044,9231.14165991807
2025-07-21 06:00:00+00:00,9487.0,9042.812,8702.575503818083,9383.048445942108
2025-07-21 07:00:00+00:00,9986.25,9648.508,9308.271074842402,9988.744016966426
2025-07-21 08:00:00+00:00,10301.25,8950.42,8610.183467653162,9290.656409777188
2025-07-21 09:00:00+00:00,10205.0,7710.7285,7370.492113887842,8050.965056011866
2025-07-21 10:00:00+00:00,10310.0,8713.376,8373.139392420304,9053.61233454433
2025-07-21 11:00:00+00:00,10339.0,7655.992,7315.75583695091,7996.228779074934
2025-07-21 12:00:00+00:00,10356.75,9154.259,8814.021937634627,9494.494879758651
2025-07-21 13:00:00+00:00,9928.0,8234.132,7893.89575311569,8574.368695239715
2025-07-21 14:00:00+00:00,9905.75,8233.276,7893.039920374301,8573.512862498326
2025-07-21 15:00:00+00:00,10017.75,8200.666,7860.429475842397,8540.902417966421
2025-07-21 16:00:00+00:00,9919.25,8973.799,8633.562861455142,9314.035803579169
2025-07-21 17:00:00+00:00,9614.25,8860.41,8520.173396455908,9200.646338579932
2025-07-21 18:00:00+00:00,9075.75,6733.3687,6393.132445310921,7073.605387434945
2025-07-21 19:00:00+00:00,7676.75,6862.726,6522.489448828379,7202.962390952403
2025-07-21 20:00:00+00:00,6630.5,4717.9863,4377.749682684968,5058.222624808993
2025-07-21 21:00:00+00:00,6383.75,4227.9043,3887.667717167969,4568.140659291994
2025-07-21 22:00:00+00:00,6160.25,3071.6118,2731.3753800731984,3411.8483221972233
2025-07-21 23:00:00+00:00,6019.25,4481.117,4140.880784339188,4821.353726463212
2025-07-22 00:00:00+00:00,5936.25,5801.007,5460.770320490916,6141.24326261494
2025-07-22 01:00:00+00:00,5887.25,3878.8188,3538.582322834436,4219.0552649584615
2025-07-22 02:00:00+00:00,6080.75,4973.8115,4633.5748987339375,5314.047840857962
2025-07-22 03:00:00+00:00,5968.0,4533.591,4193.354414905121,4873.827357029147
2025-07-22 04:00:00+00:00,5805.5,4342.8965,4002.660160858095,4683.133102982119
2025-07-22 05:00:00+00:00,5793.0,5197.151,4856.914451075095,5537.38739319912
2025-07-22 06:00:00+00:00,5997.75,4720.261,4380.02499908239,5060.497941206415
2025-07-22 07:00:00+00:00,6225.25,4416.73,4076.4937482752766,4756.966690399301
2025-07-22 08:00:00+00:00,6441.5,5457.4053,5117.168954290158,5797.641896414183
2025-07-22 09:00:00+00:00,6603.0,4849.291,4509.054482416794,5189.527424540819
2025-07-22 10:00:00+00:00,6735.0,4992.7476,4652.511087276938,5332.984029400964
2025-07-22 11:00:00+00:00,6912.0,6060.046,5719.809341247136,6400.282283371162
2025-07-22 12:00:00+00:00,6888.25,5520.2173,5179.980610285953,5860.453552409977
2025-07-22 13:00:00+00:00,6673.5,5180.2593,4840.022758075169,5520.495700199194
2025-07-22 14:00:00+00:00,6631.0,5804.5264,5464.290053831436,6144.7629959554615
2025-07-22 15:00:00+00:00,5795.25,5786.7593,5446.522985951539,6126.995928075564
2025-07-22 16:00:00+00:00,4854.5,3842.6084,3502.371938186042,4182.844880310066
2025-07-22 17:00:00+00:00,3824.25,2644.8213,2304.5847687698115,2985.0577108938364
2025-07-22 18:00:00+00:00,2682.5,2706.1287,2365.8920519325347,3046.364994056559
2025-07-22 19:00:00+00:00,1924.75,2101.3154,1761.078975792167,2441.551917916192
2025-07-22 20:00:00+00:00,1525.25,2265.1892,1924.9526568605197,2605.4255989845446
2025-07-22 21:00:00+00:00,1521.75,2321.7725,1981.5358931276078,2662.0088352516327
2025-07-22 22:00:00+00:00,1525.5,1739.4221,1399.1855619209978,2079.6585040450223
2025-07-22 23:00:00+00:00,1445.0,1546.4219,1206.1853630648461,1886.658305188871
2025-07-23 00:00:00+00:00,1312.5,1544.2842,1204.0477643459435,1884.5207064699684
2025-07-23 01:00:00+00:00,1237.75,1346.551,1006.3144843144464,1686.7874264384714
2025-07-23 02:00:00+00:00,1180.0000000000005,1382.6836,1042.4471961921563,1722.9201383161812
2025-07-23 03:00:00+00:00,1123.4999999999995,1533.8662,1193.6296974013276,1874.1026395253525
2025-07-23 04:00:00+00:00,1138.7499999999995,1591.9004,1251.6639271292934,1932.1368692533183
2025-07-23 05:00:00+00:00,1156.5,1074.3525,734.1160435920792,1414.5889857161042
2025-07-23 06:00:00+00:00,958.7500000000005,1254.3882,914.1516103665813,1594.6245524906062
2025-07-23 07:00:00+00:00,890.9999999999995,934.0242,593.7876785847866,1274.2606207088115
2025-07-23 08:00:00+00:00,919.5,736.6101,396.3736832191689,1076.8466253431934
2025-07-23 09:00:00+00:00,1009.0,872.4597,532.223248972733,1212.6961910967575
2025-07-23 10:00:00+00:00,1191.75,779.51733,439.28078279030615,1119.753724914331
2025-07-23 11:00:00+00:00,1399.25,909.91406,569.6776098676555,1250.15055199168
2025-07-23 12:00:00+00:00,1691.25,1035.8894,695.6529282455394,1376.1258703695648
2025-07-23 13:00:00+00:00,2060.0,1303.3428,963.1063889851375,1643.579331109162
2025-07-23 14:00:00+00:00,2044.25,1713.9741,1373.7375384135166,2054.2104805375416
2025-07-23 15:00:00+00:00,1998.5,1543.5332,1203.2968173885147,1883.7697595125392
2025-07-23 16:00:00+00:00,2195.25,1691.4512,1351.2146383977824,2031.687580521807
2025-07-23 17:00:00+00:00,2427.0,2493.6091,2153.37252054208,2833.845462666105
2025-07-23 18:00:00+00:00,2255.0,2253.472,1913.2354164238259,2593.7083585478504
2025-07-23 19:00:00+00:00,1932.0,2339.579,1999.3426787859898,2679.815620910015
2025-07-23 20:00:00+00:00,2107.75,2537.7314,2197.494840908471,2877.967783032496
2025-07-23 21:00:00+00:00,2277.0,1920.269,1580.0326714314774,2260.505613555502
2025-07-23 22:00:00+00:00,2283.75,1906.4211,1566.184663072735,2246.65760519676
2025-07-23 23:00:00+00:00,2408.5,2022.1433,1681.9067350236555,2362.37967714768
2025-07-24 00:00:00+00:00,2349.25,2895.9788,2555.7421516973104,3236.2150938213354
2025-07-24 01:00:00+00:00,2468.25,2233.9614,1893.7248978209477,2574.197839944972
2025-07-24 02:00:00+00:00,2419.0,1542.374,1202.1375650578116,1882.6105071818365
2025-07-24 03:00:00+00:00,2415.0,1495.896,1155.659501169744,1836.1324432937686
2025-07-24 04:00:00+00:00,2490.25,1848.874,1508.6376234042987,2189.110565528323
2025-07-24 05:00:00+00:00,2268.25,1494.9578,1154.721258169529,1835.1942002935534
2025-07-24 06:00:00+00:00,1893.0,2190.4895,1850.2530455937385,2530.7259877177635
2025-07-24 07:00:00+00:00,1736.0,1797.8496,1457.613113338814,2138.086055462839
2025-07-24 08:00:00+00:00,1742.25,1477.2053,1136.9688985376974,1817.4418406617224
2025-07-24 09:00:00+00:00,1782.75,1632.94,1292.703574979712,1973.1765171037364
2025-07-24 10:00:00+00:00,1935.25,1788.6816,1448.4450822185809,2128.9180243426053
2025-07-24 11:00:00+00:00,2085.25,1446.6921,1106.4557289884256,1786.92867111245
2025-07-24 12:00:00+00:00,2296.25,1508.3582,1168.1217391601554,1848.5946812841798
2025-07-24 13:00:00+00:00,2420.5,1996.6267,1656.3901831993435,2336.863125323368
2025-07-24 14:00:00+00:00,2879.25,1745.1768,1404.9401777485268,2085.4131198725518
2025-07-24 15:00:00+00:00,3208.25,1960.3438,1620.1071937908332,2300.580135914858
2025-07-24 16:00:00+00:00,3324.5,2414.5781,2074.341523024658,2754.8144651486823
2025-07-24 17:00:00+00:00,3119.0,2427.3987,2087.16226767579,2767.6352097998147
2025-07-24 18:00:00+00:00,2564.0,2283.6738,1943.4374541937873,2623.9103963178122
2025-07-24 19:00:00+00:00,2053.25,2299.5864,1959.349905640603,2639.8228477646276
2025-07-24 20:00:00+00:00,1904.5,2839.0586,2498.8220029014933,3179.294945025518
2025-07-24 21:00:00+00:00,1971.5,2321.914,1981.6775770752683,2662.1505191992933
2025-07-24 22:00:00+00:00,1906.25,2295.3137,1955.0771320339395,2635.5500741579644
2025-07-24 23:00:00+00:00,1982.5,1716.9114,1376.6750014092586,2057.1479435332835
2025-07-25 00:00:00+00:00,2053.75,1787.6108,1447.3744098987013,2127.847352022726
2025-07-25 01:00:00+00:00,2114.25,2517.236,2176.9995858171096,2857.4725279411346
2025-07-25 02:00:00+00:00,2131.0,1973.1025,1632.8660205737037,2313.338962697728
2025-07-25 03:00:00+00:00,2123.5,2045.2507,1705.014219041168,2385.4871611651924
2025-07-25 04:00:00+00:00,2144.5,2456.2612,2116.024808217403,2796.497750341428
2025-07-25 05:00:00+00:00,2016.5,2645.7485,2305.511994355745,2985.98493647977
2025-07-25 06:00:00+00:00,1745.25,2402.9937,2062.757152604199,2743.230094728224
2025-07-25 07:00:00+00:00,1563.5,2046.1782,1705.941664975387,2386.414607099412
2025-07-25 08:00:00+00:00,1617.5,1473.418,1133.1815522042784,1813.654494328303
2025-07-25 09:00:00+00:00,1783.0,1574.6853,1234.4487766178295,1914.9217187418544
2025-07-25 10:00:00+00:00,1918.25,1452.1262,1111.889738060362,1792.362680184387
2025-07-25 11:00:00+00:00,2001.0,1918.2346,1577.9981957102495,2258.4711378342745
2025-07-25 12:00:00+00:00,2170.0,2206.4631,1866.226533515674,2546.6994756396984
2025-07-25 13:00:00+00:00,2398.75,3375.1724,3034.9359922893727,3715.408934413397
2025-07-25 14:00:00+00:00,2580.5,2400.7844,2060.5479406924665,2741.020882816491
2025-07-25 15:00:00+00:00,2751.5,2624.7937,2284.5573130888442,2965.0302552128687
2025-07-25 16:00:00+00:00,2968.25,2692.9734,2352.736818583815,3033.20976070784
2025-07-25 17:00:00+00:00,2762.5,2696.4133,2356.1768960190807,3036.649838143105
2025-07-25 18:00:00+00:00,2634.75,2652.1772,2311.9408759373046,2992.413818061329
2025-07-25 19:00:00+00:00,2383.25,2965.7036,2625.4671800676947,3305.9401221917196
2025-07-25 20:00:00+00:00,2287.0,2382.7231,2042.4866527641807,2722.9595948882056
2025-07-25 21:00:00+00:00,2634.25,1848.4111,1508.1746716561884,2188.6476137802133
2025-07-25 22:00:00+00:00,2734.75,1918.5837,1578.3472273946886,2258.8201695187136
2025-07-25 23:00:00+00:00,2865.0,1895.1323,1554.8957797033067,2235.3687218273317
2025-07-26 00:00:00+00:00,2862.5,2155.9324,1815.6958239582877,2496.1687660823122
2025-07-26 01:00:00+00:00,2621.5,2481.879,2141.6424999048195,2822.1154420288444
2025-07-26 02:00:00+00:00,2434.75,2056.3052,1716.0686518346852,2396.5415939587097
2025-07-26 03:00:00+00:00,2332.25,2280.554,1940.3175428175432,2620.790484941568
2025-07-26 04:00:00+00:00,2301.0,1791.9292,1451.6927956004906,2132.165737724515
2025-07-26 05:00:00+00:00,2205.0,1555.3611,1215.124672664595,1895.59761478862
2025-07-26 06:00:00+00:00,1888.25,1613.1548,1272.9182820646524,1953.3912241886774
2025-07-26 07:00:00+00:00,1866.5,1947.6392,1607.4025726862283,2287.875514810253
2025-07-26 08:00:00+00:00,2038.0,2239.489,1899.2525549142774,2579.7254970383024
2025-07-26 09:00:00+00:00,2303.0,2179.3171,1839.080726467409,2519.5536685914335
2025-07-26 10:00:00+00:00,2770.25,2867.9292,2527.6926963296746,3208.165638453699
2025-07-26 11:00:00+00:00,3244.25,2908.79,2568.553641720446,3249.026583844471
2025-07-26 12:00:00+00:00,3596.0,3038.975,2698.738714095304,3379.2116562193287
2025-07-26 13:00:00+00:00,4199.25,4116.0586,3775.822122432005,4456.29506455603
2025-07-26 14:00:00+00:00,4779.25,3873.346,3533.1094222900856,4213.582364414111
2025-07-26 15:00:00+00:00,5271.25,4882.116,4541.87978718484,5222.352729308865
2025-07-26 16:00:00+00:00,5501.75,4567.037,4226.800805745637,4907.273747869662
2025-07-26 17:00:00+00:00,5239.5,4599.0903,4258.853851745504,4939.326793869528
2025-07-26 18:00:00+00:00,4553.25,3290.7214,2950.4849778161506,3630.9579199401755
2025-07-26 19:00:00+00:00,3573.75,3023.9558,2683.7193342501496,3364.192276374174
2025-07-26 20:00:00+00:00,3179.25,2709.6106,2369.3742158903556,3049.8471580143805
2025-07-26 21:00:00+00:00,2956.25,3241.0266,2900.7901594803043,3581.263101604329
2025-07-26 22:00:00+00:00,2556.75,2707.2612,2367.024642120676,3047.497584244701
2025-07-26 23:00:00+00:00,2163.25,2525.0115,2184.7750157721575,2865.2479578961825
2025-07-27 00:00:00+00:00,2047.75,2267.3044,1927.068000402574,2607.5409425265984
2025-07-27 01:00:00+00:00,2038.75,2902.5215,2562.2849533425406,3242.7578954665655
2025-07-27 02:00:00+00:00,1921.5,2975.6191,2635.3826325727873,3315.8555746968123
2025-07-27 03:00:00+00:00,1794.0,2081.374,1741.1374559425954,2421.6103980666203
2025-07-27 04:00:00+00:00,1894.75,1926.8723,1586.6358485069704,2267.108790630995
2025-07-27 05:00:00+00:00,2016.0,1973.4048,1633.168338421589,2313.6412805456134
2025-07-27 06:00:00+00:00,1944.75,1675.5093,1335.2728806289779,2015.7458227530028
2025-07-27 07:00:00+00:00,2029.0,1526.2468,1186.0102740325065,1866.483216156531
2025-07-27 08:00:00+00:00,2268.25,1782.5693,1442.332841123473,2122.8057832474974
2025-07-27 09:00:00+00:00,2623.0,2148.2693,1808.0327716289112,2488.505713752936
2025-07-27 10:00:00+00:00,3108.5,2630.9116,2290.6750628910927,2971.1480050151176
2025-07-27 11:00:00+00:00,3479.0,2913.7883,2573.551801883406,3254.024744007431
2025-07-27 12:00:00+00:00,3852.0,3510.2166,3169.980185058957,3850.453127182982
2025-07-27 13:00:00+00:00,4355.75,4000.3005,3660.0640786234558,4340.537020747481
2025-07-27 14:00:00+00:00,4626.25,3750.2212,3409.9848598575472,4090.457801981572
2025-07-27 15:00:00+00:00,5035.5,4274.95,3934.7137287622495,4615.186670886274
2025-07-27 16:00:00+00:00,5295.5,6495.6675,6155.431291490313,6835.9042336143375
2025-07-27 17:00:00+00:00,5007.0,4322.976,3982.739574095658,4663.212516219683
2025-07-27 18:00:00+00:00,4307.0,3992.4927,3652.256147296277,4332.729089420302
2025-07-27 19:00:00+00:00,3977.5,3687.577,3347.340503297618,4027.8134454216424
2025-07-27 20:00:00+00:00,3601.75,3481.0154,3140.778859028187,3821.2518011522116
2025-07-27 21:00:00+00:00,3608.75,4216.341,3876.1045001829307,4556.577442306955
2025-07-27 22:00:00+00:00,3686.0,3597.3618,3257.1255081947274,3937.598450318752
2025-07-27 23:00:00+00:00,3964.0,4068.6663,3728.4297233327134,4408.902665456738
2025-07-28 00:00:00+00:00,4153.5,3663.6292,3323.3927210928528,4003.8656632168777
2025-07-28 01:00:00+00:00,4170.25,4346.7896,4006.552943846188,4687.0258859702135
2025-07-28 02:00:00+00:00,4009.5,3924.3857,3584.1492465614215,4264.622188685446
2025-07-28 03:00:00+00:00,3796.5,3743.8064,3403.569970392126,4084.042912516151
2025-07-28 04:00:00+00:00,3696.0,3268.5266,2928.2901763977206,3608.763118521745
2025-07-28 05:00:00+00:00,3625.5,3526.636,3186.3996579110085,3866.8726000350334
2025-07-28 06:00:00+00:00,3066.0,3298.3184,2958.081925659838,3638.5548677838624
2025-07-28 07:00:00+00:00,2915.25,3110.155,2769.918481847422,3450.391423971447
2025-07-28 08:00:00+00:00,3208.5,3639.56,3299.3236371568482,3979.796579280873
2025-07-28 09:00:00+00:00,3785.25,4300.3184,3960.0817658420465,4640.554707966071
2025-07-28 10:00:00+00:00,3919.5,4587.047,4246.810192867183,4927.283134991208
2025-07-28 11:00:00+00:00,3910.75,4331.4663,3991.229813889292,4671.7027560133165
2025-07-28 12:00:00+00:00,3984.75,3976.7688,3636.5323139819616,4317.0052561059865
2025-07-28 13:00:00+00:00,4191.25,4478.554,4138.31763799366,4818.790580117686
2025-07-28 14:00:00+00:00,4238.0,4497.46,4157.223300552482,4837.696242676508
2025-07-28 15:00:00+00:00,4313.75,4545.9033,4205.666898691911,4886.139840815936
2025-07-28 16:00:00+00:00,3967.25,5045.092,4704.855177151516,5385.32811927554
2025-07-28 17:00:00+00:00,3734.5,4540.5713,4200.3348557891495,4880.807797913175
2025-07-28 18:00:00+00:00,3146.75,3040.138,2699.901491998577,3380.3744341226015
2025-07-28 19:00:00+00:00,2808.25,2825.4492,2485.212631736089,3165.6855738601134
2025-07-28 20:00:00+00:00,2763.5,3118.3918,2778.15532111258,3458.6282632366047
2025-07-28 21:00:00+00:00,2675.0,2539.807,2199.570301410826,2880.0432435348507
2025-07-28 22:00:00+00:00,2748.75,2254.9514,1914.7148348135497,2595.1877769375747
2025-07-28 23:00:00+00:00,2771.5,2358.8591,2018.6227130820985,2699.0956552061234
2025-07-29 00:00:00+00:00,2806.5,1640.6384,1300.401883034789,1980.8748251588136
2025-07-29 01:00:00+00:00,2704.75,2341.3901,2001.153721345588,2681.626663469613
2025-07-29 02:00:00+00:00,2498.0,2638.5903,2298.3537599487486,2978.8267020727735
2025-07-29 03:00:00+00:00,2393.25,2434.5378,2094.301331781937,2774.7742739059613
2025-07-29 04:00:00+00:00,2474.25,1950.2947,1610.058210224649,2290.5311523486735
2025-07-29 05:00:00+00:00,2457.75,2322.2363,1981.9999466171462,2662.4728887411707
2025-07-29 06:00:00+00:00,2089.25,1766.6912,1426.4547640092155,2106.9277061332405
2025-07-29 07:00:00+00:00,2091.75,2007.0413,1666.8047245713892,2347.277666695414
2025-07-29 08:00:00+00:00,2317.25,2137.3254,1797.088953674781,2477.5618957988054
2025-07-29 09:00:00+00:00,2531.0,2131.6099,1791.373339493808,2471.8462816178326
2025-07-29 10:00:00+00:00,2940.0,2564.6611,2224.424706636818,2904.8976487608425
2025-07-29 11:00:00+00:00,3160.75,2393.9165,2053.680125325931,2734.153067449956
2025-07-29 12:00:00+00:00,3370.0,2410.382,2070.1456509696795,2750.618593093704
2025-07-29 13:00:00+00:00,3680.5,3689.9268,3349.6904075897255,4030.16334971375
2025-07-29 14:00:00+00:00,3909.75,5095.5327,4755.296032809552,5435.768974933577
2025-07-29 15:00:00+00:00,4040.5,3425.5303,3085.2938386166816,3765.766780740706
2025-07-29 16:00:00+00:00,4160.0,4646.674,4306.437402982579,4986.910345106605
2025-07-29 17:00:00+00:00,3666.75,4549.646,4209.409596953954,4889.882539077979
2025-07-29 18:00:00+00:00,3269.0,4164.577,3824.34088688037,4504.813829004394
2025-07-29 19:00:00+00:00,2577.75,3051.169,2710.9325678738173,3391.4055099978423
2025-07-29 20:00:00+00:00,2143.0,2199.9731,1859.736615458995,2540.20955758302
2025-07-29 21:00:00+00:00,1847.5,2327.6155,1987.3790889659608,2667.8520310899858
2025-07-29 22:00:00+00:00,1791.25,2099.9216,1759.685052537268,2440.1579946612924
2025-07-29 23:00:00+00:00,1666.25,1795.5085,1455.2721331522744,2135.7450752762993
2025-07-30 00:00:00+00:00,1668.25,1678.4067,1338.170240236735,2018.64318236076
2025-07-30 01:00:00+00:00,1646.0,2254.1826,1913.9460396449845,2594.4189817690094
2025-07-30 02:00:00+00:00,1566.25,2160.9448,1820.7083067598132,2501.1812488838377
2025-07-30 03:00:00+00:00,1455.25,1797.7676,1457.5311437765595,2138.0040859005844
2025-07-30 04:00:00+00:00,1405.75,1715.4092,1375.1726667978292,2055.6456089218536
2025-07-30 05:00:00+00:00,1332.5,1845.0435,1504.80686845861,2185.279810582635
2025-07-30 06:00:00+00:00,1237.75,1614.4375,1274.2009294353084,1954.6738715593328
2025-07-30 07:00:00+00:00,1241.0000000000005,1217.2344,876.9978045332591,1557.470746657284
2025-07-30 08:00:00+00:00,1308.5,1818.0054,1477.7688117220187,2158.2417538460436
2025-07-30 09:00:00+00:00,1417.25,1606.571,1266.3344956382948,1946.8074377623198
2025-07-30 10:00:00+00:00,1574.25,2117.1104,1776.8739816027414,2457.3469237267664
2025-07-30 11:00:00+00:00,1754.25,1690.9907,1350.7543308291001,2031.2272729531246
2025-07-30 12:00:00+00:00,1997.5,2343.7505,2003.5140921812635,2683.987034305288
2025-07-30 13:00:00+00:00,2290.0,2136.0225,1795.786034261847,2476.258976385872
2025-07-30 14:00:00+00:00,2625.75,2273.4167,1933.180241497682,2613.6531836217064
2025-07-30 15:00:00+00:00,2720.25,3949.4932,3609.2566116193175,4289.729553743342
2025-07-30 16:00:00+00:00,2674.5,2934.1086,2593.8721004359763,3274.3450425600013
2025-07-30 17:00:00+00:00,2459.5,2224.719,1884.4826093284569,2564.9555514524814
2025-07-30 18:00:00+00:00,2106.0,2759.577,2419.340393139956,3099.8133352639807
2025-07-30 19:00:00+00:00,1726.75,2246.6697,1906.4332648464083,2586.9062069704332
2025-07-30 20:00:00+00:00,1712.0,1949.4202,1609.183647878981,2289.6565900030055
2025-07-30 21:00:00+00:00,1872.5,1942.0908,1601.854423202335,2282.3273653263595
2025-07-30 22:00:00+00:00,1960.25,2150.1216,1809.8850193179223,2490.3579614419473
2025-07-30 23:00:00+00:00,1962.25,1787.4238,1447.1873342042009,2127.660276328226
2025-07-31 00:00:00+00:00,2184.5,1442.7991,1102.5626154779034,1783.0355576019283
2025-07-31 01:00:00+00:00,2184.0,1848.6934,1508.4569378100814,2188.9298799341063
2025-07-31 02:00:00+00:00,2244.0,2147.1206,1806.884096015919,2487.3570381399436
2025-07-31 03:00:00+00:00,2263.75,1520.5486,1180.3120673660983,1860.7850094901232
2025-07-31 04:00:00+00:00,2236.25,1740.8562,1400.6198089121672,2081.092751036192
2025-07-31 05:00:00+00:00,2216.25,2328.0132,1987.7765972732386,2668.2495393972636
2025-07-31 06:00:00+00:00,1852.5,1722.7224,1382.4858060496235,2062.9587481736485
2025-07-31 07:00:00+00:00,1693.5,1580.3955,1240.1591024399472,1920.6320445639722
2025-07-31 08:00:00+00:00,2004.5,1485.6875,1145.4509854447629,1825.9239275687873
2025-07-31 09:00:00+00:00,2587.25,2113.387,1773.1505362721555,2453.62347839618
2025-07-31 10:00:00+00:00,3163.5,3495.1418,3154.905387619966,3835.378329743991
2025-07-31 11:00:00+00:00,3434.0,3609.9026,3269.666190174823,3950.1391322988475
2025-07-31 12:00:00+00:00,3793.5,4204.2085,3863.9719583148944,4544.444900438919
2025-07-31 13:00:00+00:00,4067.75,3617.0696,3276.8332385132444,3957.3061806372693
2025-07-31 14:00:00+00:00,4203.0,3358.8276,3018.5913276802926,3699.0642698043175
2025-07-31 15:00:00+00:00,4480.5,4323.098,3982.8614817846833,4663.334423908708
2025-07-31 16:00:00+00:00,4613.5,3738.8323,3398.595938366443,4079.0688804904676
2025-07-31 17:00:00+00:00,4094.5,4678.1035,4337.867276487146,5018.340218611172
2025-07-31 18:00:00+00:00,3526.5,2729.6838,2389.4472836664486,3069.9202257904735
2025-07-31 19:00:00+00:00,3096.25,3982.4968,3642.2603778410726,4322.7333199650975
2025-07-31 20:00:00+00:00,2829.25,3978.0093,3637.772764655919,4318.245706779944
2025-07-31 21:00:00+00:00,2731.75,2807.0452,2466.8087022236477,3147.281644347672
2025-07-31 22:00:00+00:00,2568.75,3064.5825,2724.346049413296,3404.8189915373205
2025-07-31 23:00:00+00:00,2339.25,2800.7048,2460.4684006529124,3140.941342776937
2025-08-01 00:00:00+00:00,2080.75,2665.1316,2324.895151649529,3005.3680937735535
2025-08-01 01:00:00+00:00,1867.5,1536.6304,1196.393966644564,1876.8669087685885
2025-08-01 02:00:00+00:00,1749.75,1866.3997,1526.1632446502158,2206.6361867742407
2025-08-01 03:00:00+00:00,1637.5,1711.4954,1371.2588405484576,2051.7317826724825
2025-08-01 04:00:00+00:00,1595.75,1829.4558,1489.2192103848142,2169.6921525088387
2025-08-01 05:00:00+00:00,1593.75,1842.112,1501.8755752148659,2182.348517338891
2025-08-01 06:00:00+00:00,1431.0,1464.6714,1124.4348270061705,1804.9077691301954
2025-08-01 07:00:00+00:00,1644.0,1261.1353,920.8986748725911,1601.371616996616
2025-08-01 08:00:00+00:00,2146.25,1501.2119,1160.975403560583,1841.4483456846078
2025-08-01 09:00:00+00:00,2532.75,1824.739,1484.5024349826049,2164.97537710663
2025-08-01 10:00:00+00:00,2915.25,2320.2783,1980.0419317510323,2660.514873875057
2025-08-01 11:00:00+00:00,3487.5,2696.3452,2356.1088083988207,3036.581750522845
2025-08-01 12:00:00+00:00,4322.0,2918.6458,2578.4093798401327,3258.8823219641577
2025-08-01 13:00:00+00:00,4889.5,2844.9797,2504.7432020329593,3185.2161441569842
2025-08-01 14:00:00+00:00,4936.25,2531.6719,2191.4354834019146,2871.908425525939
2025-08-01 15:00:00+00:00,5322.5,3355.3347,3015.098366656476,3695.5713087805007
2025-08-01 16:00:00+00:00,5272.25,3425.329,3085.092660631901,3765.5656027559253
2025-08-01 17:00:00+00:00,5305.25,3311.3672,2971.130840960741,3651.6037830847654
2025-08-01 18:00:00+00:00,4664.75,2912.9456,2572.708969690869,3253.1819118148933
2025-08-01 19:00:00+00:00,4027.75,2229.9512,1889.7147793707559,2570.187721494781
2025-08-01 20:00:00+00:00,3578.25,2998.2783,2658.041928177327,3338.514870301352
2025-08-01 21:00:00+00:00,3646.0,2779.188,2438.9516109093674,3119.424553033392
2025-08-01 22:00:00+00:00,3625.5,2259.713,1919.4763409177417,2599.9492830417666
2025-08-01 23:00:00+00:00,3618.25,2506.5706,2166.3340677477304,2846.8070098717553
2025-08-02 00:00:00+00:00,3807.0,3242.479,2902.242475030896,3582.715417154921
2025-08-02 01:00:00+00:00,3724.25,3470.1794,3129.943121908158,3810.4160640321825
2025-08-02 02:00:00+00:00,3786.75,3270.4766,2930.2401485514088,3610.7130906754337
2025-08-02 03:00:00+00:00,3746.75,3233.794,2893.5575575269077,3574.030499650932
2025-08-02 04:00:00+00:00,3841.25,3074.7021,2734.465764779168,3414.9387069031927
2025-08-02 05:00:00+00:00,3782.5,2173.8787,1833.6420900814737,2514.1150322054987
2025-08-02 06:00:00+00:00,3370.0,2716.5933,2376.3568327137045,3056.829774837729
2025-08-02 07:00:00+00:00,3519.75,2630.2964,2290.059850477612,2970.532792601637
2025-08-02 08:00:00+00:00,3816.25,3580.6462,3240.409777072645,3920.8827191966698
2025-08-02 09:00:00+00:00,3683.75,5167.366,4827.1295326098325,5507.602474733857
2025-08-02 10:00:00+00:00,3758.0,4935.012,4594.775763441373,5275.248705565397
2025-08-02 11:00:00+00:00,4068.5,4495.867,4155.630568056873,4836.1035101808975
2025-08-02 12:00:00+00:00,4095.0,4212.048,3871.8113994469177,4552.284341570942
2025-08-02 13:00:00+00:00,4281.5,5395.273,5055.036439254212,5735.509381378237
2025-08-02 14:00:00+00:00,4229.75,6071.63,5731.39349131931,6411.866433443334
2025-08-02 15:00:00+00:00,4148.75,4641.5244,4301.287946177999,4981.760888302024
2025-08-02 16:00:00+00:00,3812.25,4336.111,3995.874204879671,4676.347147003696
2025-08-02 17:00:00+00:00,3216.75,4066.412,3726.1756154577834,4406.648557581808
2025-08-02 18:00:00+00:00,2672.0,2832.902,2492.665692149259,3173.138634273284
2025-08-02 19:00:00+00:00,2181.75,2511.3286,2171.0920482793526,2851.564990403377
2025-08-02 20:00:00+00:00,2028.75,2439.523,2099.286491396044,2779.759433520069
2025-08-02 21:00:00+00:00,1942.5,2046.5425,1706.3059006915346,2386.778842815559
2025-08-02 22:00:00+00:00,1789.0,2154.922,1814.685527068671,2495.158469192696
2025-08-02 23:00:00+00:00,1713.75,1817.6758,1477.4393910350009,2157.912333159026
2025-08-03 00:00:00+00:00,1771.0,1401.6484,1061.4119120915275,1741.8848542155524
2025-08-03 01:00:00+00:00,1945.5,1580.1157,1239.8792601171963,1920.3522022412212
2025-08-03 02:00:00+00:00,2009.5,1204.9993,864.7627456253331,1545.235687749358
2025-08-03 03:00:00+00:00,2032.5,1093.008,752.7716108467102,1433.2445529707352
2025-08-03 04:00:00+00:00,2071.75,1160.927,820.6904443197809,1501.1633864438054
2025-08-03 05:00:00+00:00,2108.5,1326.7444,986.5078176156808,1666.9807597397057
2025-08-03 06:00:00+00:00,1944.75,865.801,525.5647644775463,1206.0377066015712
2025-08-03 07:00:00+00:00,1744.5,855.3396,515.1030685723763,1195.5760106964008
2025-08-03 08:00:00+00:00,1217.5,1571.3369,1231.1003640693866,1911.5733061934116
2025-08-03 09:00:00+00:00,1641.5,1915.1055,1574.8690297060093,2255.341971830034
2025-08-03 10:00:00+00:00,1769.0,1978.7153,1638.4789524535722,2318.951894577597
2025-08-03 11:00:00+00:00,1939.0,2534.9773,2194.740928034659,2875.213870158684
2025-08-03 12:00:00+00:00,2044.5,2530.8071,2190.570616380814,2871.043558504839
2025-08-03 13:00:00+00:00,2132.5,2902.4365,2562.2001192525727,3242.6730613765976
2025-08-03 14:00:00+00:00,2224.0,3047.1553,2706.9189238510553,3387.3918659750802
2025-08-03 15:00:00+00:00,2301.0,3219.805,2879.568526265362,3560.041468389387
2025-08-03 16:00:00+00:00,4165.0,3433.1953,3092.958984254771,3773.431926378796
2025-08-03 17:00:00+00:00,4279.75,4631.315,4291.078273624518,4971.551215748543
2025-08-03 18:00:00+00:00,3832.25,4193.2676,3853.0310048884767,4533.503947012501
2025-08-03 19:00:00+00:00,3615.0,3378.4683,3038.2318517716926,3718.7047938957176
2025-08-03 20:00:00+00:00,3505.75,3286.148,2945.9115389737444,3626.384481097769
2025-08-03 21:00:00+00:00,3843.0,2987.7551,2647.518755100465,3327.99169722449
2025-08-03 22:00:00+00:00,3862.75,3090.4023,2750.1658004786354,3430.6387426026604
2025-08-03 23:00:00+00:00,3464.5,3610.2847,3270.0481639279633,3950.521106051988
2025-08-04 00:00:00+00:00,3278.5,3076.1714,2735.935047147753,3416.4079892717778
2025-08-04 01:00:00+00:00,3051.0,3576.0938,3235.857381491516,3916.330323615541
2025-08-04 02:00:00+00:00,2577.25,2927.4998,2587.263414653343,3267.7363567773673
2025-08-04 03:00:00+00:00,2259.5,1939.0564,1598.8200069609156,2279.2929490849406
2025-08-04 04:00:00+00:00,2087.5,1671.499,1331.2625418305006,2011.735483954525
2025-08-04 05:00:00+00:00,1973.75,2090.6157,1750.3793037385153,2430.85224586254
2025-08-04 06:00:00+00:00,1825.75,1864.0564,1523.8198406325341,2204.292782756559
2025-08-04 07:00:00+00:00,1940.0,2165.0505,1824.8140563659686,2505.2869984899935
2025-08-04 08:00:00+00:00,2334.75,2097.363,1757.1265885928105,2437.5995307168355
2025-08-04 09:00:00+00:00,2901.25,2721.6077,2381.371078301515,3061.8440204255394
2025-08-04 10:00:00+00:00,3441.25,2240.8372,1900.6006457257658,2581.0735878497903
2025-08-04 11:00:00+00:00,3654.0,3271.7654,2931.5288554999197,3612.001797623944
2025-08-04 12:00:00+00:00,3822.75,2620.3271,2280.0906329908257,2960.56357511485
2025-08-04 13:00:00+00:00,3960.5,3661.6965,3321.4601564537297,4001.933098577754
2025-08-04 14:00:00+00:00,4259.25,2937.096,2596.8595824925565,3277.3325246165814
2025-08-04 15:00:00+00:00,4480.5,2509.78,2169.5434405279407,2850.016382651965
2025-08-04 16:00:00+00:00,4601.5,4014.2568,3674.0204983387284,4354.493440462753
2025-08-04 17:00:00+00:00,4188.0,3769.3723,3429.135770058276,4109.608712182301
2025-08-04 18:00:00+00:00,3639.5,2483.5293,2143.292688215907,2823.765630339932
2025-08-04 19:00:00+00:00,3313.0,2612.1018,2271.86525183652,2952.338193960545
2025-08-04 20:00:00+00:00,3262.0,3238.4768,2898.2402891189868,3578.7132312430117
2025-08-04 21:00:00+00:00,3516.0,3107.4277,2767.1912311161714,3447.6641732401963
2025-08-04 22:00:00+00:00,3484.75,3043.1492,2702.912771670005,3383.3857137940295
2025-08-04 23:00:00+00:00,2091.5,2569.227,2228.99054346337,2909.4634855873946
2025-08-05 00:00:00+00:00,1954.25,1915.9993,1575.7627623525273,2256.2357044765517
2025-08-05 01:00:00+00:00,1907.0,2022.083,1681.846579941678,2362.319522065703
2025-08-05 02:00:00+00:00,1892.25,2051.0085,1710.7721400929818,2391.2450822170063
2025-08-05 03:00:00+00:00,1846.75,1656.737,1316.5005287829626,1996.9734709069871
2025-08-05 04:00:00+00:00,3226.75,1444.7131,1104.4765606868914,1784.9495028109159
2025-08-05 05:00:00+00:00,3621.25,1957.992,1617.7554165382976,2298.2283586623225
2025-08-05 06:00:00+00:00,3501.75,2144.582,1804.3454634171685,2484.8184055411934
2025-08-05 07:00:00+00:00,2210.5,1903.533,1563.2965580929745,2243.7695002169994
2025-08-05 08:00:00+00:00,2443.5,2793.9954,2453.75879535546,3134.2317374794843
2025-08-05 09:00:00+00:00,2794.75,3986.4287,3646.192272649865,4326.6652147738905
2025-08-05 10:00:00+00:00,2862.75,4960.7666,4620.530220833855,5301.003162957881
2025-08-05 11:00:00+00:00,3007.0,5515.164,5174.927803748157,5855.400745872182
2025-08-05 12:00:00+00:00,3242.5,4799.4185,4459.182159765104,5139.655101889129
2025-08-05 13:00:00+00:00,3503.0,5188.2036,4847.966961045242,5528.439903169267
2025-08-05 14:00:00+00:00,3730.75,6042.7495,5702.512992392418,6382.985934516442
2025-08-05 15:00:00+00:00,3805.5,6629.449,6289.212558060805,6969.68550018483
2025-08-05 16:00:00+00:00,6309.25,7262.3438,6922.107150244368,7602.580092368393
2025-08-05 17:00:00+00:00,6192.75,5828.102,5487.8653923464135,6168.338334470439
2025-08-05 18:00:00+00:00,4996.0,5166.469,4826.2325773696375,5506.705519493662
2025-08-05 19:00:00+00:00,4346.25,4702.875,4362.638472691777,5043.111414815802
2025-08-05 20:00:00+00:00,4260.0,3966.537,3626.300551512846,4306.773493636871
2025-08-05 21:00:00+00:00,4021.75,3895.9246,3555.688070422085,4236.161012546109
2025-08-05 22:00:00+00:00,3703.0,2957.189,2616.952481614356,3297.425423738381
2025-08-05 23:00:00+00:00,3472.75,2315.45,1975.2134397680084,2655.6863818920333
2025-08-06 00:00:00+00:00,3356.25,2200.0747,1859.8381960186707,2540.3111381426957
2025-08-06 01:00:00+00:00,3072.0,2513.927,2173.6906156117943,2854.1635577358193
2025-08-06 02:00:00+00:00,2531.0,2384.8926,2044.6562019845,2725.1291441085245
2025-08-06 03:00:00+00:00,2366.75,1754.7847,1414.5482443951646,2095.0211865191895
2025-08-06 04:00:00+00:00,2282.5,1731.9509,1391.7144329484054,2072.1873750724303
2025-08-06 05:00:00+00:00,2157.25,2075.2246,1734.988196335502,2415.4611384595264
2025-08-06 06:00:00+00:00,1868.5,1755.4016,1415.1652195949305,2095.6381617189554
2025-08-06 07:00:00+00:00,1227.25,1881.5403,1541.3038160524675,2221.776758176492
2025-08-06 08:00:00+00:00,834.0,1277.2385,937.0019479347629,1617.4748900587874
2025-08-06 09:00:00+00:00,922.2500000000005,1570.8005,1230.5640363421617,1911.0369784661866
2025-08-06 10:00:00+00:00,968.9999999999995,1646.9927,1306.7560665475194,1987.2290086715439
2025-08-06 11:00:00+00:00,838.25,1395.311,1055.074475048505,1735.54741717253
2025-08-06 12:00:00+00:00,763.5,1355.4541,1015.217656795352,1695.690598919377
2025-08-06 13:00:00+00:00,712.0,1080.185,739.9486627127217,1420.4216048367466
2025-08-06 14:00:00+00:00,1012.7499999999995,1304.8552,964.6186392694203,1645.0915813934453
2025-08-06 15:00:00+00:00,1070.5000000000005,1595.9011,1255.6645706032032,1936.137512727228
2025-08-06 16:00:00+00:00,1113.75,1245.3127,905.0763458745982,1585.5492879986232
2025-08-06 17:00:00+00:00,1071.25,1252.2075,911.9710437319809,1592.4439858560054
2025-08-06 18:00:00+00:00,1124.4999999999995,1232.7856,892.5491051399263,1573.0220472639508
2025-08-06 19:00:00+00:00,1292.5,1477.2473,1137.010764711967,1817.483706835992
2025-08-06 20:00:00+00:00,1444.25,2440.0457,2099.80915752956,2780.2820996535847
2025-08-06 21:00:00+00:00,1461.5,2076.9495,1736.7130827154183,2417.1860248394432
2025-08-06 22:00:00+00:00,1433.5,1567.1936,1226.957155254674,1907.430097378699
2025-08-06 23:00:00+00:00,1414.0,1783.1006,1442.8641008401282,2123.337042964153
2025-08-07 00:00:00+00:00,1303.25,1284.4465,944.2099810543118,1624.6829231783368
2025-08-07 01:00:00+00:00,1243.5,1127.5,787.2636093896144,1467.7365515136394
2025-08-07 02:00:00+00:00,1208.7499999999995,1355.104,1014.8675233694848,1695.3404654935098
2025-08-07 03:00:00+00:00,1326.75,1241.926,901.6895927244559,1582.1625348484804
2025-08-07 04:00:00+00:00,1391.25,1473.5261,1133.2897432125228,1813.7626853365477
2025-08-07 05:00:00+00:00,1385.25,1314.6104,974.3738985708592,1654.8468406948841
2025-08-07 06:00:00+00:00,1301.25,821.1887,480.9521691756281,1161.4251112996526
2025-08-07 07:00:00+00:00,973.2499999999995,679.3313,339.0945870660589,1019.5675291900839
2025-08-07 08:00:00+00:00,997.2500000000005,857.9397,517.7031783428174,1198.176120466842
2025-08-07 09:00:00+00:00,1143.7499999999995,857.6111,517.374418700656,1197.847360824681
2025-08-07 10:00:00+00:00,756.5,830.6301,490.39365251832896,1170.8665946423534
2025-08-07 11:00:00+00:00,842.5,702.35815,362.12186430760175,1042.5948064316267
2025-08-07 12:00:00+00:00,870.75,938.73267,598.496080752142,1278.969022876167
2025-08-07 13:00:00+00:00,881.0,1230.26,890.0234730900279,1570.4964152140528
2025-08-07 14:00:00+00:00,1503.25,1173.529,833.2926034715674,1513.765545595592
2025-08-07 15:00:00+00:00,1591.75,986.9817,646.7453041601093,1327.2182462841338
2025-08-07 16:00:00+00:00,1436.75,1053.1238,712.8872490578533,1393.3601911818782
2025-08-07 17:00:00+00:00,1337.0,1269.3203,929.0837322906264,1609.5566744146513
2025-08-07 18:00:00+00:00,1247.75,2071.4102,1731.17374716295,2411.646689286975
2025-08-07 19:00:00+00:00,1281.75,2126.356,1786.119575319517,2466.592517443542
2025-08-07 20:00:00+00:00,1468.25,1724.5176,1384.281203880942,2064.754146004967
2025-08-07 21:00:00+00:00,1536.0,2443.304,2103.0674476291797,2783.5403897532046
2025-08-07 22:00:00+00:00,1607.5,2621.6367,2281.4001628523283,2961.8731049763533
2025-08-07 23:00:00+00:00,1509.25,1469.0342,1128.797723061657,1809.270665185682
2025-08-08 00:00:00+00:00,1464.0,1512.6589,1172.4224969990937,1852.8954391231186
2025-08-08 01:00:00+00:00,1379.75,1034.1475,693.9108546993439,1374.3837968233688
2025-08-08 02:00:00+00:00,1420.0,2127.553,1787.3165072070624,2467.7894493310873
2025-08-08 03:00:00+00:00,1424.0,1685.4204,1345.1839261683576,2025.6568682923826
2025-08-08 04:00:00+00:00,1412.75,1560.8394,1220.6029717419437,1901.0759138659687
2025-08-08 05:00:00+00:00,1410.0,1219.5193,879.2828162552487,1559.7557583792736
2025-08-08 06:00:00+00:00,1267.75,1281.7834,941.5470720224657,1622.0200141464907
2025-08-08 07:00:00+00:00,1115.75,749.4944,409.25788817656303,1089.7308303005875
2025-08-08 08:00:00+00:00,1073.25,554.60864,214.3721690402699,894.8451111642948
2025-08-08 09:00:00+00:00,1084.7499999999995,1084.3276,744.0912104825775,1424.5641526066024
2025-08-08 10:00:00+00:00,1030.9999999999995,1136.5576,796.3212460187469,1476.7941881427719
2025-08-08 11:00:00+00:00,714.25,1095.2676,755.0310621675671,1435.5040042915916
2025-08-08 12:00:00+00:00,770.0,1184.8342,844.5977926141322,1525.0707347381567
2025-08-08 13:00:00+00:00,791.5,1407.29,1067.0534892485284,1747.5264313725534
2025-08-08 14:00:00+00:00,1181.2499999999995,1812.1494,1471.9128356830993,2152.3857778071238
2025-08-08 15:00:00+00:00,1376.0,2199.8323,1859.595812904477,2540.068755028502
2025-08-08 16:00:00+00:00,1594.0,1954.6414,1614.4048005069985,2294.8777426310235
2025-08-08 17:00:00+00:00,1492.75,1806.2769,1466.0403335227575,2146.513275646782
2025-08-08 18:00:00+00:00,1483.25,1623.7273,1283.4908131574953,1963.9637552815202
2025-08-08 19:00:00+00:00,1481.25,3519.4297,3179.1932774036018,3859.6662195276267
2025-08-08 20:00:00+00:00,1711.25,2458.3987,2118.16218658802,2798.635128712045
2025-08-08 21:00:00+00:00,1921.5,2204.6208,1864.3844218478016,2544.8573639718265
2025-08-08 22:00:00+00:00,1884.0,2733.441,2393.204442284736,3073.677384408761
2025-08-08 23:00:00+00:00,1690.5,3024.4001,2684.1637767422662,3364.636718866291
2025-08-09 00:00:00+00:00,1623.5,2383.292,2043.0555920376792,2723.5285341617036
2025-08-09 01:00:00+00:00,1442.5,2673.9705,2333.73398243103,3014.2069245550547
2025-08-09 02:00:00+00:00,1337.5,3026.6003,2686.363954374288,3366.836896498313
2025-08-09 03:00:00+00:00,1266.0,2704.73,2364.4935013636373,3044.966443487662
2025-08-09 04:00:00+00:00,1283.25,2888.8513,2548.6147660503025,3229.0877081743274
2025-08-09 05:00:00+00:00,1451.75,2593.1233,2252.88687434344,2933.359816467465
2025-08-09 06:00:00+00:00,1210.0,1919.9539,1579.71735303474,2260.1902951587645
2025-08-09 07:00:00+00:00,912.75,1435.5549,1095.3184452395112,1775.7913873635357
2025-08-09 08:00:00+00:00,702.5,1514.4651,1174.2286918964082,1854.7016340204327
2025-08-09 09:00:00+00:00,729.25,1373.4487,1033.2121791930913,1713.6851213171162
2025-08-09 10:00:00+00:00,823.5,1314.8494,974.6127561124831,1655.0856982365076
2025-08-09 11:00:00+00:00,939.0,1389.2971,1049.060729637074,1729.533671761099
2025-08-09 12:00:00+00:00,1021.25,1577.9651,1237.7286608494414,1918.2016029734664
2025-08-09 13:00:00+00:00,1078.7499999999995,1619.2703,1279.0338283840447,1959.5067705080696
2025-08-09 14:00:00+00:00,1241.2499999999995,1760.1814,1419.9447942585443,2100.4177363825693
2025-08-09 15:00:00+00:00,2254.25,2254.8247,1914.5881345493121,2595.061076673337
2025-08-09 16:00:00+00:00,2630.0,2491.4285,2151.1919539074797,2831.664896031504
2025-08-09 17:00:00+00:00,3063.25,2311.329,1971.09270647843,2651.565648602455
2025-08-09 18:00:00+00:00,3614.0,2212.837,1872.600328025825,2553.07327014985
2025-08-09 19:00:00+00:00,4037.25,2035.0383,1694.8019573953306,2375.2748995193556
2025-08-09 20:00:00+00:00,4323.5,4108.271,3768.0342978858907,4448.507240009915
2025-08-09 21:00:00+00:00,4422.75,4045.9272,3705.6907167358468,4386.163658859871
2025-08-09 22:00:00+00:00,4213.25,3538.5854,3198.3489250924717,3878.8218672164967
2025-08-09 23:00:00+00:00,4051.0,3138.1387,2797.9022734259397,3478.3752155499647
2025-08-10 00:00:00+00:00,3631.5,3487.603,3147.3666117236853,3827.8395538477102
2025-08-10 01:00:00+00:00,3147.25,2750.8953,2410.658891034395,3091.13183315842
2025-08-10 02:00:00+00:00,2966.25,2097.8945,1757.6580686577518,2438.1310107817762
2025-08-10 03:00:00+00:00,2725.25,2145.8965,1805.6600612892407,2486.1330034132657
2025-08-10 04:00:00+00:00,2480.5,2632.1445,2291.908131897482,2972.3810740215067
2025-08-10 05:00:00+00:00,2470.25,2656.3018,2316.0653551477385,2996.5382972717634
2025-08-10 06:00:00+00:00,1926.25,2270.9534,1930.7169680126171,2611.1899101366416
2025-08-10 07:00:00+00:00,996.0,1758.7834,1418.5469047345036,2099.0198468585286
2025-08-10 08:00:00+00:00,908.5,1649.5962,1309.3597018905307,1989.8326440145556
2025-08-10 09:00:00+00:00,871.5,1137.2925,797.0558872030397,1477.5288293270646
2025-08-10 10:00:00+00:00,884.25,1565.2144,1224.977766604854,1905.450708728879
2025-08-10 11:00:00+00:00,892.7500000000005,1387.7141,1047.4775272048182,1727.9504693288427
2025-08-10 12:00:00+00:00,926.4999999999995,985.14624,644.909802940806,1325.3827450648305
2025-08-10 13:00:00+00:00,988.75,1125.0564,784.819946901971,1465.292889025996
2025-08-10 14:00:00+00:00,1069.75,1583.3516,1243.1150746916824,1923.5880168157069
2025-08-10 15:00:00+00:00,1815.75,1606.3318,1266.0951974001,1946.568139524125
2025-08-10 16:00:00+00:00,2176.25,2302.0498,1961.8133994739533,2642.286341597978
2025-08-10 17:00:00+00:00,2471.0,2311.9485,1971.712105509338,2652.1850476333625
2025-08-10 18:00:00+00:00,2908.5,2990.0505,2649.8141231918794,3330.2870653159043
2025-08-10 19:00:00+00:00,4116.25,3236.2703,2896.0339417349674,3576.5068838589923
2025-08-10 20:00:00+00:00,5510.5,4940.071,4599.834192303394,5280.3071344274185
2025-08-10 21:00:00+00:00,6221.0,3785.3152,3445.078739742652,4125.5516818666765
2025-08-10 22:00:00+00:00,6199.25,5143.9355,4803.699031777353,5484.171973901378
2025-08-10 23:00:00+00:00,5732.5,5385.0327,5044.796441267922,5725.269383391947
2025-08-11 00:00:00+00:00,5279.5,4171.136,3830.8999942987366,4511.372936422761
2025-08-11 01:00:00+00:00,5039.25,2838.17,2497.933338265545,3178.4062803895695
2025-08-11 02:00:00+00:00,4765.75,2775.9065,2435.66996389147,3116.142906015495
2025-08-11 03:00:00+00:00,4543.5,2541.5774,2201.3410202341533,2881.8139623581783
2025-08-11 04:00:00+00:00,4348.5,2297.719,1957.4824539198835,2637.955396043908
2025-08-11 05:00:00+00:00,4469.0,2329.7065,1989.46997384831,2669.9429159723345
2025-08-11 06:00:00+00:00,3609.5,1789.938,1449.7015081432464,2130.1744502672714
2025-08-11 07:00:00+00:00,2164.5,1462.8442,1122.6076990217216,1803.080641145746
2025-08-11 08:00:00+00:00,1448.25,920.14404,579.9074993763425,1260.3804415003674
2025-08-11 09:00:00+00:00,1757.0,1123.7661,783.5295873413179,1464.0025294653428
2025-08-11 10:00:00+00:00,2306.0,1326.6843,986.4478828819892,1666.9208250060142
2025-08-11 11:00:00+00:00,2167.0,1449.0745,1108.837914304378,1789.310856428403
2025-08-11 12:00:00+00:00,1857.0,1582.9761,1242.7396012129675,1923.2125433369924
2025-08-11 13:00:00+00:00,1657.25,1691.6724,1351.4358680765554,2031.9088102005803
2025-08-11 14:00:00+00:00,1576.5,1738.5623,1398.325762910467,2078.798705034492
2025-08-11 15:00:00+00:00,1665.75,1809.3435,1469.1069206138786,2149.5798627379036
2025-08-11 16:00:00+00:00,1855.25,1890.2451,1550.0086750763053,2230.48161720033
2025-08-11 17:00:00+00:00,2112.75,1905.1396,1564.9031174435072,2245.376059567532
2025-08-11 18:00:00+00:00,2648.5,1452.8247,1112.5882421258116,1793.061184249836
2025-08-11 19:00:00+00:00,3734.25,2777.5378,2437.3014225982797,3117.774364722304
2025-08-11 20:00:00+00:00,4687.25,3132.8474,2792.611050043092,3473.0839921671163
2025-08-11 21:00:00+00:00,4948.25,5138.5728,4798.336470637032,5478.809412761057
2025-08-11 22:00:00+00:00,4928.0,4386.2397,4046.003384773567,4726.476326897592
2025-08-11 23:00:00+00:00,4375.75,4342.6587,4002.422239796685,4682.89518192071
2025-08-12 00:00:00+00:00,3937.5,2890.851,2550.614647090686,3231.0875892147105
2025-08-12 01:00:00+00:00,3571.5,2637.8386,2297.6021519464625,2978.0750940704875
2025-08-12 02:00:00+00:00,3298.0,2241.9363,1901.699742974491,2582.172685098516
2025-08-12 03:00:00+00:00,3308.25,3199.7905,2859.554181307389,3540.027123431414
2025-08-12 04:00:00+00:00,3238.0,2450.6243,2110.3878583744004,2790.8608004984253
2025-08-12 05:00:00+00:00,3242.0,2453.2288,2112.992154762269,2793.4650968862934
2025-08-12 06:00:00+00:00,3136.0,2704.7498,2364.513332709344,3044.986274833369
2025-08-12 07:00:00+00:00,2108.75,2567.6448,2227.4082224242566,2907.881164548281
2025-08-12 08:00:00+00:00,1400.5,1558.032,1217.7955142347241,1898.2684563587486
2025-08-12 09:00:00+00:00,1327.0,943.5842,603.347709305157,1283.820651429182
2025-08-12 10:00:00+00:00,1601.0,1477.2678,1137.031257102531,1817.5041992265556
2025-08-12 11:00:00+00:00,1904.25,3189.1885,2848.952013370129,3529.4249554941534
2025-08-12 12:00:00+00:00,2565.5,1734.3079,1394.0712782115106,2074.5442203355356
2025-08-12 13:00:00+00:00,3269.0,3212.5835,2872.3470519003895,3552.819994024414
2025-08-12 14:00:00+00:00,3560.75,3765.7651,3425.528778796646,4106.001720920671
2025-08-12 15:00:00+00:00,3345.5,3058.8667,2718.6302148840373,3399.103157008062
2025-08-12 16:00:00+00:00,2841.5,2824.5217,2484.2851858018694,3164.7581279258943
2025-08-12 17:00:00+00:00,2133.75,2023.8201,1683.5835854773045,2364.0565276013294
2025-08-12 18:00:00+00:00,1748.25,2340.6008,2000.3644337864594,2680.837375910484
2025-08-12 19:00:00+00:00,1646.25,2165.1692,1824.9326037436376,2505.4055458676626
2025-08-12 20:00:00+00:00,1478.75,1751.3191,1411.0826065587662,2091.555548682791
2025-08-12 21:00:00+00:00,1349.5,1367.9336,1027.6970819520425,1708.1700240760674
2025-08-12 22:00:00+00:00,1238.5,1718.1025,1377.865983893092,2058.338926017117
2025-08-12 23:00:00+00:00,1028.5,2153.655,1813.4185244262949,2493.89146655032
2025-08-13 00:00:00+00:00,956.25,1424.708,1084.471580531058,1764.944522655083
2025-08-13 01:00:00+00:00,1211.7499999999995,374.90744,34.67109096335571,715.1440330873802
2025-08-13 02:00:00+00:00,1301.5,777.1926,436.9561083769031,1117.429050500928
2025-08-13 03:00:00+00:00,1256.75,1317.5623,977.3256842051674,1657.7986263291918
2025-08-13 04:00:00+00:00,1140.0,2594.7375,2254.50114588397,2934.9740880079944
2025-08-13 05:00:00+00:00,1132.75,1433.978,1093.7416329075386,1774.214575031563
2025-08-13 06:00:00+00:00,950.7499999999995,893.19727,552.9606668300021,1233.433608954027
2025-08-13 07:00:00+00:00,911.0000000000005,754.24194,414.0055123387601,1094.4784544627846
2025-08-13 08:00:00+00:00,789.75,706.1018,365.8651409838949,1046.3380831079198
2025-08-13 09:00:00+00:00,895.9999999999995,751.22876,410.99202918447554,1091.4649713085005
2025-08-13 10:00:00+00:00,963.7500000000005,796.71704,456.4807292700616,1136.9536713940865
2025-08-13 11:00:00+00:00,1130.0,620.80054,280.56391265056754,961.036854774592
2025-08-13 12:00:00+00:00,1133.0,968.37964,628.1430611905998,1308.6160033146252
2025-08-13 13:00:00+00:00,1204.25,1012.8784,672.6419567771336,1353.1148989011585
2025-08-13 14:00:00+00:00,1596.75,1527.3489,1187.1124561572306,1867.5853982812555
2025-08-13 15:00:00+00:00,1839.0,1249.8057,909.5692474186071,1590.0421895426316
2025-08-13 16:00:00+00:00,1933.25,1381.5193,1041.2828758508845,1721.755817974909
2025-08-13 17:00:00+00:00,2626.0,1261.022,920.7854158537771,1601.2583579778016
2025-08-13 18:00:00+00:00,3212.5,2153.497,1813.2605347054978,2493.7334768295227
2025-08-13 19:00:00+00:00,3700.75,1307.9182,967.6817007879717,1648.1546429119962
2025-08-13 20:00:00+00:00,4346.25,1647.8081,1307.571575552638,1988.044517676663
2025-08-13 21:00:00+00:00,4304.5,1318.0591,977.8225695892643,1658.2955117132892
2025-08-13 22:00:00+00:00,3446.5,1573.6296,1233.3930879813734,1913.8660301053983
2025-08-13 23:00:00+00:00,3745.5,2137.1182,1796.8816059380024,2477.354548062027
2025-08-14 00:00:00+00:00,2826.0,1668.1223,1327.8857043532112,2008.358646477236
2025-08-14 01:00:00+00:00,2419.25,3484.7097,3144.473328559213,3824.9462706832373
2025-08-14 02:00:00+00:00,1861.75,3096.0544,2755.817954353347,3436.2908964773715
2025-08-14 03:00:00+00:00,1953.0,3957.284,3617.0474659543597,4297.520408078384
2025-08-14 04:00:00+00:00,1410.5,3150.942,2810.7053902142216,3491.1783323382465
2025-08-14 05:00:00+00:00,1260.0,1511.688,1171.4514221043196,1851.9243642283445
2025-08-14 06:00:00+00:00,1102.25,993.43677,653.2001868393727,1333.6731289633972
2025-08-14 07:00:00+00:00,892.5,860.49194,520.255692883562,1200.728635007587
2025-08-14 08:00:00+00:00,782.75,750.55005,410.31335646473326,1090.7862985887582
2025-08-14 09:00:00+00:00,768.25,816.7986,476.5619499327231,1157.034892056748
2025-08-14 10:00:00+00:00,758.25,1071.688,731.4515921222337,1411.9245342462586
2025-08-14 11:00:00+00:00,790.5,1157.5886,817.3521677924764,1497.8251099165013
2025-08-14 12:00:00+00:00,885.0,792.0408,451.8040572558375,1132.2769993798624
2025-08-14 13:00:00+00:00,999.75,1115.9565,775.7200034019979,1456.1929455260224
2025-08-14 14:00:00+00:00,1127.0,915.07983,574.8434550759794,1255.3163972000043
2025-08-14 15:00:00+00:00,1278.25,729.6448,389.4084739103846,1069.8814160344095
2025-08-14 16:00:00+00:00,1520.0,742.17993,401.94320648676876,1082.4161486107932
2025-08-14 17:00:00+00:00,1960.0,1270.7969,930.5605065009227,1611.0334486249476
2025-08-14 18:00:00+00:00,2541.5,1519.8777,1179.6411068363532,1860.1140489603777
2025-08-14 19:00:00+00:00,3064.5,1834.4038,1494.1673514869353,2174.6402936109603
2025-08-14 20:00:00+00:00,3644.0,1655.237,1315.0006180026749,1995.4735601266993
2025-08-14 21:00:00+00:00,3678.0,2313.231,1972.994532531708,2653.467474655733
2025-08-14 22:00:00+00:00,3678.25,2250.0935,1909.857036508537,2590.3299786325615
2025-08-14 23:00:00+00:00,3599.75,2853.545,2513.3083602437073,3193.7813023677318
2025-08-15 00:00:00+00:00,3271.75,2080.4624,1740.2258750849414,2420.6988172089664
2025-08-15 01:00:00+00:00,3015.75,2165.9585,1825.7221116510523,2506.195053775077
2025-08-15 02:00:00+00:00,2858.0,1789.0593,1448.8227591801515,2129.2957013041764
2025-08-15 03:00:00+00:00,2845.0,2306.3975,1966.1608711494455,2646.6338132734704
2025-08-15 04:00:00+00:00,2682.75,1967.8933,1627.6567667531099,2308.129708877135
2025-08-15 05:00:00+00:00,2689.25,1877.9512,1537.7147831761158,2218.1877253001408
2025-08-15 06:00:00+00:00,2165.0,1373.0852,1032.8488248700864,1713.3217669941114
2025-08-15 07:00:00+00:00,1531.25,1260.1206,919.8841913655478,1600.3571334895723
2025-08-15 08:00:00+00:00,1251.75,1090.8967,750.660233573798,1431.1331756978225
2025-08-15 09:00:00+00:00,1268.0,1255.5581,915.32165976328,1595.794601887305
2025-08-15 10:00:00+00:00,1536.25,1290.1494,949.9130353830037,1630.3859775070287
2025-08-15 11:00:00+00:00,1689.25,1550.0688,1209.832347540319,1890.3052896643435
2025-08-15 12:00:00+00:00,1898.5,1744.7041,1404.467530675849,2084.940472799874
2025-08-15 13:00:00+00:00,2088.25,1687.0962,1346.8596748805785,2027.3326170046034
2025-08-15 14:00:00+00:00,2299.5,1896.499,1556.2626001190738,2236.7355422430983
2025-08-15 15:00:00+00:00,2478.25,1964.0303,1623.7938409577196,2304.266783081744
2025-08-15 16:00:00+00:00,2869.75,2562.96,2222.7233975234635,2903.1963396474885
2025-08-15 17:00:00+00:00,3291.5,2493.228,2152.9915383562247,2833.4644804802497
2025-08-15 18:00:00+00:00,3866.5,2180.605,1840.3684418486341,2520.841383972659
2025-08-15 19:00:00+00:00,4931.5,3305.1218,2964.885509501112,3645.3584516251367
2025-08-15 20:00:00+00:00,5551.0,4892.848,4552.611485484631,5233.084427608656
2025-08-15 21:00:00+00:00,5807.5,5354.485,5014.24845668952,5694.7213988135445
2025-08-15 22:00:00+00:00,5587.0,4736.4844,4396.2477284589095,5076.720670582934
2025-08-15 23:00:00+00:00,5106.5,4421.049,4080.8124644994937,4761.285406623519
2025-08-16 00:00:00+00:00,4924.5,4814.0537,4473.817210884816,5154.29015300884
2025-08-16 01:00:00+00:00,5011.5,5209.5786,4869.342053069359,5549.814995193384
2025-08-16 02:00:00+00:00,5183.5,4503.4507,4163.214074655137,4843.687016779161
2025-08-16 03:00:00+00:00,5177.0,5481.708,5141.471387060646,5821.94432918467
2025-08-16 04:00:00+00:00,5149.25,5366.4946,5026.2579615835675,5706.730903707592
2025-08-16 05:00:00+00:00,5221.25,5610.649,5270.412428101904,5950.885370225928
2025-08-16 06:00:00+00:00,4501.5,5906.4473,5566.210610911882,6246.683553035908
2025-08-16 07:00:00+00:00,3582.75,4098.512,3758.2756231860244,4438.748565310049
2025-08-16 08:00:00+00:00,3390.75,3127.4727,2787.2362044858464,3467.7091466098714
2025-08-16 09:00:00+00:00,3792.5,2690.0547,2349.818085192352,3030.2910273163766
2025-08-16 10:00:00+00:00,3923.75,3436.0842,3095.8477502793885,3776.320692403414
2025-08-16 11:00:00+00:00,2344.75,3901.4805,3561.243932095975,4241.71687422
2025-08-16 12:00:00+00:00,2375.0,2978.175,2637.9386726861026,3318.4116148101275
2025-08-16 13:00:00+00:00,2585.75,2796.4055,2456.1689649036875,3136.6419070277125
2025-08-16 14:00:00+00:00,4680.5,3110.8044,2770.568068593461,3451.0410107174857
2025-08-16 15:00:00+00:00,5619.75,5401.3145,5061.077783288419,5741.550725412443
2025-08-16 16:00:00+00:00,5810.0,6623.929,6283.692833505758,6964.165775629783
2025-08-16 17:00:00+00:00,6002.0,6311.054,5970.8176585594065,6651.290600683431
2025-08-16 18:00:00+00:00,5790.0,5246.744,4906.507647535962,5586.980589659987
2025-08-16 19:00:00+00:00,6132.5,5560.334,5220.097770038578,5900.570712162604
2025-08-16 20:00:00+00:00,6360.75,5986.202,5645.965452547602,6326.438394671626
2025-08-16 21:00:00+00:00,6036.0,5847.83,5507.5935599684235,6188.066502092448
2025-08-16 22:00:00+00:00,5502.25,6233.4067,5893.170117753316,6573.64305987734
2025-08-16 23:00:00+00:00,5289.5,4870.8203,4530.583866442039,5211.056808566064
2025-08-17 00:00:00+00:00,4969.5,4448.3174,4108.080840281641,4788.5537824056655
2025-08-17 01:00:00+00:00,4729.0,5466.644,5126.407607035936,5806.8805491599605
2025-08-17 02:00:00+00:00,4777.0,5216.039,4875.802774978191,5556.275717102217
2025-08-17 03:00:00+00:00,4708.25,5195.193,4854.956243404232,5535.429185528256
2025-08-17 04:00:00+00:00,4578.75,4488.5967,4148.360231459562,4828.833173583586
2025-08-17 05:00:00+00:00,4597.5,4409.4097,4069.1730620946987,4749.646004218724
2025-08-17 06:00:00+00:00,3671.5,3549.328,3209.091454887679,3889.5643970117035
2025-08-17 07:00:00+00:00,3050.25,3176.187,2835.9506932989225,3516.423635422947
2025-08-17 08:00:00+00:00,2903.5,2833.8328,2493.596222959477,3174.069165083502
2025-08-17 09:00:00+00:00,2631.25,2789.428,2449.191416090908,3129.6643582149327
2025-08-17 10:00:00+00:00,2661.0,2533.5422,2193.305799650347,2873.778741774372
2025-08-17 11:00:00+00:00,2792.5,3100.4663,2760.2299880765286,3440.7029302005535
2025-08-17 12:00:00+00:00,2888.25,2940.969,2600.732644309086,3281.2055864331105
2025-08-17 13:00:00+00:00,3091.75,3308.4707,2968.2342525719832,3648.707194696008
2025-08-17 14:00:00+00:00,3246.75,4465.0215,4124.784948031655,4805.257890155681
2025-08-17 15:00:00+00:00,3515.5,3258.3,2918.0637022874603,3598.536644411485
2025-08-17 16:00:00+00:00,3818.75,4967.729,4627.492560558106,5307.96550268213
2025-08-17 17:00:00+00:00,4004.5,4635.211,4294.974637272253,4975.447579396278
2025-08-17 18:00:00+00:00,3992.5,6163.3667,5823.130321856908,6503.603263980933
2025-08-17 19:00:00+00:00,5042.5,5370.5806,5030.3439349310875,5710.816877055113
2025-08-17 20:00:00+00:00,6229.0,5757.6245,5417.38820510303,6097.861147227054
2025-08-17 21:00:00+00:00,6329.5,6322.8257,5982.589435196794,6663.062377320819
2025-08-17 22:00:00+00:00,5839.75,7041.2427,6701.006375218314,7381.4793173423395
2025-08-17 23:00:00+00:00,5348.75,4705.5186,4365.282073705095,5045.75501582912
