date,load_tenn_actual,load_tenn_fitted,load_tenn_lower,load_tenn_upper
2025-01-01 00:00:00+00:00,13664.25,12843.34817186863,12289.45986778671,13397.23647595055
2025-01-01 01:00:00+00:00,13459.5,12481.87425599841,11927.98595191649,13035.76256008033
2025-01-01 02:00:00+00:00,12905.25,12135.046865304674,11581.158561222754,12688.935169386594
2025-01-01 03:00:00+00:00,12739.25,12055.14501281218,11501.25670873026,12609.0333168941
2025-01-01 04:00:00+00:00,13069.25,12089.03544375667,11535.14713967475,12642.92374783859
2025-01-01 05:00:00+00:00,12862.0,12044.686621913235,11490.798317831315,12598.574925995155
2025-01-01 06:00:00+00:00,13064.25,11779.256207419574,11225.367903337654,12333.144511501494
2025-01-01 07:00:00+00:00,13123.0,11529.966422155354,10976.078118073434,12083.854726237272
2025-01-01 08:00:00+00:00,13071.75,11965.232449656707,11411.344145574787,12519.120753738627
2025-01-01 09:00:00+00:00,13778.25,12954.870457781875,12400.982153699955,13508.758761863795
2025-01-01 10:00:00+00:00,13828.25,13529.79905865264,12975.91075457072,14083.68736273456
2025-01-01 11:00:00+00:00,14442.5,13710.690469479683,13156.802165397763,14264.578773561603
2025-01-01 12:00:00+00:00,14920.75,13510.525229110677,12956.636925028757,14064.413533192597
2025-01-01 13:00:00+00:00,14537.25,13549.371430435735,12995.483126353814,14103.259734517655
2025-01-01 14:00:00+00:00,14763.5,14288.90123459867,13735.01293051675,14842.78953868059
2025-01-01 15:00:00+00:00,15356.5,14962.0105963503,14408.12229226838,15515.89890043222
2025-01-01 16:00:00+00:00,16474.5,16328.244638012586,15774.356333930666,16882.132942094504
2025-01-01 17:00:00+00:00,16212.0,16328.053074183192,15774.164770101272,16881.941378265114
2025-01-01 18:00:00+00:00,15413.5,14856.26642171988,14302.37811763796,15410.1547258018
2025-01-01 19:00:00+00:00,15096.25,14528.183092292395,13974.294788210475,15082.071396374315
2025-01-01 20:00:00+00:00,14676.0,13753.562091510841,13199.673787428921,14307.450395592761
2025-01-01 21:00:00+00:00,14427.75,13270.443258698042,12716.554954616122,13824.331562779962
2025-01-01 22:00:00+00:00,13617.5,12296.643960793775,11742.755656711855,12850.532264875696
2025-01-01 23:00:00+00:00,12766.5,11724.028645827437,11170.140341745517,12277.916949909357
2025-01-02 00:00:00+00:00,12023.25,11587.39218268498,11033.50387860306,12141.2804867669
2025-01-02 01:00:00+00:00,11643.25,11512.054988440355,10958.166684358435,12065.943292522275
2025-01-02 02:00:00+00:00,11657.5,11583.222362919492,11029.334058837572,12137.110667001412
2025-01-02 03:00:00+00:00,11710.75,11522.428972338403,10968.540668256483,12076.317276420323
2025-01-02 04:00:00+00:00,12351.25,11775.56757867857,11221.679274596649,12329.45588276049
2025-01-02 05:00:00+00:00,13311.5,12152.74145895524,11598.85315487332,12706.629763037161
2025-01-02 06:00:00+00:00,14358.5,12745.608945618944,12191.720641537024,13299.497249700864
2025-01-02 07:00:00+00:00,15478.5,13518.161769673878,12964.273465591958,14072.050073755798
2025-01-02 08:00:00+00:00,16206.25,14304.904657673493,13751.016353591573,14858.792961755413
2025-01-02 09:00:00+00:00,16807.5,14639.498410961987,14085.610106880067,15193.38671504391
2025-01-02 10:00:00+00:00,17179.5,15086.31748077309,14532.42917669117,15640.20578485501
2025-01-02 11:00:00+00:00,17226.5,15148.218594970513,14594.330290888593,15702.106899052433
2025-01-02 12:00:00+00:00,17230.0,15129.572658527988,14575.684354446068,15683.460962609908
2025-01-02 13:00:00+00:00,16843.25,15394.902148125002,14841.013844043082,15948.790452206922
2025-01-02 14:00:00+00:00,16833.5,15570.98922999922,15017.1009259173,16124.87753408114
2025-01-02 15:00:00+00:00,17141.5,15416.082287497115,14862.193983415194,15969.970591579035
2025-01-02 16:00:00+00:00,17912.25,16186.23381620135,15632.34551211943,16740.12212028327
2025-01-02 17:00:00+00:00,17729.25,16735.252428390264,16181.364124308344,17289.140732472184
2025-01-02 18:00:00+00:00,17319.5,16479.82038368221,15925.93207960029,17033.70868776413
2025-01-02 19:00:00+00:00,16373.75,15260.900630480666,14707.012326398746,15814.788934562586
2025-01-02 20:00:00+00:00,15365.25,14704.393313923947,14150.505009842027,15258.281618005867
2025-01-02 21:00:00+00:00,14825.75,14252.209184328889,13698.320880246969,14806.09748841081
2025-01-02 22:00:00+00:00,13814.0,12793.320781723052,12239.432477641132,13347.209085804972
2025-01-02 23:00:00+00:00,13295.5,12190.31276008387,11636.42445600195,12744.20106416579
2025-01-03 00:00:00+00:00,12772.0,12026.066857563754,11472.178553481834,12579.955161645674
2025-01-03 01:00:00+00:00,12436.0,12021.07085087586,11467.182546793938,12574.95915495778
2025-01-03 02:00:00+00:00,12407.75,12082.90927472482,11529.0209706429,12636.79757880674
2025-01-03 03:00:00+00:00,12721.75,12247.991194311106,11694.102890229186,12801.879498393026
2025-01-03 04:00:00+00:00,13588.0,13464.004192398455,12910.115888316535,14017.892496480375
2025-01-03 05:00:00+00:00,14835.0,14246.912581474106,13693.024277392185,14800.800885556026
2025-01-03 06:00:00+00:00,16017.75,15694.56448528116,15140.67618119924,16248.45278936308
2025-01-03 07:00:00+00:00,17262.75,16938.18465994742,16384.2963558655,17492.07296402934
2025-01-03 08:00:00+00:00,18218.0,17618.57757575688,17064.68927167496,18172.465879838805
2025-01-03 09:00:00+00:00,18524.75,18234.934204656343,17681.045900574423,18788.822508738263
2025-01-03 10:00:00+00:00,19054.25,19138.933096793167,18585.044792711247,19692.821400875087
2025-01-03 11:00:00+00:00,19378.0,18947.57708239332,18393.6887783114,19501.46538647524
2025-01-03 12:00:00+00:00,18820.75,18351.730302037548,17797.841997955627,18905.618606119468
2025-01-03 13:00:00+00:00,18430.75,17596.663462301527,17042.775158219607,18150.551766383447
2025-01-03 14:00:00+00:00,18039.25,16937.50959642245,16383.62129234053,17491.39790050437
2025-01-03 15:00:00+00:00,18020.5,17133.1913786077,16579.30307452578,17687.07968268962
2025-01-03 16:00:00+00:00,18752.25,17803.70920278679,17249.82089870487,18357.59750686871
2025-01-03 17:00:00+00:00,18176.0,17497.08399198495,16943.19568790303,18050.97229606687
2025-01-03 18:00:00+00:00,17477.25,17222.94094019306,16669.05263611114,17776.82924427498
2025-01-03 19:00:00+00:00,16618.5,16103.368598290152,15549.480294208231,16657.25690237207
2025-01-03 20:00:00+00:00,15656.0,15615.15798324297,15061.26967916105,16169.046287324893
2025-01-03 21:00:00+00:00,15142.25,14716.22026476322,14162.3319606813,15270.10856884514
2025-01-03 22:00:00+00:00,14197.5,13861.300894058477,13307.412589976557,14415.189198140397
2025-01-03 23:00:00+00:00,13223.75,13154.810329658816,12600.922025576896,13708.698633740736
2025-01-04 00:00:00+00:00,12515.5,12264.438042275067,11710.549738193147,12818.326346356987
2025-01-04 01:00:00+00:00,12007.25,12081.877103219767,11527.98879913785,12635.765407301687
2025-01-04 02:00:00+00:00,11797.0,11888.866795062557,11334.978490980637,12442.755099144477
2025-01-04 03:00:00+00:00,11820.25,11781.962162989119,11228.073858907199,12335.850467071039
2025-01-04 04:00:00+00:00,12037.25,11838.62748454561,11284.73918046369,12392.51578862753
2025-01-04 05:00:00+00:00,12418.25,12116.045231580676,11562.156927498756,12669.933535662596
2025-01-04 06:00:00+00:00,13077.0,12818.14877886549,12264.26047478357,13372.03708294741
2025-01-04 07:00:00+00:00,14053.0,13940.312717212606,13386.424413130686,14494.201021294526
2025-01-04 08:00:00+00:00,15090.25,14974.970322278654,14421.082018196734,15528.858626360574
2025-01-04 09:00:00+00:00,15702.75,15316.009729730078,14762.121425648158,15869.898033811998
2025-01-04 10:00:00+00:00,16290.0,16284.767575355087,15730.879271273167,16838.655879437007
2025-01-04 11:00:00+00:00,16429.75,16080.357941771561,15526.46963768964,16634.24624585348
2025-01-04 12:00:00+00:00,16112.75,16110.91605057022,15557.0277464883,16664.80435465214
2025-01-04 13:00:00+00:00,15966.5,15668.183112247982,15114.294808166062,16222.071416329902
2025-01-04 14:00:00+00:00,16087.5,15660.295787023388,15106.407482941468,16214.184091105308
2025-01-04 15:00:00+00:00,16657.25,16019.450201729798,15465.561897647878,16573.33850581172
2025-01-04 16:00:00+00:00,17595.0,17276.405091326484,16722.516787244564,17830.293395408404
2025-01-04 17:00:00+00:00,17444.5,16883.790676479613,16329.902372397693,17437.678980561534
2025-01-04 18:00:00+00:00,16806.25,16442.286549761644,15888.398245679726,16996.174853843564
2025-01-04 19:00:00+00:00,15606.0,15387.092684527519,14833.204380445599,15940.980988609439
2025-01-04 20:00:00+00:00,14648.75,14559.599859613898,14005.711555531978,15113.488163695818
2025-01-04 21:00:00+00:00,14245.75,14106.126988229087,13552.238684147167,14660.015292311007
2025-01-04 22:00:00+00:00,13204.5,13081.534091652471,12527.645787570551,13635.422395734391
2025-01-04 23:00:00+00:00,12480.0,12236.259520455971,11682.371216374051,12790.147824537891
2025-01-05 00:00:00+00:00,11770.75,11341.657625761103,10787.769321679183,11895.545929843023
2025-01-05 01:00:00+00:00,11153.5,11173.926640634652,10620.038336552732,11727.814944716572
2025-01-05 02:00:00+00:00,10970.75,10944.591756400954,10390.703452319034,11498.480060482874
2025-01-05 03:00:00+00:00,10918.75,10995.080881819636,10441.192577737716,11548.969185901557
2025-01-05 04:00:00+00:00,11091.75,11074.139670776796,10520.251366694876,11628.027974858716
2025-01-05 05:00:00+00:00,11147.25,11081.774173171707,10527.885869089787,11635.662477253627
2025-01-05 06:00:00+00:00,11713.75,11626.575308819003,11072.687004737083,12180.463612900923
2025-01-05 07:00:00+00:00,12857.0,11896.451410300437,11342.563106218517,12450.339714382357
2025-01-05 08:00:00+00:00,13993.75,13351.098276606217,12797.209972524297,13904.986580688137
2025-01-05 09:00:00+00:00,14894.5,14414.270707101832,13860.382403019912,14968.159011183752
2025-01-05 10:00:00+00:00,15880.0,15087.129597863353,14533.241293781433,15641.017901945273
2025-01-05 11:00:00+00:00,16396.25,15197.703512785773,14643.81520870385,15751.591816867693
2025-01-05 12:00:00+00:00,15883.25,14965.68961612959,14411.80131204767,15519.57792021151
2025-01-05 13:00:00+00:00,15098.75,14827.52220292237,14273.63389884045,15381.41050700429
2025-01-05 14:00:00+00:00,15012.0,14585.635827408516,14031.747523326596,15139.524131490436
2025-01-05 15:00:00+00:00,15503.75,15021.049143393142,14467.160839311222,15574.937447475062
2025-01-05 16:00:00+00:00,16207.25,15603.811313744653,15049.923009662733,16157.699617826573
2025-01-05 17:00:00+00:00,16161.5,15576.318508540662,15022.430204458742,16130.206812622582
2025-01-05 18:00:00+00:00,15456.75,14798.087725107398,14244.199421025478,15351.976029189318
2025-01-05 19:00:00+00:00,14679.25,14096.88913519326,13543.00083111134,14650.77743927518
2025-01-05 20:00:00+00:00,14283.25,13659.237933797729,13105.349629715809,14213.12623787965
2025-01-05 21:00:00+00:00,14401.5,13307.874511711561,12753.986207629641,13861.762815793481
2025-01-05 22:00:00+00:00,13252.5,12801.567533312344,12247.679229230424,13355.455837394264
2025-01-05 23:00:00+00:00,12957.75,12083.473587941937,11529.585283860015,12637.361892023857
2025-01-06 00:00:00+00:00,12465.25,11708.43054237688,11154.542238294958,12262.3188464588
2025-01-06 01:00:00+00:00,12070.25,11518.502904733994,10964.614600652074,12072.391208815914
2025-01-06 02:00:00+00:00,12021.25,11705.017996641252,11151.129692559332,12258.906300723173
2025-01-06 03:00:00+00:00,12273.5,11648.922501975707,11095.034197893787,12202.810806057627
2025-01-06 04:00:00+00:00,13170.75,12891.731406688576,12337.843102606656,13445.619710770496
2025-01-06 05:00:00+00:00,14256.25,13495.179800732858,12941.29149665094,14049.068104814778
2025-01-06 06:00:00+00:00,15629.5,15598.158408578342,15044.270104496421,16152.046712660262
2025-01-06 07:00:00+00:00,16608.0,16524.35410897067,15970.46580488875,17078.24241305259
2025-01-06 08:00:00+00:00,17127.75,16940.027415123965,16386.139111042045,17493.915719205885
2025-01-06 09:00:00+00:00,17616.5,17571.617692711654,17017.729388629734,18125.505996793574
2025-01-06 10:00:00+00:00,18387.75,18505.047608734487,17951.159304652567,19058.935912816407
2025-01-06 11:00:00+00:00,18085.75,18123.971646656388,17570.083342574468,18677.859950738308
2025-01-06 12:00:00+00:00,17428.0,17974.038616016333,17420.150311934412,18527.926920098253
2025-01-06 13:00:00+00:00,17319.75,17895.717988070097,17341.829683988177,18449.606292152017
2025-01-06 14:00:00+00:00,17169.5,17579.26895309904,17025.38064901712,18133.15725718096
2025-01-06 15:00:00+00:00,17685.0,18123.048835335234,17569.160531253314,18676.937139417154
2025-01-06 16:00:00+00:00,19085.25,19419.001385748787,18865.113081666866,19972.889689830707
2025-01-06 17:00:00+00:00,19090.5,19212.025447548975,18658.137143467055,19765.913751630895
2025-01-06 18:00:00+00:00,18094.25,18318.03227221427,17764.14396813235,18871.92057629619
2025-01-06 19:00:00+00:00,17296.25,17364.91889831269,16811.03059423077,17918.80720239461
2025-01-06 20:00:00+00:00,16223.0,16722.136220071232,16168.247915989312,17276.024524153152
2025-01-06 21:00:00+00:00,16108.0,16436.15887098624,15882.270566904323,16990.04717506816
2025-01-06 22:00:00+00:00,15131.5,15291.57885066139,14737.69054657947,15845.46715474331
2025-01-06 23:00:00+00:00,14725.75,15102.818689610387,14548.930385528467,15656.706993692309
2025-01-07 00:00:00+00:00,13839.0,14425.01741832161,13871.12911423969,14978.90572240353
2025-01-07 01:00:00+00:00,13425.0,14088.648912457149,13534.760608375229,14642.537216539069
2025-01-07 02:00:00+00:00,13522.5,14094.360349441038,13540.472045359118,14648.248653522958
2025-01-07 03:00:00+00:00,13959.5,14586.325847875603,14032.437543793683,15140.214151957523
2025-01-07 04:00:00+00:00,15091.0,15550.962706208917,14997.074402126997,16104.851010290837
2025-01-07 05:00:00+00:00,16937.25,17119.799838514828,16565.911534432908,17673.688142596748
2025-01-07 06:00:00+00:00,18655.5,18904.220775023343,18350.332470941423,19458.109079105263
2025-01-07 07:00:00+00:00,19699.25,20095.520719660133,19541.632415578213,20649.409023742053
2025-01-07 08:00:00+00:00,20105.75,19930.760902898517,19376.872598816597,20484.649206980437
2025-01-07 09:00:00+00:00,20567.75,20449.84822899541,19895.95992491349,21003.736533077332
2025-01-07 10:00:00+00:00,20900.25,20772.49269923042,20218.6043951485,21326.38100331234
2025-01-07 11:00:00+00:00,20715.75,20809.97451108191,20256.08620699999,21363.86281516383
2025-01-07 12:00:00+00:00,20397.25,20358.622757999627,19804.734453917707,20912.511062081547
2025-01-07 13:00:00+00:00,19935.0,19789.47147255131,19235.58316846939,20343.35977663323
2025-01-07 14:00:00+00:00,19711.0,20001.159745745215,19447.27144166329,20555.048049827135
2025-01-07 15:00:00+00:00,19880.0,20137.518884808436,19583.630580726516,20691.407188890356
2025-01-07 16:00:00+00:00,20843.75,20663.28560570995,20109.39730162803,21217.17390979187
2025-01-07 17:00:00+00:00,20913.5,20693.938493025897,20140.050188943977,21247.826797107817
2025-01-07 18:00:00+00:00,20100.5,20018.38508631657,19464.49678223465,20572.27339039849
2025-01-07 19:00:00+00:00,19193.25,18979.331185054532,18425.442880972612,19533.219489136456
2025-01-07 20:00:00+00:00,18171.75,17660.66968262802,17106.7813785461,18214.55798670994
2025-01-07 21:00:00+00:00,17465.5,17198.50463274424,16644.61632866232,17752.39293682616
2025-01-07 22:00:00+00:00,16241.25,16303.295105266508,15749.406801184588,16857.18340934843
2025-01-07 23:00:00+00:00,15178.5,15578.150402828707,15024.262098746787,16132.038706910627
2025-01-08 00:00:00+00:00,14808.25,14638.702282151111,14084.81397806919,15192.590586233031
2025-01-08 01:00:00+00:00,14824.25,14504.70266928229,13950.81436520037,15058.59097336421
2025-01-08 02:00:00+00:00,15113.75,14527.650631394632,13973.762327312712,15081.538935476552
2025-01-08 03:00:00+00:00,15495.0,15115.976657468585,14562.088353386665,15669.864961550507
2025-01-08 04:00:00+00:00,16445.25,16107.699921789508,15553.811617707588,16661.58822587143
2025-01-08 05:00:00+00:00,18687.75,18076.208974464513,17522.320670382593,18630.097278546433
2025-01-08 06:00:00+00:00,20767.75,20264.507441755864,19710.619137673944,20818.395745837784
2025-01-08 07:00:00+00:00,21853.5,21384.549618693352,20830.661314611432,21938.437922775272
2025-01-08 08:00:00+00:00,21857.75,21554.307697672393,21000.419393590473,22108.196001754313
2025-01-08 09:00:00+00:00,21983.5,21740.92729008055,21187.03898599863,22294.815594162472
2025-01-08 10:00:00+00:00,22245.75,21669.8283085385,21115.94000445658,22223.71661262042
2025-01-08 11:00:00+00:00,21993.5,21738.751291111832,21184.862987029912,22292.639595193752
2025-01-08 12:00:00+00:00,21652.5,21574.11626271175,21020.22795862983,22128.00456679367
2025-01-08 13:00:00+00:00,20957.5,20717.57721436039,20163.68891027847,21271.46551844231
2025-01-08 14:00:00+00:00,20415.0,20570.14025839681,20016.25195431489,21124.02856247873
2025-01-08 15:00:00+00:00,20631.5,20863.28563522295,20309.39733114103,21417.17393930487
2025-01-08 16:00:00+00:00,21186.0,21092.73580227761,20538.84749819569,21646.62410635953
2025-01-08 17:00:00+00:00,20440.75,20620.200599894208,20066.312295812288,21174.088903976128
2025-01-08 18:00:00+00:00,19705.75,20018.947048364284,19465.058744282363,20572.835352446204
2025-01-08 19:00:00+00:00,18578.75,18415.326785849644,17861.438481767724,18969.215089931564
2025-01-08 20:00:00+00:00,17266.0,17380.20085886527,16826.31255478335,17934.08916294719
2025-01-08 21:00:00+00:00,16234.75,16680.994452947176,16127.106148865256,17234.882757029096
2025-01-08 22:00:00+00:00,15276.75,14792.713638479398,14238.825334397477,15346.601942561318
2025-01-08 23:00:00+00:00,14469.0,14339.334587757761,13785.446283675841,14893.222891839681
2025-01-09 00:00:00+00:00,13754.75,13536.10630517221,12982.21800109029,14089.99460925413
2025-01-09 01:00:00+00:00,13459.25,13344.551411444598,12790.663107362678,13898.439715526518
2025-01-09 02:00:00+00:00,13435.5,13545.605624307487,12991.717320225565,14099.493928389407
2025-01-09 03:00:00+00:00,13795.5,13960.926568881587,13407.038264799667,14514.814872963507
2025-01-09 04:00:00+00:00,14877.25,15431.127270315754,14877.238966233834,15985.015574397674
2025-01-09 05:00:00+00:00,17443.75,17293.422727778863,16739.534423696943,17847.311031860783
2025-01-09 06:00:00+00:00,19476.25,18871.37642777627,18317.48812369435,19425.26473185819
2025-01-09 07:00:00+00:00,20462.75,20659.931590655702,20106.043286573782,21213.819894737622
2025-01-09 08:00:00+00:00,20764.25,21000.654549167615,20446.766245085695,21554.542853249535
2025-01-09 09:00:00+00:00,21122.25,20941.72659959458,20387.83829551266,21495.614903676502
2025-01-09 10:00:00+00:00,21184.5,21151.334762444414,20597.446458362494,21705.223066526334
2025-01-09 11:00:00+00:00,21315.0,21068.524569855137,20514.636265773217,21622.412873937057
2025-01-09 12:00:00+00:00,21042.75,20952.60164089354,20398.71333681162,21506.48994497546
2025-01-09 13:00:00+00:00,20598.5,20634.950722709797,20081.062418627876,21188.839026791717
2025-01-09 14:00:00+00:00,20420.0,20253.247625467444,19699.359321385524,20807.135929549364
2025-01-09 15:00:00+00:00,20686.0,20198.982924350774,19645.094620268854,20752.871228432694
2025-01-09 16:00:00+00:00,21294.75,20632.763700037525,20078.875395955605,21186.652004119445
2025-01-09 17:00:00+00:00,21104.0,20526.880348518705,19972.992044436785,21080.768652600626
2025-01-09 18:00:00+00:00,20168.25,19600.634240103205,19046.745936021285,20154.522544185125
2025-01-09 19:00:00+00:00,18749.25,18794.052165333673,18240.163861251753,19347.940469415596
2025-01-09 20:00:00+00:00,17649.5,17394.356252766574,16840.467948684654,17948.244556848495
2025-01-09 21:00:00+00:00,16880.75,16711.88597476354,16157.997670681621,17265.77427884546
2025-01-09 22:00:00+00:00,15982.75,15442.937947046436,14889.049642964515,15996.826251128356
2025-01-09 23:00:00+00:00,15286.25,14944.844400265798,14390.956096183878,15498.732704347718
2025-01-10 00:00:00+00:00,14688.25,14136.32952755132,13582.4412234694,14690.21783163324
2025-01-10 01:00:00+00:00,14345.25,14000.034480727563,13446.146176645643,14553.922784809483
2025-01-10 02:00:00+00:00,14338.0,14053.48678717438,13499.59848309246,14607.375091256301
2025-01-10 03:00:00+00:00,14577.5,14270.11361832831,13716.22531424639,14824.00192241023
2025-01-10 04:00:00+00:00,15690.75,15114.584956652636,14560.696652570716,15668.473260734556
2025-01-10 05:00:00+00:00,17917.75,17299.417708667097,16745.529404585177,17853.306012749017
2025-01-10 06:00:00+00:00,19597.25,19089.95150457225,18536.06320049033,19643.83980865417
2025-01-10 07:00:00+00:00,20565.5,20050.569349192636,19496.681045110716,20604.457653274556
2025-01-10 08:00:00+00:00,20664.75,20404.986956041776,19851.098651959855,20958.875260123696
2025-01-10 09:00:00+00:00,21008.75,20670.465708236858,20116.577404154938,21224.354012318778
2025-01-10 10:00:00+00:00,21015.5,20631.361002150305,20077.472698068384,21185.249306232225
2025-01-10 11:00:00+00:00,20598.0,20063.13650729154,19509.24820320962,20617.02481137346
2025-01-10 12:00:00+00:00,20092.5,19469.40458931075,18915.51628522883,20023.29289339267
2025-01-10 13:00:00+00:00,19584.75,18834.371252104316,18280.482948022396,19388.259556186236
2025-01-10 14:00:00+00:00,19280.75,18641.97021110934,18088.08190702742,19195.85851519126
2025-01-10 15:00:00+00:00,19615.0,18921.84914400879,18367.96083992687,19475.73744809071
2025-01-10 16:00:00+00:00,20384.0,19844.20735394898,19290.31904986706,20398.0956580309
2025-01-10 17:00:00+00:00,20101.25,19960.33594266906,19406.44763858714,20514.22424675098
2025-01-10 18:00:00+00:00,19143.25,18165.843841744165,17611.955537662245,18719.732145826085
2025-01-10 19:00:00+00:00,18000.5,17505.038469924813,16951.150165842893,18058.926774006733
2025-01-10 20:00:00+00:00,16896.5,16729.35759941417,16175.469295332248,17283.24590349609
2025-01-10 21:00:00+00:00,16290.0,15789.584898862358,15235.696594780438,16343.473202944278
2025-01-10 22:00:00+00:00,15464.25,14837.18942854704,14283.30112446512,15391.07773262896
2025-01-10 23:00:00+00:00,14200.0,14168.240693829215,13614.352389747295,14722.128997911135
2025-01-11 00:00:00+00:00,13824.0,13203.04313545947,12649.15483137755,13756.93143954139
2025-01-11 01:00:00+00:00,13303.0,12736.59651963359,12182.708215551667,13290.48482371551
2025-01-11 02:00:00+00:00,13078.5,12479.840528824916,11925.952224742996,13033.728832906836
2025-01-11 03:00:00+00:00,12874.0,12391.169708323028,11837.281404241108,12945.058012404948
2025-01-11 04:00:00+00:00,12976.25,12571.428897782866,12017.540593700945,13125.317201864786
2025-01-11 05:00:00+00:00,13412.25,13105.864020872303,12551.975716790383,13659.752324954223
2025-01-11 06:00:00+00:00,14068.25,13795.768633344582,13241.880329262662,14349.656937426502
2025-01-11 07:00:00+00:00,15046.25,14507.720705682927,13953.832401601006,15061.609009764847
2025-01-11 08:00:00+00:00,15660.75,15270.769437849438,14716.881133767518,15824.657741931358
2025-01-11 09:00:00+00:00,16102.75,15924.240205392118,15370.351901310198,16478.128509474038
2025-01-11 10:00:00+00:00,16545.0,16038.09891283276,15484.21060875084,16591.98721691468
2025-01-11 11:00:00+00:00,16472.75,16058.341096149466,15504.452792067546,16612.229400231387
2025-01-11 12:00:00+00:00,16157.25,15939.266452056372,15385.378147974452,16493.15475613829
2025-01-11 13:00:00+00:00,16303.5,15703.123677720116,15149.235373638196,16257.011981802036
2025-01-11 14:00:00+00:00,16625.25,15825.63049180112,15271.7421877192,16379.51879588304
2025-01-11 15:00:00+00:00,17021.75,16145.985473357394,15592.097169275474,16699.873777439316
2025-01-11 16:00:00+00:00,17828.5,17556.44512435232,17002.5568202704,18110.33342843424
2025-01-11 17:00:00+00:00,17906.0,16784.445405205475,16230.557101123555,17338.333709287395
2025-01-11 18:00:00+00:00,17203.0,16555.07056893743,16001.18226485551,17108.95887301935
2025-01-11 19:00:00+00:00,16197.0,15587.408373853983,15033.520069772063,16141.296677935903
2025-01-11 20:00:00+00:00,15483.0,15073.142067956993,14519.253763875073,15627.030372038913
2025-01-11 21:00:00+00:00,15243.25,14355.563293135656,13801.674989053736,14909.451597217578
2025-01-11 22:00:00+00:00,14396.25,13502.078790662621,12948.190486580701,14055.967094744541
2025-01-11 23:00:00+00:00,13550.25,12824.77322855057,12270.88492446865,13378.66153263249
2025-01-12 00:00:00+00:00,12856.5,12281.043230522799,11727.154926440879,12834.931534604719
2025-01-12 01:00:00+00:00,12290.25,11774.670489409607,11220.782185327687,12328.558793491527
2025-01-12 02:00:00+00:00,11802.5,11606.978463045732,11053.090158963812,12160.866767127653
2025-01-12 03:00:00+00:00,11722.75,11534.411390763335,10980.523086681414,12088.299694845255
2025-01-12 04:00:00+00:00,11826.75,11704.232361918272,11150.344057836352,12258.120666000192
2025-01-12 05:00:00+00:00,11622.0,11572.301008623412,11018.412704541492,12126.189312705332
2025-01-12 06:00:00+00:00,12277.0,12067.947643067224,11514.059338985304,12621.835947149144
2025-01-12 07:00:00+00:00,13404.25,12443.750035247183,11889.861731165263,12997.638339329103
2025-01-12 08:00:00+00:00,14243.75,13862.142604966875,13308.254300884955,14416.030909048795
2025-01-12 09:00:00+00:00,14816.0,14538.89638040011,13985.00807631819,15092.78468448203
2025-01-12 10:00:00+00:00,15277.0,14724.83928248117,14170.95097839925,15278.72758656309
2025-01-12 11:00:00+00:00,15087.0,14686.919405151966,14133.031101070046,15240.807709233886
2025-01-12 12:00:00+00:00,14488.0,14440.805637255751,13886.917333173831,14994.693941337671
2025-01-12 13:00:00+00:00,14348.5,14182.063771154753,13628.175467072833,14735.952075236673
2025-01-12 14:00:00+00:00,14554.75,14243.971171812,13690.08286773008,14797.85947589392
2025-01-12 15:00:00+00:00,15335.75,14889.092987846725,14335.204683764805,15442.981291928645
2025-01-12 16:00:00+00:00,16988.5,16376.13567870841,15822.24737462649,16930.02398279033
2025-01-12 17:00:00+00:00,17269.25,16409.713900272258,15855.825596190338,16963.602204354178
2025-01-12 18:00:00+00:00,16643.75,16582.84497203438,16028.956667952461,17136.7332761163
2025-01-12 19:00:00+00:00,15950.25,16047.047196432013,15493.158892350093,16600.935500513933
2025-01-12 20:00:00+00:00,15554.5,15715.161211293178,15161.272907211256,16269.049515375098
2025-01-12 21:00:00+00:00,15276.25,15465.896735029828,14912.008430947908,16019.785039111748
2025-01-12 22:00:00+00:00,14481.5,14322.801501800808,13768.913197718886,14876.689805882726
2025-01-12 23:00:00+00:00,13800.25,13818.091300188866,13264.202996106946,14371.979604270786
2025-01-13 00:00:00+00:00,13463.5,13274.2016656888,12720.31336160688,13828.089969770721
2025-01-13 01:00:00+00:00,13218.0,13212.773319092215,12658.885015010295,13766.661623174135
2025-01-13 02:00:00+00:00,13153.25,13264.8856625545,12710.99735847258,13818.77396663642
2025-01-13 03:00:00+00:00,13658.5,13518.111748033069,12964.223443951149,14072.000052114989
2025-01-13 04:00:00+00:00,14914.25,15474.361744915455,14920.473440833535,16028.250048997375
2025-01-13 05:00:00+00:00,17772.0,17810.660477962196,17256.772173880276,18364.548782044116
2025-01-13 06:00:00+00:00,19918.75,20884.988539728933,20331.100235647013,21438.876843810853
2025-01-13 07:00:00+00:00,20998.0,21399.58888610266,20845.70058202074,21953.47719018458
2025-01-13 08:00:00+00:00,21197.25,21567.620686080074,21013.732381998154,22121.508990161994
2025-01-13 09:00:00+00:00,21284.0,21454.43525124687,20900.54694716495,22008.32355532879
2025-01-13 10:00:00+00:00,21360.0,21431.989061123346,20878.100757041426,21985.877365205266
2025-01-13 11:00:00+00:00,20817.0,21321.83931536512,20767.9510112832,21875.72761944704
2025-01-13 12:00:00+00:00,20345.5,20983.048019796774,20429.159715714854,21536.936323878694
2025-01-13 13:00:00+00:00,19974.25,20669.44651566947,20115.55821158755,21223.33481975139
2025-01-13 14:00:00+00:00,20222.75,20893.863454515555,20339.975150433635,21447.75175859748
2025-01-13 15:00:00+00:00,20589.0,21037.2985940323,20483.41028995038,21591.18689811422
2025-01-13 16:00:00+00:00,21496.25,21415.595145708496,20861.706841626576,21969.483449790416
2025-01-13 17:00:00+00:00,21464.5,21517.124400981338,20963.236096899418,22071.01270506326
2025-01-13 18:00:00+00:00,20673.0,21354.964826625426,20801.076522543506,21908.853130707346
2025-01-13 19:00:00+00:00,19582.5,21012.252934151908,20458.364630069987,21566.141238233828
2025-01-13 20:00:00+00:00,18541.75,19116.37251633354,18562.48421225162,19670.26082041546
2025-01-13 21:00:00+00:00,17587.75,18074.88425827794,17520.99595419602,18628.77256235986
2025-01-13 22:00:00+00:00,16468.5,16745.782899435282,16191.89459535336,17299.671203517202
2025-01-13 23:00:00+00:00,15916.5,16271.389839577454,15717.501535495534,16825.278143659376
2025-01-14 00:00:00+00:00,15543.25,15325.572602834422,14771.684298752501,15879.460906916342
2025-01-14 01:00:00+00:00,15270.75,14799.004285546283,14245.115981464363,15352.892589628203
2025-01-14 02:00:00+00:00,15070.25,14878.052173595303,14324.16386951338,15431.940477677223
2025-01-14 03:00:00+00:00,15174.75,15219.53700418497,14665.64870010305,15773.42530826689
2025-01-14 04:00:00+00:00,16468.5,15980.13931817461,15426.25101409269,16534.02762225653
2025-01-14 05:00:00+00:00,18846.25,18836.536684936087,18282.648380854167,19390.424989018007
2025-01-14 06:00:00+00:00,21087.5,21423.612530402304,20869.724226320384,21977.500834484224
2025-01-14 07:00:00+00:00,22383.0,21827.827939385897,21273.939635303977,22381.716243467818
2025-01-14 08:00:00+00:00,22259.25,22073.170367106988,21519.282063025068,22627.05867118891
2025-01-14 09:00:00+00:00,22133.75,22018.361612924156,21464.473308842236,22572.249917006076
2025-01-14 10:00:00+00:00,22032.75,21744.642920878774,21190.754616796854,22298.531224960694
2025-01-14 11:00:00+00:00,21532.5,21621.062821166026,21067.174517084106,22174.951125247946
2025-01-14 12:00:00+00:00,21069.75,21326.30317880214,20772.41487472022,21880.19148288406
2025-01-14 13:00:00+00:00,20894.5,21304.10016759012,20750.2118635082,21857.98847167204
2025-01-14 14:00:00+00:00,21155.25,21518.295647672225,20964.407343590305,22072.183951754145
2025-01-14 15:00:00+00:00,21455.25,21406.522515729142,20852.634211647222,21960.410819811063
2025-01-14 16:00:00+00:00,22178.25,21758.180015144593,21204.291711062673,22312.068319226513
2025-01-14 17:00:00+00:00,22045.0,21906.64339358192,21352.7550895,22460.531697663842
2025-01-14 18:00:00+00:00,21165.25,21516.99700870723,20963.10870462531,22070.88531278915
2025-01-14 19:00:00+00:00,19617.25,20121.019812864353,19567.131508782433,20674.908116946273
2025-01-14 20:00:00+00:00,18471.0,18420.792067211198,17866.903763129278,18974.680371293118
2025-01-14 21:00:00+00:00,17577.75,17602.784990193228,17048.896686111308,18156.673294275148
2025-01-14 22:00:00+00:00,16393.0,16376.849344233922,15822.961040152002,16930.737648315844
2025-01-14 23:00:00+00:00,15920.5,16178.841685248182,15624.95338116626,16732.729989330102
2025-01-15 00:00:00+00:00,15180.0,15840.04974096842,15286.1614368865,16393.938045050338
2025-01-15 01:00:00+00:00,14364.5,14785.492262597945,14231.603958516025,15339.380566679865
2025-01-15 02:00:00+00:00,14302.0,14782.662443329267,14228.774139247347,15336.550747411187
2025-01-15 03:00:00+00:00,14624.5,15313.476331655074,14759.588027573154,15867.364635736994
2025-01-15 04:00:00+00:00,15919.25,16170.934027792528,15617.045723710607,16724.82233187445
2025-01-15 05:00:00+00:00,18262.5,18518.68313593432,17964.794831852396,19072.57144001624
2025-01-15 06:00:00+00:00,20034.75,20753.16187296503,20199.27356888311,21307.05017704695
2025-01-15 07:00:00+00:00,21029.5,21052.203305752933,20498.315001671013,21606.09160983485
2025-01-15 08:00:00+00:00,21027.5,21100.23251123277,20546.34420715085,21654.12081531469
2025-01-15 09:00:00+00:00,21290.25,21169.653628475746,20615.765324393826,21723.541932557666
2025-01-15 10:00:00+00:00,21486.75,21270.16111047401,20716.27280639209,21824.04941455593
2025-01-15 11:00:00+00:00,21357.0,21406.84439526656,20852.95609118464,21960.73269934848
2025-01-15 12:00:00+00:00,21179.5,21181.683403119365,20627.795099037445,21735.571707201285
2025-01-15 13:00:00+00:00,21109.75,20916.032057579036,20362.143753497116,21469.920361660956
2025-01-15 14:00:00+00:00,21179.5,20764.94576613543,20211.05746205351,21318.834070217352
2025-01-15 15:00:00+00:00,21294.75,21047.69073641545,20493.80243233353,21601.57904049737
2025-01-15 16:00:00+00:00,21980.75,21405.461137909875,20851.572833827955,21959.349441991795
2025-01-15 17:00:00+00:00,21622.0,21437.451572025286,20883.563267943366,21991.339876107206
2025-01-15 18:00:00+00:00,20938.75,20993.640818741063,20439.752514659143,21547.529122822983
2025-01-15 19:00:00+00:00,19480.5,19707.16181525123,19153.27351116931,20261.05011933315
2025-01-15 20:00:00+00:00,18163.25,18523.184393773692,17969.296089691772,19077.072697855612
2025-01-15 21:00:00+00:00,17412.25,17830.620623075723,17276.732318993803,18384.508927157643
2025-01-15 22:00:00+00:00,16270.75,16185.321108061524,15631.432803979604,16739.209412143446
2025-01-15 23:00:00+00:00,15499.75,15759.195311861266,15205.307007779345,16313.083615943186
2025-01-16 00:00:00+00:00,14972.75,15406.428340883172,14852.540036801252,15960.316644965093
2025-01-16 01:00:00+00:00,14545.0,14866.516250168717,14312.627946086797,15420.404554250637
2025-01-16 02:00:00+00:00,14436.75,14835.929089634194,14282.040785552274,15389.817393716114
2025-01-16 03:00:00+00:00,14748.0,15625.009976320505,15071.121672238585,16178.898280402425
2025-01-16 04:00:00+00:00,16037.5,15892.77401543671,15338.88571135479,16446.66231951863
2025-01-16 05:00:00+00:00,18377.0,18284.78149116557,17730.89318708365,18838.66979524749
2025-01-16 06:00:00+00:00,20111.75,20146.416427233424,19592.528123151504,20700.304731315344
2025-01-16 07:00:00+00:00,21137.0,21400.317081473142,20846.428777391222,21954.205385555062
2025-01-16 08:00:00+00:00,21249.5,21479.095581971316,20925.207277889396,22032.983886053236
2025-01-16 09:00:00+00:00,21451.25,21387.756617148832,20833.868313066912,21941.644921230753
2025-01-16 10:00:00+00:00,21523.0,21455.446278120253,20901.557974038333,22009.334582202173
2025-01-16 11:00:00+00:00,21229.25,21164.95027946861,20611.06197538669,21718.838583550525
2025-01-16 12:00:00+00:00,21055.5,21078.847353131463,20524.959049049543,21632.735657213383
2025-01-16 13:00:00+00:00,20641.0,21153.358816232136,20599.470512150216,21707.247120314056
2025-01-16 14:00:00+00:00,20442.5,21015.71380202056,20461.82549793864,21569.60210610248
2025-01-16 15:00:00+00:00,20623.75,20943.023575263047,20389.135271181127,21496.911879344967
2025-01-16 16:00:00+00:00,21524.75,21360.04546252646,20806.15715844454,21913.93376660838
2025-01-16 17:00:00+00:00,21479.25,21106.32924722907,20552.44094314715,21660.21755131099
2025-01-16 18:00:00+00:00,20717.75,21090.830525323,20536.94222124108,21644.71882940492
2025-01-16 19:00:00+00:00,19458.0,19831.58237590087,19277.69407181895,20385.47067998279
2025-01-16 20:00:00+00:00,18519.0,18773.899955426263,18220.011651344343,19327.788259508183
2025-01-16 21:00:00+00:00,17806.75,18068.267329999693,17514.379025917773,18622.155634081613
2025-01-16 22:00:00+00:00,16869.0,16862.089533247065,16308.201229165143,17415.977837328985
2025-01-16 23:00:00+00:00,16131.5,16806.064542085103,16252.176238003181,17359.952846167023
2025-01-17 00:00:00+00:00,15225.25,15742.217020923208,15188.328716841288,16296.105325005128
2025-01-17 01:00:00+00:00,14676.5,14782.796200989293,14228.907896907373,15336.684505071213
2025-01-17 02:00:00+00:00,14601.5,14863.651177232357,14309.762873150437,15417.539481314278
2025-01-17 03:00:00+00:00,14873.0,15181.30621571651,14627.417911634591,15735.19451979843
2025-01-17 04:00:00+00:00,16005.5,16381.383489522112,15827.495185440192,16935.27179360403
2025-01-17 05:00:00+00:00,18417.25,18535.771476051505,17981.883171969585,19089.659780133425
2025-01-17 06:00:00+00:00,20281.0,20476.27252911894,19922.38422503702,21030.16083320086
2025-01-17 07:00:00+00:00,21161.25,21126.71256126828,20572.82425718636,21680.6008653502
2025-01-17 08:00:00+00:00,21414.25,21457.52333446883,20903.63503038691,22011.41163855075
2025-01-17 09:00:00+00:00,21554.0,21175.754525368237,20621.866221286316,21729.642829450157
2025-01-17 10:00:00+00:00,21619.75,21163.287202439238,20609.398898357318,21717.17550652116
2025-01-17 11:00:00+00:00,21418.25,20994.119963648467,20440.231659566547,21548.008267730387
2025-01-17 12:00:00+00:00,20972.25,20710.63328995841,20156.74498587649,21264.52159404033
2025-01-17 13:00:00+00:00,20472.0,20335.572575955586,19781.684271873666,20889.460880037506
2025-01-17 14:00:00+00:00,20263.25,20319.15746600696,19765.26916192504,20873.04577008888
2025-01-17 15:00:00+00:00,20444.75,20511.056280558958,19957.167976477038,21064.944584640878
2025-01-17 16:00:00+00:00,21243.75,21127.12205432621,20573.23375024429,21681.01035840813
2025-01-17 17:00:00+00:00,20942.5,21171.870038306246,20617.981734224326,21725.758342388166
2025-01-17 18:00:00+00:00,20018.0,20549.26046897935,19995.37216489743,21103.14877306127
2025-01-17 19:00:00+00:00,18879.0,19487.418707405268,18933.530403323348,20041.307011487188
2025-01-17 20:00:00+00:00,17887.5,18498.747316740097,17944.859012658177,19052.635620822017
2025-01-17 21:00:00+00:00,17254.0,17754.02913071314,17200.14082663122,18307.91743479506
2025-01-17 22:00:00+00:00,16403.25,16621.742970958396,16067.854666876474,17175.631275040316
2025-01-17 23:00:00+00:00,15537.0,15823.953976901777,15270.065672819857,16377.842280983697
2025-01-18 00:00:00+00:00,14455.0,14837.036565182467,14283.148261100547,15390.924869264387
2025-01-18 01:00:00+00:00,13992.0,14312.072762315409,13758.184458233489,14865.961066397329
2025-01-18 02:00:00+00:00,13724.75,13560.166422640366,13006.278118558446,14114.054726722286
2025-01-18 03:00:00+00:00,13663.75,13607.02782817627,13053.13952409435,14160.91613225819
2025-01-18 04:00:00+00:00,13863.5,14273.082700725408,13719.194396643488,14826.971004807328
2025-01-18 05:00:00+00:00,14375.0,14912.608940602453,14358.720636520533,15466.497244684373
2025-01-18 06:00:00+00:00,15229.0,15462.663687167298,14908.775383085378,16016.551991249218
2025-01-18 07:00:00+00:00,16438.25,16097.832297081557,15543.943992999637,16651.720601163477
2025-01-18 08:00:00+00:00,17302.75,16628.61060155636,16074.722297474442,17182.49890563828
2025-01-18 09:00:00+00:00,17776.5,17511.78493356922,16957.8966294873,18065.67323765114
2025-01-18 10:00:00+00:00,17788.5,17383.755907529412,16829.867603447492,17937.644211611332
2025-01-18 11:00:00+00:00,17620.25,17026.21445386185,16472.32614977993,17580.10275794377
2025-01-18 12:00:00+00:00,17049.75,16632.22229081846,16078.33398673654,17186.11059490038
2025-01-18 13:00:00+00:00,16667.25,16185.913268233811,15632.024964151891,16739.801572315733
2025-01-18 14:00:00+00:00,16541.5,15898.75161077938,15344.86330669746,16452.639914861298
2025-01-18 15:00:00+00:00,16895.75,16009.348667957076,15455.460363875156,16563.236972038998
2025-01-18 16:00:00+00:00,18007.5,17819.727802726964,17265.839498645044,18373.616106808884
2025-01-18 17:00:00+00:00,18146.25,17899.098161825048,17345.209857743128,18452.986465906968
2025-01-18 18:00:00+00:00,17319.75,16919.5198277894,16365.631523707481,17473.40813187132
2025-01-18 19:00:00+00:00,16436.25,16260.298482692744,15706.410178610824,16814.186786774666
2025-01-18 20:00:00+00:00,15821.25,15506.100528971037,14952.212224889117,16059.988833052957
2025-01-18 21:00:00+00:00,15625.5,15343.72311420179,14789.83481011987,15897.61141828371
2025-01-18 22:00:00+00:00,14885.25,14527.316555180445,13973.428251098525,15081.204859262365
2025-01-18 23:00:00+00:00,13781.5,13534.720180426768,12980.831876344848,14088.608484508688
2025-01-19 00:00:00+00:00,13042.0,12564.644812768696,12010.756508686776,13118.533116850616
2025-01-19 01:00:00+00:00,12645.75,12208.45225297959,11654.56394889767,12762.34055706151
2025-01-19 02:00:00+00:00,12313.25,12008.813262612777,11454.924958530857,12562.701566694697
2025-01-19 03:00:00+00:00,12233.0,12055.04947680185,11501.16117271993,12608.93778088377
2025-01-19 04:00:00+00:00,12331.75,12091.823805829217,11537.935501747299,12645.71210991114
2025-01-19 05:00:00+00:00,12527.5,12174.205615518933,11620.317311437013,12728.093919600853
2025-01-19 06:00:00+00:00,13105.5,12847.218736726598,12293.330432644678,13401.107040808518
2025-01-19 07:00:00+00:00,13963.25,13374.327976178249,12820.439672096327,13928.216280260169
2025-01-19 08:00:00+00:00,14821.0,14473.018216126342,13919.129912044422,15026.906520208262
2025-01-19 09:00:00+00:00,15283.0,15062.918775080461,14509.030470998541,15616.807079162381
2025-01-19 10:00:00+00:00,15495.75,14958.874397234466,14404.986093152544,15512.762701316386
2025-01-19 11:00:00+00:00,15161.75,14718.627656661192,14164.739352579274,15272.515960743114
2025-01-19 12:00:00+00:00,14535.25,14285.150077211809,13731.261773129889,14839.038381293729
2025-01-19 13:00:00+00:00,14278.0,14124.74528260757,13570.85697852565,14678.63358668949
2025-01-19 14:00:00+00:00,14585.0,14196.165118419867,13642.276814337947,14750.053422501787
2025-01-19 15:00:00+00:00,15340.0,14660.302521464548,14106.414217382628,15214.190825546468
2025-01-19 16:00:00+00:00,16646.0,16475.83664510544,15921.948341023519,17029.72494918736
2025-01-19 17:00:00+00:00,16957.75,16632.754005809773,16078.865701727853,17186.642309891693
2025-01-19 18:00:00+00:00,16528.5,16268.001008840554,15714.112704758634,16821.889312922474
2025-01-19 19:00:00+00:00,15889.5,15334.033369927703,14780.145065845783,15887.921674009624
2025-01-19 20:00:00+00:00,15391.5,15041.354998966144,14487.466694884224,15595.243303048064
2025-01-19 21:00:00+00:00,15307.75,14753.006888832726,14199.118584750806,15306.895192914646
2025-01-19 22:00:00+00:00,14789.25,14512.08278086614,13958.19447678422,15065.97108494806
2025-01-19 23:00:00+00:00,13948.0,13888.821669793815,13334.933365711895,14442.709973875735
2025-01-20 00:00:00+00:00,13477.0,13197.648069261699,12643.759765179779,13751.536373343619
2025-01-20 01:00:00+00:00,13214.5,12748.701103857537,12194.812799775616,13302.589407939457
2025-01-20 02:00:00+00:00,13230.0,12808.537851217396,12254.649547135476,13362.426155299316
2025-01-20 03:00:00+00:00,13672.0,13309.809045971502,12755.920741889582,13863.697350053422
2025-01-20 04:00:00+00:00,14984.25,14826.811554134572,14272.923250052652,15380.699858216492
2025-01-20 05:00:00+00:00,17620.25,17352.506801409614,16798.618497327694,17906.395105491534
2025-01-20 06:00:00+00:00,19635.0,19712.62158235395,19158.73327827203,20266.50988643587
2025-01-20 07:00:00+00:00,20501.75,20999.405174937747,20445.516870855827,21553.293479019667
2025-01-20 08:00:00+00:00,20750.25,21011.328538367237,20457.440234285317,21565.216842449157
2025-01-20 09:00:00+00:00,20919.75,20986.906565623678,20433.018261541758,21540.794869705598
2025-01-20 10:00:00+00:00,20883.0,20650.215280471195,20096.326976389275,21204.103584553115
2025-01-20 11:00:00+00:00,20646.25,20699.056863847218,20145.168559765298,21252.945167929138
2025-01-20 12:00:00+00:00,20301.75,20086.00847166567,19532.12016758375,20639.89677574759
2025-01-20 13:00:00+00:00,19885.25,19988.11293134263,19434.22462726071,20542.001235424552
2025-01-20 14:00:00+00:00,19620.75,19581.95466476172,19028.0663606798,20135.84296884364
2025-01-20 15:00:00+00:00,19854.5,19611.944257967414,19058.055953885494,20165.832562049334
2025-01-20 16:00:00+00:00,20594.25,20784.992811933647,20231.104507851727,21338.881116015567
2025-01-20 17:00:00+00:00,20483.25,20544.19367397456,19990.30536989264,21098.08197805648
2025-01-20 18:00:00+00:00,19927.0,19995.157378346765,19441.269074264845,20549.045682428685
2025-01-20 19:00:00+00:00,18734.25,19179.99462916027,18626.106325078348,19733.88293324219
2025-01-20 20:00:00+00:00,17821.5,17898.10037675692,17344.212072675,18451.98868083884
2025-01-20 21:00:00+00:00,17004.25,16924.137735654076,16370.249431572154,17478.026039735996
2025-01-20 22:00:00+00:00,16087.25,15832.172113240102,15278.283809158182,16386.06041732202
2025-01-20 23:00:00+00:00,16282.75,15811.944745244364,15258.056441162444,16365.833049326284
2025-01-21 00:00:00+00:00,15690.75,15117.525452124331,14563.637148042411,15671.413756206251
2025-01-21 01:00:00+00:00,15367.75,14556.507974700557,14002.619670618637,15110.396278782477
2025-01-21 02:00:00+00:00,15319.25,14812.330929958218,14258.442625876298,15366.219234040138
2025-01-21 03:00:00+00:00,15591.5,15213.350267112455,14659.461963030535,15767.238571194375
2025-01-21 04:00:00+00:00,16853.5,15828.368601752096,15274.480297670176,16382.256905834016
2025-01-21 05:00:00+00:00,18986.5,18698.872291802043,18144.983987720123,19252.760595883963
2025-01-21 06:00:00+00:00,20897.5,21131.331693492975,20577.443389411055,21685.219997574895
2025-01-21 07:00:00+00:00,21877.5,21470.78539193745,20916.89708785553,22024.67369601937
2025-01-21 08:00:00+00:00,21754.0,21636.21346177472,21082.3251576928,22190.10176585664
2025-01-21 09:00:00+00:00,21517.0,21271.07998060115,20717.19167651923,21824.96828468307
2025-01-21 10:00:00+00:00,21129.25,21050.228657671112,20496.340353589192,21604.116961753032
2025-01-21 11:00:00+00:00,20756.5,20838.029232861823,20284.140928779903,21391.917536943743
2025-01-21 12:00:00+00:00,20349.25,20322.400355069207,19768.512050987287,20876.288659151127
2025-01-21 13:00:00+00:00,20015.5,19899.215674510117,19345.327370428196,20453.103978592037
2025-01-21 14:00:00+00:00,20166.0,20247.293677799236,19693.405373717316,20801.181981881156
2025-01-21 15:00:00+00:00,20653.25,20476.561312940295,19922.673008858375,21030.449617022216
2025-01-21 16:00:00+00:00,21623.75,21207.53727881131,20653.64897472939,21761.42558289323
2025-01-21 17:00:00+00:00,21840.75,21248.71191946794,20694.82361538602,21802.60022354986
2025-01-21 18:00:00+00:00,21031.75,21215.661085948457,20661.772781866537,21769.549390030377
2025-01-21 19:00:00+00:00,19899.0,20499.793520076968,19945.905215995048,21053.681824158888
2025-01-21 20:00:00+00:00,18603.5,19273.356609190916,18719.468305108996,19827.244913272836
2025-01-21 21:00:00+00:00,17877.25,18149.14245400655,17595.25414992463,18703.03075808847
2025-01-21 22:00:00+00:00,16759.25,17170.58922904161,16616.70092495969,17724.47753312353
2025-01-21 23:00:00+00:00,16167.25,16113.568794154156,15559.680490072236,16667.45709823608
2025-01-22 00:00:00+00:00,15403.0,16017.61870867777,15463.73040459585,16571.507012759692
2025-01-22 01:00:00+00:00,15044.75,15114.495519309947,14560.607215228027,15668.383823391867
2025-01-22 02:00:00+00:00,14935.25,14992.76364661936,14438.87534253744,15546.65195070128
2025-01-22 03:00:00+00:00,15098.75,15343.78339182994,14789.89508774802,15897.67169591186
2025-01-22 04:00:00+00:00,16153.75,16409.40334014097,15855.51503605905,16963.29164422289
2025-01-22 05:00:00+00:00,18232.75,19054.446873517572,18500.558569435652,19608.335177599492
2025-01-22 06:00:00+00:00,20022.25,20486.73483887976,19932.84653479784,21040.623142961682
2025-01-22 07:00:00+00:00,20784.0,20597.30263562635,20043.41433154443,21151.19093970827
2025-01-22 08:00:00+00:00,20807.5,20530.1882971518,19976.29999306988,21084.07660123372
2025-01-22 09:00:00+00:00,20736.25,20511.36040181626,19957.47209773434,21065.24870589818
2025-01-22 10:00:00+00:00,20436.5,20347.231083444967,19793.342779363047,20901.119387526887
2025-01-22 11:00:00+00:00,19984.5,20352.61399490034,19798.72569081842,20906.50229898226
2025-01-22 12:00:00+00:00,19677.75,20119.691366348452,19565.803062266532,20673.579670430372
2025-01-22 13:00:00+00:00,19444.5,19469.69075409915,18915.80245001723,20023.57905818107
2025-01-22 14:00:00+00:00,19330.75,19578.298340082823,19024.410036000903,20132.186644164743
2025-01-22 15:00:00+00:00,19679.25,19625.55058965569,19071.66228557377,20179.43889373761
2025-01-22 16:00:00+00:00,20608.75,20485.834690140608,19931.946386058687,21039.722994222528
2025-01-22 17:00:00+00:00,20649.75,20559.93860986131,20006.05030577939,21113.82691394323
2025-01-22 18:00:00+00:00,19960.5,19921.9461373184,19368.05783323648,20475.83444140032
2025-01-22 19:00:00+00:00,19126.0,18644.136129615752,18090.24782553383,19198.024433697672
2025-01-22 20:00:00+00:00,17905.75,17278.247837788098,16724.359533706178,17832.136141870018
2025-01-22 21:00:00+00:00,16711.5,16360.022663301403,15806.13435921948,16913.910967383323
2025-01-22 22:00:00+00:00,15552.75,15269.850711118486,14715.962407036566,15823.739015200406
2025-01-22 23:00:00+00:00,14471.5,14505.719577578491,13951.831273496571,15059.607881660411
2025-01-23 00:00:00+00:00,13845.25,13355.686581027872,12801.798276945952,13909.574885109792
2025-01-23 01:00:00+00:00,13501.25,13323.505826372504,12769.617522290584,13877.394130454424
2025-01-23 02:00:00+00:00,13749.25,13509.372922880391,12955.484618798471,14063.261226962311
2025-01-23 03:00:00+00:00,14190.25,13499.257042826073,12945.368738744153,14053.145346907993
2025-01-23 04:00:00+00:00,15430.25,14545.125872299235,13991.237568217315,15099.014176381155
2025-01-23 05:00:00+00:00,17672.5,17182.65056426245,16628.76226018053,17736.53886834437
2025-01-23 06:00:00+00:00,19600.75,18946.062142859733,18392.173838777813,19499.950446941653
2025-01-23 07:00:00+00:00,20634.5,20844.421853623076,20290.533549541156,21398.310157704997
2025-01-23 08:00:00+00:00,20850.5,21275.493874770367,20721.605570688447,21829.382178852287
2025-01-23 09:00:00+00:00,21252.5,20972.297238082523,20418.408934000603,21526.185542164443
2025-01-23 10:00:00+00:00,21330.0,21208.783762251413,20654.895458169492,21762.672066333333
2025-01-23 11:00:00+00:00,21030.5,21207.131832566978,20653.243528485058,21761.0201366489
2025-01-23 12:00:00+00:00,21103.25,20957.057373284362,20403.169069202442,21510.945677366282
2025-01-23 13:00:00+00:00,20706.75,20706.685210055664,20152.796905973744,21260.573514137584
2025-01-23 14:00:00+00:00,20364.25,20505.388759089394,19951.500455007474,21059.277063171314
2025-01-23 15:00:00+00:00,20075.0,20134.12101485631,19580.23271077439,20688.00931893823
2025-01-23 16:00:00+00:00,20938.25,21020.357810151225,20466.469506069305,21574.246114233145
2025-01-23 17:00:00+00:00,21097.0,21157.90749816443,20604.01919408251,21711.79580224635
2025-01-23 18:00:00+00:00,20179.0,20262.021600348504,19708.133296266584,20815.909904430424
2025-01-23 19:00:00+00:00,18741.0,18337.189859035017,17783.301554953094,18891.078163116934
2025-01-23 20:00:00+00:00,17666.75,17641.694349793645,17087.806045711724,18195.582653875565
2025-01-23 21:00:00+00:00,17145.0,16878.696838303917,16324.808534221997,17432.585142385837
2025-01-23 22:00:00+00:00,15867.0,15527.313781018747,14973.425476936827,16081.202085100667
2025-01-23 23:00:00+00:00,15480.0,15138.213191743014,14584.324887661092,15692.101495824934
2025-01-24 00:00:00+00:00,14785.5,14333.26830022681,13779.37999614489,14887.15660430873
2025-01-24 01:00:00+00:00,14413.0,13918.77803270914,13364.88972862722,14472.66633679106
2025-01-24 02:00:00+00:00,14362.25,13868.0104505478,13314.12214646588,14421.89875462972
2025-01-24 03:00:00+00:00,14463.0,13961.773061587623,13407.884757505703,14515.661365669543
2025-01-24 04:00:00+00:00,15513.75,14879.955433735178,14326.067129653258,15433.843737817098
2025-01-24 05:00:00+00:00,17311.5,17033.844669225207,16479.956365143287,17587.732973307127
2025-01-24 06:00:00+00:00,18921.0,18353.837238342156,17799.948934260236,18907.725542424076
2025-01-24 07:00:00+00:00,19907.25,19714.57893036476,19160.69062628284,20268.46723444668
2025-01-24 08:00:00+00:00,20065.25,20141.38615697356,19587.49785289164,20695.27446105548
2025-01-24 09:00:00+00:00,20790.25,20680.254482425466,20126.366178343545,21234.142786507386
2025-01-24 10:00:00+00:00,21347.75,21048.181485091867,20494.293181009947,21602.069789173787
2025-01-24 11:00:00+00:00,21313.5,21099.509265810833,20545.620961728913,21653.397569892753
2025-01-24 12:00:00+00:00,20911.25,20433.514688405932,19879.626384324012,20987.402992487852
2025-01-24 13:00:00+00:00,20353.75,19813.091097203414,19259.202793121494,20366.979401285334
2025-01-24 14:00:00+00:00,19663.0,18931.759796652215,18377.871492570295,19485.648100734135
2025-01-24 15:00:00+00:00,19833.5,19679.438788645995,19125.550484564075,20233.327092727915
2025-01-24 16:00:00+00:00,20580.5,20191.550332257102,19637.662028175182,20745.438636339022
2025-01-24 17:00:00+00:00,20341.5,19958.690551591782,19404.802247509862,20512.578855673702
2025-01-24 18:00:00+00:00,19492.25,18674.430952322793,18120.542648240873,19228.319256404713
2025-01-24 19:00:00+00:00,18359.5,17719.197144667432,17165.308840585512,18273.085448749353
2025-01-24 20:00:00+00:00,17214.75,17241.575426361287,16687.687122279367,17795.463730443207
2025-01-24 21:00:00+00:00,16501.25,16299.541021287963,15745.652717206043,16853.42932536988
2025-01-24 22:00:00+00:00,14870.75,14614.812732858096,14060.924428776176,15168.701036940016
2025-01-24 23:00:00+00:00,13748.0,14021.605146317543,13467.716842235623,14575.493450399463
2025-01-25 00:00:00+00:00,13099.0,12810.24805932685,12256.35975524493,13364.13636340877
2025-01-25 01:00:00+00:00,12575.5,12225.1222199467,11671.233915864777,12779.01052402862
2025-01-25 02:00:00+00:00,12038.5,11985.030367508065,11431.142063426145,12538.918671589985
2025-01-25 03:00:00+00:00,12043.25,12085.692549244668,11531.804245162748,12639.580853326588
2025-01-25 04:00:00+00:00,12370.0,12165.213164447028,11611.324860365108,12719.101468528948
2025-01-25 05:00:00+00:00,12719.75,12605.827148740122,12051.938844658202,13159.715452822042
2025-01-25 06:00:00+00:00,13487.5,13000.837860504953,12446.949556423033,13554.726164586873
2025-01-25 07:00:00+00:00,14560.5,14488.084622593178,13934.196318511258,15041.972926675098
2025-01-25 08:00:00+00:00,15596.0,15030.377191403853,14476.488887321933,15584.265495485773
2025-01-25 09:00:00+00:00,16025.25,15776.74757836534,15222.85927428342,16330.63588244726
2025-01-25 10:00:00+00:00,16588.5,16317.928797209717,15764.040493127797,16871.81710129164
2025-01-25 11:00:00+00:00,16289.0,16197.072313098111,15643.184009016191,16750.960617180033
2025-01-25 12:00:00+00:00,15666.0,15591.044705666192,15037.156401584272,16144.933009748112
2025-01-25 13:00:00+00:00,15232.75,15610.161470149777,15056.273166067856,16164.049774231697
2025-01-25 14:00:00+00:00,14981.5,15453.44812122896,14899.55981714704,16007.33642531088
2025-01-25 15:00:00+00:00,15530.5,15348.117497070674,14794.229192988754,15902.005801152594
2025-01-25 16:00:00+00:00,16790.0,16334.302775509004,15780.414471427084,16888.191079590924
2025-01-25 17:00:00+00:00,16915.0,16309.822633104719,15755.934329022797,16863.71093718664
2025-01-25 18:00:00+00:00,16123.0,15756.137893111427,15202.249589029507,16310.026197193347
2025-01-25 19:00:00+00:00,15253.75,14635.030285734387,14081.141981652467,15188.918589816307
2025-01-25 20:00:00+00:00,14753.25,14172.101637975326,13618.213333893404,14725.989942057246
2025-01-25 21:00:00+00:00,14308.25,13677.885727283528,13123.997423201608,14231.774031365449
2025-01-25 22:00:00+00:00,13135.75,12386.668164502418,11832.779860420498,12940.556468584338
2025-01-25 23:00:00+00:00,12031.75,11711.075959538124,11157.187655456204,12264.964263620044
2025-01-26 00:00:00+00:00,11494.25,11252.733297093479,10698.844993011558,11806.621601175399
2025-01-26 01:00:00+00:00,11230.0,11143.626799910136,10589.738495828216,11697.515103992057
2025-01-26 02:00:00+00:00,11109.0,11141.711607846773,10587.823303764853,11695.599911928693
2025-01-26 03:00:00+00:00,11037.25,11128.63070125437,10574.74239717245,11682.51900533629
2025-01-26 04:00:00+00:00,11304.75,11359.230257265772,10805.341953183852,11913.118561347692
2025-01-26 05:00:00+00:00,11622.25,11494.42899476216,10940.54069068024,12048.31729884408
2025-01-26 06:00:00+00:00,12262.25,11816.940480576748,11263.052176494828,12370.828784658668
2025-01-26 07:00:00+00:00,13290.0,12737.62176066053,12183.73345657861,13291.51006474245
2025-01-26 08:00:00+00:00,14328.0,13994.896481420586,13441.008177338666,14548.784785502507
2025-01-26 09:00:00+00:00,15202.75,14774.513661943383,14220.625357861463,15328.401966025303
2025-01-26 10:00:00+00:00,15914.0,15304.190125306404,14750.301821224484,15858.078429388324
2025-01-26 11:00:00+00:00,15872.5,15242.829529855031,14688.941225773111,15796.717833936951
2025-01-26 12:00:00+00:00,15470.75,14811.644822465309,14257.756518383389,15365.533126547229
2025-01-26 13:00:00+00:00,14789.0,14418.328790235662,13864.44048615374,14972.217094317582
2025-01-26 14:00:00+00:00,14637.25,14212.668940484493,13658.780636402573,14766.557244566413
2025-01-26 15:00:00+00:00,14890.25,14393.439430961687,13839.551126879767,14947.327735043607
2025-01-26 16:00:00+00:00,16048.75,15530.83905374368,14976.95074966176,16084.7273578256
2025-01-26 17:00:00+00:00,16542.75,15905.170231813861,15351.281927731941,16459.058535895783
2025-01-26 18:00:00+00:00,15921.0,15314.951176822218,14761.062872740298,15868.839480904138
2025-01-26 19:00:00+00:00,15286.5,14889.317090887216,14335.428786805296,15443.205394969136
2025-01-26 20:00:00+00:00,14966.25,14461.430299339416,13907.541995257496,15015.318603421336
2025-01-26 21:00:00+00:00,14886.0,14213.575946430301,13659.68764234838,14767.464250512221
2025-01-26 22:00:00+00:00,14163.5,13451.029796535431,12897.141492453511,14004.918100617351
2025-01-26 23:00:00+00:00,13533.5,12914.049115732792,12360.160811650872,13467.937419814712
2025-01-27 00:00:00+00:00,13023.0,12138.083057573878,11584.19475349196,12691.971361655798
2025-01-27 01:00:00+00:00,12611.5,12081.040822804582,11527.152518722662,12634.929126886502
2025-01-27 02:00:00+00:00,13063.0,12256.746519418699,11702.858215336779,12810.634823500619
2025-01-27 03:00:00+00:00,13494.25,12573.618453055231,12019.73014897331,13127.506757137151
2025-01-27 04:00:00+00:00,14911.5,14250.175886754776,13696.287582672856,14804.064190836696
2025-01-27 05:00:00+00:00,17481.75,16740.741692692427,16186.853388610509,17294.629996774347
2025-01-27 06:00:00+00:00,19380.25,18018.250696309806,17464.362392227886,18572.139000391726
2025-01-27 07:00:00+00:00,20378.25,19548.657712897246,18994.769408815326,20102.546016979166
2025-01-27 08:00:00+00:00,20290.5,19791.95661260294,19238.06830852102,20345.84491668486
2025-01-27 09:00:00+00:00,20541.75,19835.308981486534,19281.420677404614,20389.197285568454
2025-01-27 10:00:00+00:00,20686.25,19772.43981308018,19218.55150899826,20326.3281171621
2025-01-27 11:00:00+00:00,20064.5,19562.02330467638,19008.13500059446,20115.9116087583
2025-01-27 12:00:00+00:00,19320.25,19290.7461110916,18736.85780700968,19844.63441517352
2025-01-27 13:00:00+00:00,19322.25,18917.558438337623,18363.670134255703,19471.446742419543
2025-01-27 14:00:00+00:00,19062.0,18507.277010938968,17953.388706857048,19061.165315020888
2025-01-27 15:00:00+00:00,18901.75,18735.177858958057,18181.289554876137,19289.066163039977
2025-01-27 16:00:00+00:00,19474.0,18759.85295586548,18205.96465178356,19313.7412599474
2025-01-27 17:00:00+00:00,19440.75,18955.871874591783,18401.983570509863,19509.760178673703
2025-01-27 18:00:00+00:00,18720.25,18348.535516941043,17794.647212859123,18902.423821022963
2025-01-27 19:00:00+00:00,17639.5,17037.12668519579,16483.23838111387,17591.01498927771
2025-01-27 20:00:00+00:00,16583.0,16118.162562518462,15564.274258436542,16672.050866600384
2025-01-27 21:00:00+00:00,15999.0,15039.69038783227,14485.80208375035,15593.57869191419
2025-01-27 22:00:00+00:00,14935.25,14471.40078306396,13917.51247898204,15025.28908714588
2025-01-27 23:00:00+00:00,13957.75,13861.199582413221,13307.3112783313,14415.087886495141
2025-01-28 00:00:00+00:00,13700.0,13647.635173348328,13093.746869266408,14201.523477430248
2025-01-28 01:00:00+00:00,13349.25,13296.013668985339,12742.125364903419,13849.901973067259
2025-01-28 02:00:00+00:00,13171.25,13170.606467647802,12616.718163565882,13724.494771729722
2025-01-28 03:00:00+00:00,13495.5,13620.018172954522,13066.129868872602,14173.906477036442
2025-01-28 04:00:00+00:00,14691.25,14710.723170351734,14156.834866269812,15264.611474433654
2025-01-28 05:00:00+00:00,16777.0,17163.805676911383,16609.917372829463,17717.693980993303
2025-01-28 06:00:00+00:00,18853.75,18874.67584704451,18320.78754296259,19428.56415112643
2025-01-28 07:00:00+00:00,19566.25,19869.959272423766,19316.070968341846,20423.847576505686
2025-01-28 08:00:00+00:00,19589.0,20236.24863458259,19682.36033050067,20790.13693866451
2025-01-28 09:00:00+00:00,19507.5,20359.712191348553,19805.823887266633,20913.600495430474
2025-01-28 10:00:00+00:00,19623.0,20433.77842346589,19879.89011938397,20987.66672754781
2025-01-28 11:00:00+00:00,19608.75,20297.885335560655,19743.997031478735,20851.773639642575
2025-01-28 12:00:00+00:00,19501.0,19833.710006285284,19279.821702203364,20387.598310367204
2025-01-28 13:00:00+00:00,19288.5,19248.058513621647,18694.170209539727,19801.946817703567
2025-01-28 14:00:00+00:00,19215.75,19306.464226207736,18752.575922125816,19860.352530289656
2025-01-28 15:00:00+00:00,19382.25,18976.18576404174,18422.29745995982,19530.074068123664
2025-01-28 16:00:00+00:00,20329.25,19646.989848469188,19093.101544387267,20200.878152551108
2025-01-28 17:00:00+00:00,20054.5,19374.44952159363,18820.56121751171,19928.33782567555
2025-01-28 18:00:00+00:00,19262.25,18524.011831115313,17970.123527033393,19077.900135197233
2025-01-28 19:00:00+00:00,17908.75,17327.655677607192,16773.767373525272,17881.543981689112
2025-01-28 20:00:00+00:00,16824.5,16658.343530527112,16104.455226445192,17212.231834609032
2025-01-28 21:00:00+00:00,15901.5,15900.956077330204,15347.067773248284,16454.844381412124
2025-01-28 22:00:00+00:00,14737.0,14478.056233626714,13924.167929544794,15031.944537708634
2025-01-28 23:00:00+00:00,14103.5,14334.696093389231,13780.807789307311,14888.584397471152
2025-01-29 00:00:00+00:00,13563.5,13142.48962466119,12588.60132057927,13696.37792874311
2025-01-29 01:00:00+00:00,13348.0,13006.648385522003,12452.760081440083,13560.536689603923
2025-01-29 02:00:00+00:00,13441.0,12991.84076801267,12437.95246393075,13545.72907209459
2025-01-29 03:00:00+00:00,13850.5,13594.507525529092,13040.619221447172,14148.395829611012
2025-01-29 04:00:00+00:00,15012.5,14963.722983380825,14409.834679298905,15517.611287462745
2025-01-29 05:00:00+00:00,17109.25,16532.029809468568,15978.141505386648,17085.918113550488
2025-01-29 06:00:00+00:00,18754.5,18540.982310988653,17987.094006906733,19094.870615070573
2025-01-29 07:00:00+00:00,19655.25,19800.747368581757,19246.859064499837,20354.63567266368
2025-01-29 08:00:00+00:00,20117.75,20256.170022697428,19702.281718615508,20810.058326779348
2025-01-29 09:00:00+00:00,20709.25,20624.520044446326,20070.631740364406,21178.408348528246
2025-01-29 10:00:00+00:00,21060.5,20619.164197671704,20065.275893589784,21173.052501753624
2025-01-29 11:00:00+00:00,20665.0,20352.39804006274,19798.50973598082,20906.28634414466
2025-01-29 12:00:00+00:00,20223.5,20137.87511074756,19583.986806665638,20691.76341482948
2025-01-29 13:00:00+00:00,19711.0,19493.931450205455,18940.043146123535,20047.819754287375
2025-01-29 14:00:00+00:00,19277.0,19050.152604478688,18496.264300396768,19604.040908560608
2025-01-29 15:00:00+00:00,19090.75,19064.474546817175,18510.586242735255,19618.362850899095
2025-01-29 16:00:00+00:00,19895.0,19570.204772764526,19016.316468682606,20124.093076846446
2025-01-29 17:00:00+00:00,19853.25,19300.404708512466,18746.516404430546,19854.293012594386
2025-01-29 18:00:00+00:00,19319.75,18449.715438752388,17895.827134670468,19003.603742834308
2025-01-29 19:00:00+00:00,18266.75,17515.43436516636,16961.54606108444,18069.32266924828
2025-01-29 20:00:00+00:00,17377.5,16425.527349653625,15871.639045571703,16979.415653735545
2025-01-29 21:00:00+00:00,16500.25,15294.456030358022,14740.567726276102,15848.344334439942
2025-01-29 22:00:00+00:00,15310.75,14346.709033381785,13792.820729299865,14900.597337463705
2025-01-29 23:00:00+00:00,14335.75,14041.17610538474,13487.28780130282,14595.06440946666
2025-01-30 00:00:00+00:00,13890.5,13327.750259050263,12773.861954968343,13881.638563132183
2025-01-30 01:00:00+00:00,13470.75,12903.32126332903,12349.43295924711,13457.20956741095
2025-01-30 02:00:00+00:00,13553.75,12950.792951617339,12396.904647535419,13504.681255699259
2025-01-30 03:00:00+00:00,13721.5,13401.85446605224,12847.96616197032,13955.74277013416
2025-01-30 04:00:00+00:00,14777.5,14406.351856318068,13852.463552236148,14960.240160399988
2025-01-30 05:00:00+00:00,16953.5,16453.254460109154,15899.366156027236,17007.142764191074
2025-01-30 06:00:00+00:00,18914.5,17481.687641948753,16927.799337866833,18035.575946030673
2025-01-30 07:00:00+00:00,19938.5,18907.61683066212,18353.7285265802,19461.50513474404
2025-01-30 08:00:00+00:00,20070.0,18636.42228947719,18082.53398539527,19190.31059355911
2025-01-30 09:00:00+00:00,20448.0,20011.155656612344,19457.267352530424,20565.043960694264
2025-01-30 10:00:00+00:00,20871.0,19769.021462627523,19215.133158545603,20322.909766709443
2025-01-30 11:00:00+00:00,20674.5,19667.395085808697,19113.506781726777,20221.283389890617
2025-01-30 12:00:00+00:00,20315.75,19339.606087433243,18785.717783351323,19893.494391515163
2025-01-30 13:00:00+00:00,19535.0,18284.0252943031,17730.13699022118,18837.91359838502
2025-01-30 14:00:00+00:00,19390.0,18018.359035932648,17464.470731850728,18572.247340014568
2025-01-30 15:00:00+00:00,19202.0,17994.695840085762,17440.80753600384,18548.584144167682
2025-01-30 16:00:00+00:00,19937.5,19084.387549621944,18530.499245540024,19638.275853703864
2025-01-30 17:00:00+00:00,20065.5,18937.872362356975,18383.984058275055,19491.760666438895
2025-01-30 18:00:00+00:00,19368.25,17738.792806410205,17184.904502328285,18292.68111049213
2025-01-30 19:00:00+00:00,18442.5,17008.288800761682,16454.400496679762,17562.177104843602
2025-01-30 20:00:00+00:00,17466.25,15518.142974859018,14964.254670777098,16072.031278940938
2025-01-30 21:00:00+00:00,16473.0,15085.74084768568,14531.85254360376,15639.6291517676
2025-01-30 22:00:00+00:00,14999.0,14807.544773791164,14253.656469709242,15361.433077873084
2025-01-30 23:00:00+00:00,14154.25,13769.719940215018,13215.831636133098,14323.608244296938
2025-01-31 00:00:00+00:00,13698.25,13056.262087544193,12502.373783462273,13610.150391626114
2025-01-31 01:00:00+00:00,13482.25,12662.594603026653,12108.706298944733,13216.482907108573
2025-01-31 02:00:00+00:00,13478.25,12493.13279041492,11939.244486333,13047.02109449684
2025-01-31 03:00:00+00:00,13608.0,13063.32307866193,12509.434774580011,13617.21138274385
2025-01-31 04:00:00+00:00,14743.5,14431.95049058045,13878.06218649853,14985.83879466237
2025-01-31 05:00:00+00:00,16986.75,16503.826695166692,15949.938391084774,17057.714999248612
2025-01-31 06:00:00+00:00,18874.25,17684.215009800522,17130.326705718602,18238.103313882442
2025-01-31 07:00:00+00:00,19516.5,18336.847273644387,17782.958969562467,18890.735577726307
2025-01-31 08:00:00+00:00,19774.0,18681.49857076068,18127.61026667876,19235.3868748426
2025-01-31 09:00:00+00:00,19893.5,19368.991883011313,18815.103578929393,19922.880187093233
2025-01-31 10:00:00+00:00,19682.75,19142.133212205765,18588.244908123845,19696.021516287685
2025-01-31 11:00:00+00:00,19157.0,18233.750372144557,17679.862068062637,18787.638676226477
2025-01-31 12:00:00+00:00,18316.75,17546.9186782953,16993.03037421338,18100.80698237722
2025-01-31 13:00:00+00:00,17809.0,16353.165623096114,15799.277319014194,16907.053927178036
2025-01-31 14:00:00+00:00,17935.75,16269.942220939784,15716.053916857863,16823.8305250217
2025-01-31 15:00:00+00:00,17998.75,16567.29044613991,16013.40214205799,17121.17875022183
2025-01-31 16:00:00+00:00,18980.5,17761.600359854197,17207.712055772277,18315.488663936118
2025-01-31 17:00:00+00:00,19182.25,17480.88743768003,16926.99913359811,18034.77574176195
2025-01-31 18:00:00+00:00,18410.5,17330.443163578035,16776.554859496115,17884.331467659955
2025-01-31 19:00:00+00:00,17377.5,16727.957171632926,16174.068867551008,17281.845475714847
2025-01-31 20:00:00+00:00,16585.0,15738.46461267826,15184.57630859634,16292.352916760181
2025-01-31 21:00:00+00:00,15871.0,15246.695329067346,14692.807024985426,15800.583633149266
2025-01-31 22:00:00+00:00,14970.25,14546.972551029086,13993.084246947166,15100.860855111006
2025-01-31 23:00:00+00:00,13969.25,13357.728085749513,12803.839781667593,13911.616389831433
2025-02-01 00:00:00+00:00,13376.0,12323.725873029562,11769.837568947642,12877.614177111482
2025-02-01 01:00:00+00:00,12858.25,12037.672714619612,11483.784410537692,12591.561018701532
2025-02-01 02:00:00+00:00,12527.5,12043.973384499288,11490.085080417368,12597.861688581208
2025-02-01 03:00:00+00:00,12539.25,11997.160770249477,11443.272466167557,12551.049074331397
2025-02-01 04:00:00+00:00,12709.25,12077.800715986441,11523.91241190452,12631.689020068361
2025-02-01 05:00:00+00:00,13136.5,12499.687107324984,11945.798803243064,13053.575411406904
2025-02-01 06:00:00+00:00,13999.25,13030.485846291827,12476.597542209907,13584.374150373747
2025-02-01 07:00:00+00:00,15003.75,14312.909554502816,13759.021250420896,14866.797858584736
2025-02-01 08:00:00+00:00,15663.0,14991.119442970556,14437.231138888636,15545.007747052476
2025-02-01 09:00:00+00:00,15903.5,15572.484783806713,15018.596479724793,16126.373087888633
2025-02-01 10:00:00+00:00,15891.25,15404.32433050889,14850.43602642697,15958.212634590811
2025-02-01 11:00:00+00:00,15577.0,15223.882320680716,14669.994016598795,15777.770624762636
2025-02-01 12:00:00+00:00,14994.5,14455.834137804732,13901.945833722812,15009.722441886652
2025-02-01 13:00:00+00:00,14603.75,14409.80395311123,13855.91564902931,14963.69225719315
2025-02-01 14:00:00+00:00,14809.5,13884.246802449294,13330.358498367374,14438.135106531214
2025-02-01 15:00:00+00:00,15614.75,14141.667322246087,13587.779018164167,14695.555626328007
2025-02-01 16:00:00+00:00,16838.5,14957.68017081786,14403.791866735939,15511.56847489978
2025-02-01 17:00:00+00:00,17329.5,16175.727928419576,15621.839624337656,16729.616232501496
2025-02-01 18:00:00+00:00,16620.75,15201.535125178772,14647.646821096852,15755.423429260693
2025-02-01 19:00:00+00:00,15502.75,14997.727939779681,14443.839635697761,15551.616243861603
2025-02-01 20:00:00+00:00,14864.25,14616.286709072241,14062.398404990323,15170.175013154161
2025-02-01 21:00:00+00:00,14529.5,14193.719096911851,13639.830792829931,14747.607400993771
2025-02-01 22:00:00+00:00,13677.0,12601.785119788818,12047.896815706898,13155.673423870738
2025-02-01 23:00:00+00:00,12740.0,11861.047139414899,11307.158835332979,12414.935443496819
2025-02-02 00:00:00+00:00,12073.75,11232.871786598324,10678.983482516403,11786.760090680244
2025-02-02 01:00:00+00:00,11636.25,11000.613130163056,10446.724826081136,11554.501434244976
2025-02-02 02:00:00+00:00,11502.25,11219.074246206721,10665.185942124801,11772.962550288641
2025-02-02 03:00:00+00:00,11491.25,11469.82892614491,10915.94062206299,12023.71723022683
2025-02-02 04:00:00+00:00,11593.5,11763.552631440327,11209.664327358409,12317.440935522247
2025-02-02 05:00:00+00:00,11693.25,12008.485066669655,11454.596762587735,12562.373370751575
2025-02-02 06:00:00+00:00,12276.5,12192.120959071166,11638.232654989246,12746.009263153086
2025-02-02 07:00:00+00:00,13246.0,12996.02210531446,12442.13380123254,13549.91040939638
2025-02-02 08:00:00+00:00,14056.75,14519.787491952773,13965.899187870853,15073.675796034693
2025-02-02 09:00:00+00:00,14452.5,15046.668985707263,14492.780681625343,15600.557289789183
2025-02-02 10:00:00+00:00,14776.0,15064.865409749113,14510.977105667193,15618.753713831033
2025-02-02 11:00:00+00:00,14441.5,14822.498725145408,14268.610421063488,15376.387029227328
2025-02-02 12:00:00+00:00,13897.0,14357.70428831914,13803.81598423722,14911.59259240106
2025-02-02 13:00:00+00:00,13248.0,14064.569684177095,13510.681380095175,14618.457988259015
2025-02-02 14:00:00+00:00,13598.75,13872.114868570905,13318.226564488985,14426.003172652825
2025-02-02 15:00:00+00:00,14597.0,14326.275657427643,13772.387353345723,14880.163961509563
2025-02-02 16:00:00+00:00,16003.75,15352.34982016953,14798.46151608761,15906.23812425145
2025-02-02 17:00:00+00:00,16716.25,16044.618739730488,15490.730435648566,16598.507043812406
2025-02-02 18:00:00+00:00,16240.25,15847.490511364702,15293.602207282782,16401.378815446624
2025-02-02 19:00:00+00:00,15458.5,15720.601928624972,15166.713624543052,16274.490232706892
2025-02-02 20:00:00+00:00,15072.5,15619.272656952608,15065.384352870688,16173.160961034528
2025-02-02 21:00:00+00:00,15048.5,15191.903560637555,14638.015256555635,15745.791864719475
2025-02-02 22:00:00+00:00,14172.75,14093.991337375075,13540.103033293155,14647.879641456995
2025-02-02 23:00:00+00:00,13733.25,13168.143118327765,12614.254814245845,13722.031422409686
2025-02-03 00:00:00+00:00,13190.5,12763.062810516823,12209.174506434903,13316.951114598745
2025-02-03 01:00:00+00:00,12931.75,12819.158143554236,12265.269839472316,13373.046447636156
2025-02-03 02:00:00+00:00,13022.75,12848.574441143212,12294.686137061291,13402.462745225132
2025-02-03 03:00:00+00:00,13556.5,13117.301508221757,12563.413204139837,13671.189812303677
2025-02-03 04:00:00+00:00,15125.75,14190.082725886437,13636.194421804517,14743.971029968357
2025-02-03 05:00:00+00:00,17887.5,15592.404258511442,15038.515954429522,16146.292562593362
2025-02-03 06:00:00+00:00,19880.25,17174.50606524865,16620.61776116673,17728.39436933057
2025-02-03 07:00:00+00:00,20773.25,19932.919479689266,19379.031175607346,20486.807783771186
2025-02-03 08:00:00+00:00,21005.0,20488.967411718502,19935.079107636582,21042.855715800422
2025-02-03 09:00:00+00:00,20823.75,19975.83982768133,19421.95152359941,20529.72813176325
2025-02-03 10:00:00+00:00,20511.75,20322.48925400493,19768.60094992301,20876.377558086853
2025-02-03 11:00:00+00:00,20120.75,19538.409481975752,18984.521177893832,20092.297786057672
2025-02-03 12:00:00+00:00,19749.5,19496.72639486185,18942.83809077993,20050.61469894377
2025-02-03 13:00:00+00:00,19612.5,18949.320812830898,18395.432508748978,19503.209116912818
2025-02-03 14:00:00+00:00,19307.25,17974.054500649334,17420.166196567414,18527.942804731254
2025-02-03 15:00:00+00:00,19622.25,18377.522815376644,17823.634511294724,18931.411119458564
2025-02-03 16:00:00+00:00,20788.25,19552.37600553894,18998.48770145702,20106.26430962086
2025-02-03 17:00:00+00:00,21091.0,19465.722894321447,18911.834590239527,20019.611198403367
2025-02-03 18:00:00+00:00,20346.75,19433.682896227434,18879.794592145514,19987.571200309354
2025-02-03 19:00:00+00:00,19207.75,18318.54707498788,17764.65877090596,18872.4353790698
2025-02-03 20:00:00+00:00,18274.25,16946.056395021355,16392.168090939434,17499.944699103275
2025-02-03 21:00:00+00:00,17462.25,16251.779721790515,15697.891417708595,16805.668025872434
2025-02-03 22:00:00+00:00,16358.25,16144.711550565722,15590.823246483802,16698.599854647644
2025-02-03 23:00:00+00:00,15502.5,15775.44981135102,15221.5615072691,16329.33811543294
2025-02-04 00:00:00+00:00,14878.5,14260.271182973589,13706.382878891669,14814.159487055509
2025-02-04 01:00:00+00:00,14382.0,13668.321808756478,13114.433504674558,14222.210112838398
2025-02-04 02:00:00+00:00,14163.75,13993.83635321057,13439.94804912865,14547.72465729249
2025-02-04 03:00:00+00:00,14498.5,14411.419723171415,13857.531419089493,14965.308027253335
2025-02-04 04:00:00+00:00,15912.75,15312.853469642241,14758.965165560321,15866.741773724161
2025-02-04 05:00:00+00:00,18472.75,17595.319095207702,17041.430791125782,18149.207399289626
2025-02-04 06:00:00+00:00,20288.0,19988.50729638809,19434.61899230617,20542.39560047001
2025-02-04 07:00:00+00:00,20954.75,20719.184522853855,20165.296218771935,21273.072826935775
2025-02-04 08:00:00+00:00,21182.5,20691.65717301527,20137.768868933348,21245.54547709719
2025-02-04 09:00:00+00:00,21583.75,20892.190095832135,20338.301791750215,21446.078399914055
2025-02-04 10:00:00+00:00,21016.75,21062.15365988284,20508.26535580092,21616.04196396476
2025-02-04 11:00:00+00:00,20522.5,20893.07998141297,20339.19167733105,21446.96828549489
2025-02-04 12:00:00+00:00,20133.5,20569.237188683404,20015.348884601484,21123.125492765324
2025-02-04 13:00:00+00:00,19854.75,20516.152729418824,19962.264425336904,21070.041033500744
2025-02-04 14:00:00+00:00,20150.75,20300.796681026128,19746.908376944208,20854.684985108048
2025-02-04 15:00:00+00:00,20290.75,20170.808160829598,19616.91985674768,20724.69646491152
2025-02-04 16:00:00+00:00,21318.75,20396.905602527684,19843.017298445764,20950.793906609604
2025-02-04 17:00:00+00:00,21489.5,20648.732103582974,20094.84379950105,21202.620407664894
2025-02-04 18:00:00+00:00,20788.0,20292.951652476702,19739.063348394782,20846.839956558622
2025-02-04 19:00:00+00:00,19660.5,18930.066509452296,18376.178205370376,19483.954813534216
2025-02-04 20:00:00+00:00,18115.0,17814.5807608163,17260.69245673438,18368.46906489822
2025-02-04 21:00:00+00:00,17250.25,16690.18490885491,16136.29660477299,17244.07321293683
2025-02-04 22:00:00+00:00,16362.25,15383.940884205616,14830.052580123696,15937.829188287536
2025-02-04 23:00:00+00:00,15545.25,14779.391284284553,14225.502980202633,15333.279588366473
