target,method,model_label,horizon,mse,rmse,mae,mape,smape,bias,variance,std,r2,prediction_interval_coverage,prediction_interval_width
biomass_ampr,trained,MultiTargetCatBoost,2025-01-08T00:00:00+00:00,483.4707305118417,21.987967857713492,20.707595379536418,2.479198881670703,5.028758071803628,-20.67675981402355,55.942334105022404,7.4794608164641385,-47.28347688291877,0.0,0.0
coal_derived_gas_ampr,trained,MultiTargetCatBoost,2025-01-08T00:00:00+00:00,9606.655956869568,98.01354986362635,86.41095288215111,23.565272737419882,40.65086295761918,81.64660728597144,2940.487475559924,54.226261862311,-2.392280892755463,0.0,0.0
gas_ampr,trained,MultiTargetCatBoost,2025-01-08T00:00:00+00:00,1313031.3291438264,1145.875791324621,917.3305583847002,22.581479373409177,41.86027198496718,-133.94997980737404,1295088.7320534305,1138.0196536323222,0.5411534078342228,0.0,0.0
hard_coal_ampr,trained,MultiTargetCatBoost,2025-01-08T00:00:00+00:00,323193.48156325327,568.5010831680563,444.7194944208029,27.84578326938615,47.14269454638437,309.166215246132,227609.7329136356,477.0846181901441,-0.8792799228383632,0.0,0.0
lignite_ampr,trained,MultiTargetCatBoost,2025-01-08T00:00:00+00:00,3475745.64402081,1864.3351748065072,1614.7943555241932,44.81294567975132,69.39146319884301,1598.8778964229748,919335.1163508516,958.8196474576705,-12.964014410708007,0.0,0.0
other_fossil_ampr,trained,MultiTargetCatBoost,2025-01-08T00:00:00+00:00,8.049134165741581,2.8370996044801777,2.1703027525537535,4.255495593159612,8.312258210644332,1.2065492818292063,6.593372996259008,2.567756412952562,0.0,0.0,0.0
renewables_ampr,trained,MultiTargetCatBoost,2025-01-08T00:00:00+00:00,50179.89244009531,224.0086883138583,143.45022468195302,62.249992466806304,84.623084899628,52.15463409414228,47459.78658260143,217.8526717362021,0.28876893981593144,0.0,0.0
waste_ampr,trained,MultiTargetCatBoost,2025-01-08T00:00:00+00:00,535.2012627975391,23.13441727810621,20.22400910076728,61.637376847034986,85.18286572014682,20.201300593897795,127.10871711252358,11.27425017961388,-5.187306864439745,0.0,0.0
biomass_ampr,trained,MultiTargetCatBoost,2025-01-15T00:00:00+00:00,324.6177651592903,18.01715197136579,16.77269348134383,2.0078333050413026,4.06275771053693,-16.75348835034458,43.938393254158754,6.628604170876305,-31.02045155648065,0.0,0.0
coal_derived_gas_ampr,trained,MultiTargetCatBoost,2025-01-15T00:00:00+00:00,2316.638501709361,48.131471011276616,37.649385193807284,8.628985624226265,16.535143459193996,12.504922923430074,2160.265404388434,46.47865536338626,-0.13159792443614426,0.0,0.0
gas_ampr,trained,MultiTargetCatBoost,2025-01-15T00:00:00+00:00,1020063.5477111102,1009.9819541512167,844.0745762924855,12.915303727666924,28.576816705463404,-827.0068322003344,336123.24720507796,579.7613709148601,0.4644731774970414,0.0,0.0
hard_coal_ampr,trained,MultiTargetCatBoost,2025-01-15T00:00:00+00:00,658799.4581747805,811.6646217341129,632.6033372065345,45.06704317388663,66.01960873755132,565.806429222502,338662.54282526235,581.9471993448051,-11.358355897869355,0.0,0.0
lignite_ampr,trained,MultiTargetCatBoost,2025-01-15T00:00:00+00:00,3503401.256320504,1871.7374966379512,1714.7891855417245,47.66144249200327,74.48244126898685,1714.7891855417245,562899.3054696528,750.2661564202751,-10.496483114764496,0.0,0.0
other_fossil_ampr,trained,MultiTargetCatBoost,2025-01-15T00:00:00+00:00,3.3556501733068296,1.8318433812165356,1.4385886289131216,2.820762017457172,5.6460472048698245,0.05625837532877093,3.3524851685121964,1.83097929221283,0.0,0.0,0.0
renewables_ampr,trained,MultiTargetCatBoost,2025-01-15T00:00:00+00:00,59683.73364806222,244.30254531638064,160.7704922049221,54.35439552327421,79.06057329404604,30.431648114671514,58757.64844108703,242.39976988662144,0.4830540029583218,0.0,0.0
waste_ampr,trained,MultiTargetCatBoost,2025-01-15T00:00:00+00:00,651.2587006829045,25.51977078037545,24.38754565258651,74.63100638033092,105.95444115309658,24.38754565258651,56.50631772591317,7.517068426315752,-85.84805830499816,0.0,0.0
biomass_ampr,trained,MultiTargetCatBoost,2025-01-22T00:00:00+00:00,392.0946782468016,19.80138071566732,18.6058868905613,2.2371013939319706,4.531634478387322,-18.55547893965024,47.78887956699803,6.912950134855453,-28.582578415993915,0.0,0.0
coal_derived_gas_ampr,trained,MultiTargetCatBoost,2025-01-22T00:00:00+00:00,4019.15744413502,63.39682518971293,51.9067793187277,13.159846044045143,24.12408074103666,36.33830247686441,2698.685217234929,51.94887118345238,-0.9578367013607583,0.0,0.0
gas_ampr,trained,MultiTargetCatBoost,2025-01-22T00:00:00+00:00,912488.028497675,955.2423925358814,718.8658867178948,23.193764632961063,44.324520760176924,-174.4633260962814,882050.5763450979,939.175476865265,0.7206662223416824,0.0,0.0
hard_coal_ampr,trained,MultiTargetCatBoost,2025-01-22T00:00:00+00:00,407682.43570964836,638.5001454264896,536.3488345029581,484.607330263769,156.76115002883282,476.4777625418167,180651.3775127925,425.03103123512346,-0.23335334467259106,0.0,0.0
lignite_ampr,trained,MultiTargetCatBoost,2025-01-22T00:00:00+00:00,2038144.5722087724,1427.6360083049083,1235.6635315208944,49.750400364596025,74.9849307433652,1207.782688522679,579405.5495137009,761.186934670913,-1.5513824237894926,0.0,0.0
other_fossil_ampr,trained,MultiTargetCatBoost,2025-01-22T00:00:00+00:00,6.902527200800115,2.627266107724932,2.0997080489958613,4.117074605908182,8.334460667947635,-0.5244482193558911,6.627481266014551,2.574389493844036,0.0,0.0,0.0
renewables_ampr,trained,MultiTargetCatBoost,2025-01-22T00:00:00+00:00,63876.92170995857,252.7388409207389,158.2382954608219,51.78426703138409,81.24876639759435,-22.132829026729528,63387.05958923214,251.76786846067577,0.4209046011096531,0.0,0.0
waste_ampr,trained,MultiTargetCatBoost,2025-01-22T00:00:00+00:00,1314.8937042366906,36.26146307358117,35.1706749316286,131.11472109071875,151.59123695038522,35.1706749316286,77.91732909040248,8.82707930690568,-37.95319898845214,0.0,0.0
biomass_ampr,trained,MultiTargetCatBoost,2025-01-29T00:00:00+00:00,212.45214940890912,14.575738382974261,11.243829148213646,1.344434715581291,2.7186470956648874,-10.23924488325491,107.61001362964723,10.373524648336613,-2.6728504257629084,0.0,0.0
coal_derived_gas_ampr,trained,MultiTargetCatBoost,2025-01-29T00:00:00+00:00,4514.577153615513,67.1906031645461,54.166695781138166,14.546102737967342,26.218108428490666,41.46120753227418,2795.545423581203,52.87291767607688,-0.45210232702384867,0.0,0.0
gas_ampr,trained,MultiTargetCatBoost,2025-01-29T00:00:00+00:00,741765.1090749676,861.2578644488349,665.8172062066571,19.013431370410384,32.53484314107901,494.511881907435,497223.1077273347,705.1404879365067,0.7752876511052066,0.0,0.0
hard_coal_ampr,trained,MultiTargetCatBoost,2025-01-29T00:00:00+00:00,885388.1467459237,940.9506611645074,837.2399799878289,109.98187371836711,131.76299324860784,836.1544038374419,186233.95968917612,431.5483283355135,-10.73388012923646,0.0,0.0
lignite_ampr,trained,MultiTargetCatBoost,2025-01-29T00:00:00+00:00,1423982.594900287,1193.3074184384704,918.553700671472,24.35883015686423,42.196652627360315,444.0422961309095,1226809.0341470765,1107.614117889022,-1.553404038077241,0.0,0.0
other_fossil_ampr,trained,MultiTargetCatBoost,2025-01-29T00:00:00+00:00,8.454821603664866,2.9077175935198496,2.2763971634722893,4.463523849948584,8.939065551815917,-0.12226270235943446,8.439873435276635,2.905146026497917,0.0,0.0,0.0
renewables_ampr,trained,MultiTargetCatBoost,2025-01-29T00:00:00+00:00,29351.575784312707,171.32301592113276,107.38458601334534,41.31233912663297,67.24870136544683,40.07265462138685,27745.758135907752,166.57058004313893,0.5614517440018923,0.0,0.0
waste_ampr,trained,MultiTargetCatBoost,2025-01-29T00:00:00+00:00,341.13317751524147,18.469790944004792,14.858296145153442,38.96442171568009,59.92801764083795,10.684356404016045,226.9777057472028,15.065779294387756,-2.3842056117613732,0.0,0.0
biomass_ampr,trained,MultiTargetCatBoost,2025-02-05T00:00:00+00:00,57.33854590663378,7.572221992693676,6.380116239559636,0.7728873427639572,1.5503757977302532,-3.1376857072594673,47.49347430909343,6.891550936407089,-3.947608378281436,0.0,0.0
coal_derived_gas_ampr,trained,MultiTargetCatBoost,2025-02-05T00:00:00+00:00,11814.615654489444,108.69505809598449,88.99871479021027,17.203285513010275,35.99164085922455,-41.97612999270254,10052.620165325183,100.2627556240361,-0.2931795279724041,0.0,0.0
gas_ampr,trained,MultiTargetCatBoost,2025-02-05T00:00:00+00:00,625521.0165158063,790.8988661743082,662.506750905606,14.436255655209024,31.205979230353343,-406.51265081387345,460268.48124408413,678.4308964397804,0.7448589731286874,0.0,0.0
hard_coal_ampr,trained,MultiTargetCatBoost,2025-02-05T00:00:00+00:00,1442924.9243826298,1201.2181002559985,1040.0619874403794,45.61844669774072,110.97680709286809,-818.5268378981957,772938.7400230106,879.1693466124775,-1.8306406271883389,0.0,0.0
lignite_ampr,trained,MultiTargetCatBoost,2025-02-05T00:00:00+00:00,1460189.7377732252,1208.3831088579586,1021.0450104143595,29.33397141488776,49.87262096015102,836.817347307541,759926.4650183952,871.7376124834784,-5.680995709691459,0.0,0.0
other_fossil_ampr,trained,MultiTargetCatBoost,2025-02-05T00:00:00+00:00,6.169075176725327,2.4837623027828823,1.7672749234410394,3.4652449478094343,6.73276095866979,1.3716904526992724,4.287540478698992,2.070637698560275,0.0,0.0,0.0
renewables_ampr,trained,MultiTargetCatBoost,2025-02-05T00:00:00+00:00,45147.72498719973,212.47994019953913,128.516166809399,46.01215949602266,73.75591004770172,12.65046709612204,44987.690669449665,212.10301900126188,0.3937544919080117,0.0,0.0
waste_ampr,trained,MultiTargetCatBoost,2025-02-05T00:00:00+00:00,128.0055436316821,11.313953492554319,9.879413477669262,23.167841688787515,41.032224641261486,7.324019848848048,74.36427688536187,8.623472437792207,-1.4023854855317648,0.0,0.0
biomass_ampr,trained,MultiTargetLGBM,2025-01-08T00:00:00+00:00,402.04265606757724,20.051001373187756,18.682621020879278,2.2360682984334357,4.530500942039296,-18.630502361820724,54.9470378137696,7.412626917211576,-39.15138055955317,0.0,0.0
coal_derived_gas_ampr,trained,MultiTargetLGBM,2025-01-08T00:00:00+00:00,10301.85737074245,101.49806584729804,89.71883372640083,24.393958966660676,41.913234031036936,85.10187671082218,3059.5279510384694,55.31299983763735,-2.637768863125752,0.0,0.0
gas_ampr,trained,MultiTargetLGBM,2025-01-08T00:00:00+00:00,1196666.1168273876,1093.9223541126617,881.7396672384903,22.16350245481178,40.554736069589076,-62.25741098143637,1192790.131605276,1092.1493174494392,0.581817922025869,0.0,0.0
hard_coal_ampr,trained,MultiTargetLGBM,2025-01-08T00:00:00+00:00,456064.5120388732,675.3254859983246,545.8913934757005,33.94254305076335,55.75090629549254,426.16149990272504,274450.88803953293,523.8806047560197,-1.6518878934319994,0.0,0.0
lignite_ampr,trained,MultiTargetLGBM,2025-01-08T00:00:00+00:00,3925876.6260693884,1981.382503725464,1713.4125658455112,47.42789641113973,72.44122095275185,1673.9817651401468,1123661.6760476683,1060.029092076094,-14.772442346407336,0.0,0.0
other_fossil_ampr,trained,MultiTargetLGBM,2025-01-08T00:00:00+00:00,11.62915945370595,3.410155341579904,2.57702867073616,5.052997393480693,9.931172584680892,1.507797506671978,9.355706132579716,3.0587098804201283,0.0,0.0,0.0
renewables_ampr,trained,MultiTargetLGBM,2025-01-08T00:00:00+00:00,51200.07431264019,226.27433418892252,144.23323038082916,59.997256402806144,83.99245232290686,43.67555068316707,49292.5205851623,222.01918967774452,0.27430926285156043,0.0,0.0
waste_ampr,trained,MultiTargetLGBM,2025-01-08T00:00:00+00:00,439.971959792336,20.975508570529012,17.889740165773688,54.44151982342369,77.26225441564969,17.484770515311546,134.25475981922798,11.586835625796544,-4.086388460211692,0.0,0.0
biomass_ampr,trained,MultiTargetLGBM,2025-01-15T00:00:00+00:00,281.6946252616572,16.783760760379575,15.14971206780552,1.8134017440627619,3.6676603433140995,-15.120493174031905,53.06531143571175,7.284594116058337,-26.786492515237875,0.0,0.0
coal_derived_gas_ampr,trained,MultiTargetLGBM,2025-01-15T00:00:00+00:00,2591.610322982068,50.90786111183682,39.12228380377813,8.810691718851379,17.318715146266396,3.5871291786474573,2578.742827237764,50.78132360659541,-0.2659121655234049,0.0,0.0
gas_ampr,trained,MultiTargetLGBM,2025-01-15T00:00:00+00:00,1118473.9100964013,1057.5792689422394,906.9054614154222,14.082311523111136,31.282486621407564,-864.4381552107434,371220.5859122477,609.278742376794,0.4128083681939203,0.0,0.0
hard_coal_ampr,trained,MultiTargetLGBM,2025-01-15T00:00:00+00:00,855646.507446365,925.0116255736276,723.2166474285833,50.74780179597488,72.03255585999241,682.5111115972985,389825.0899925849,624.3597440519246,-15.05099082972485,0.0,0.0
lignite_ampr,trained,MultiTargetLGBM,2025-01-15T00:00:00+00:00,3894269.7456133193,1973.3904189524483,1797.3225019987508,49.9844432532199,77.17883513544405,1793.5211982537319,677551.4570278169,823.135138982547,-11.779126083263012,0.0,0.0
other_fossil_ampr,trained,MultiTargetLGBM,2025-01-15T00:00:00+00:00,5.508309507078168,2.346978804139093,1.819137163125503,3.566935614029941,7.24021823724786,-0.6380682958131201,5.101178356956308,2.2585788356743954,0.0,0.0,0.0
renewables_ampr,trained,MultiTargetLGBM,2025-01-15T00:00:00+00:00,52208.66969503168,228.49216550033324,139.3130916404743,44.48556572750725,66.70953368024736,17.371504990532667,51906.90050939557,227.83085943171872,0.5477986855034149,0.0,0.0
waste_ampr,trained,MultiTargetLGBM,2025-01-15T00:00:00+00:00,748.6315845680269,27.361132735470346,25.909934240452685,79.30200190795279,110.15633622259693,25.909934240452685,77.30689222344449,8.792433805462768,-98.83313764154039,0.0,0.0
biomass_ampr,trained,MultiTargetLGBM,2025-01-22T00:00:00+00:00,508.43448837969464,22.548491931384117,21.446432119358953,2.5793660928644297,5.233427593764258,-21.434448751738127,48.9988950888064,6.999921077326972,-37.36013074480119,0.0,0.0
coal_derived_gas_ampr,trained,MultiTargetLGBM,2025-01-22T00:00:00+00:00,4520.024264780189,67.23112571406334,56.078977112895785,14.047303503518727,26.161929835491627,32.65263373790268,3453.829774758568,58.769292787633304,-1.2018220285302514,0.0,0.0
gas_ampr,trained,MultiTargetLGBM,2025-01-22T00:00:00+00:00,982442.0993038863,991.1821726120211,771.2422112264101,24.985766346881142,47.583605369070185,-192.95587111992674,945210.1311042366,972.2191785313827,0.6992516566152169,0.0,0.0
hard_coal_ampr,trained,MultiTargetLGBM,2025-01-22T00:00:00+00:00,393607.6873094323,627.3816121862612,520.4621710917163,453.71497803472585,156.07901893408643,405.3709409109084,229282.0875744372,478.83409190912585,-0.19077329585441039,0.0,0.0
lignite_ampr,trained,MultiTargetLGBM,2025-01-22T00:00:00+00:00,2204340.731600947,1484.7022366794452,1273.9186725437137,51.537512564616584,76.08211345778739,1232.9643607569599,684139.6167041291,827.1273279877344,-1.7594294709697538,0.0,0.0
other_fossil_ampr,trained,MultiTargetLGBM,2025-01-22T00:00:00+00:00,10.530522782080771,3.2450766989519324,2.2982950028666935,4.50646078994453,9.256953469810712,-0.6797146401586849,10.068510790034722,3.1730916769035717,0.0,0.0,0.0
renewables_ampr,trained,MultiTargetLGBM,2025-01-22T00:00:00+00:00,68647.96963804902,262.00757553561124,159.84292870230846,51.626175372094565,79.22988308097752,-14.103556993824716,68449.05931817097,261.627711296359,0.37765123464988903,0.0,0.0
waste_ampr,trained,MultiTargetLGBM,2025-01-22T00:00:00+00:00,1492.6547918684041,38.63489086134972,37.2406755535716,138.00386164826517,156.16325459153052,37.2406755535716,105.7868761820189,10.285274725646316,-43.219299964227574,0.0,0.0
biomass_ampr,trained,MultiTargetLGBM,2025-01-29T00:00:00+00:00,186.0758541267951,13.640962360727894,10.84185067518844,1.2970375508457779,2.619581806555333,-9.505601896175982,95.71938671821071,9.783628504711874,-2.2168598056327165,0.0,0.0
coal_derived_gas_ampr,trained,MultiTargetLGBM,2025-01-29T00:00:00+00:00,4913.6641282826795,70.09753296859084,56.32582796424826,15.149320646125245,27.147731765579813,44.80173032484818,2906.4690881822585,53.911678588059736,-0.5804676433935099,0.0,0.0
gas_ampr,trained,MultiTargetLGBM,2025-01-29T00:00:00+00:00,784530.5693014876,885.7373026476234,676.8815305281943,18.87038620233271,32.70647677652085,482.04934606351827,552158.9972612219,743.0740186961335,0.7623321657345716,0.0,0.0
hard_coal_ampr,trained,MultiTargetLGBM,2025-01-29T00:00:00+00:00,890259.7901920794,943.5357916857629,817.4972707212513,106.28334413334673,127.494438383013,817.4972707212513,221958.0025553843,471.1241901615585,-10.798443090057274,0.0,0.0
lignite_ampr,trained,MultiTargetLGBM,2025-01-29T00:00:00+00:00,1651200.961231136,1284.990646359395,991.7572887017423,26.23591802661929,45.627364377722316,368.6164736207376,1515322.8566065477,1230.9845070538247,-1.9608389998473528,0.0,0.0
other_fossil_ampr,trained,MultiTargetLGBM,2025-01-29T00:00:00+00:00,10.860835937232832,3.295578240192885,2.099949395556468,4.11754783439303,8.245505787737283,0.16803419144820844,10.83260044773718,3.291291607824682,0.0,0.0,0.0
renewables_ampr,trained,MultiTargetLGBM,2025-01-29T00:00:00+00:00,35237.73513534012,187.71716792914845,111.93785864559467,39.55667636892076,59.35311065725772,57.5327441155929,31927.71848986984,178.6832910203689,0.473505361262889,0.0,0.0
waste_ampr,trained,MultiTargetLGBM,2025-01-29T00:00:00+00:00,345.60297178821503,18.59039999000062,14.200670679019838,37.55156274980673,56.64363671494973,10.747648403654537,230.09102557963706,15.168751615727547,-2.428548126236794,0.0,0.0
biomass_ampr,trained,MultiTargetLGBM,2025-02-05T00:00:00+00:00,58.2987813865326,7.635363867330266,6.257183468712108,0.7576632254004916,1.5213998292177793,-3.9548585964571106,42.6578748685619,6.5312996308975055,-4.0304648412480155,0.0,0.0
coal_derived_gas_ampr,trained,MultiTargetLGBM,2025-02-05T00:00:00+00:00,12283.97090426566,110.83307676080123,88.44665122978886,17.07243390146395,35.78263479043035,-41.14777684440959,10590.831365028329,102.91176494953494,-0.3445532347528135,0.0,0.0
gas_ampr,trained,MultiTargetLGBM,2025-02-05T00:00:00+00:00,685795.736736305,828.1278504773916,670.7550228047925,14.796122495909463,32.088767384961145,-408.251316173977,519126.5995785206,720.5044063560754,0.7202737815757343,0.0,0.0
hard_coal_ampr,trained,MultiTargetLGBM,2025-02-05T00:00:00+00:00,1390185.9885199869,1179.0614863186681,1047.3671763472728,46.06965840244238,114.39923006085944,-889.2035125508339,599503.1017872458,774.2758563892108,-1.7271806536548229,0.0,0.0
lignite_ampr,trained,MultiTargetLGBM,2025-02-05T00:00:00+00:00,1680184.5955116283,1296.2193469901722,1086.6286223041595,31.3785889067826,53.132897792137314,902.1059539613021,866389.4433391978,930.8004315314845,-6.687566748155174,0.0,0.0
other_fossil_ampr,trained,MultiTargetLGBM,2025-02-05T00:00:00+00:00,8.49998725858492,2.9154737622871725,2.1048494623863325,4.127155808466506,7.9806888755642,1.6807753578525317,5.674981455020612,2.382221957547326,0.0,0.0,0.0
renewables_ampr,trained,MultiTargetLGBM,2025-02-05T00:00:00+00:00,50565.146289963166,224.8669524184538,136.10033818035194,49.308247614991885,73.5015448177013,29.87311468047001,49672.743309250654,222.87382822855324,0.32100913583141344,0.0,0.0
waste_ampr,trained,MultiTargetLGBM,2025-02-05T00:00:00+00:00,189.54400066977848,13.767497981469926,11.937253581167559,27.97653292289755,48.99291940644835,7.878728355071651,127.46964017676848,11.290245355029645,-2.5573284028145435,0.0,0.0
biomass_ampr,trained,MultiTargetElasticNet,2025-01-08T00:00:00+00:00,1914.4300199329195,43.75420002620228,43.57745038558807,5.21371823170797,10.708782805180023,-43.57745038558807,15.435837824529688,3.9288468822963423,-190.19117617221053,0.0,0.0
coal_derived_gas_ampr,trained,MultiTargetElasticNet,2025-01-08T00:00:00+00:00,6808.487459945002,82.51355924904102,70.66762221153081,19.542618385509932,34.26695907049924,63.060059001670844,2831.9164186507937,53.21575348194173,-1.4041978834914768,0.0,0.0
gas_ampr,trained,MultiTargetElasticNet,2025-01-08T00:00:00+00:00,4376823.89624562,2092.086015498794,1696.6596787895548,32.65611213487824,76.83532925340903,-1435.0561860944356,2317437.638997713,1522.3132525855883,-0.5295070915113393,0.0,0.0
hard_coal_ampr,trained,MultiTargetElasticNet,2025-01-08T00:00:00+00:00,274052.8437767352,523.500567121694,424.34939240948614,24.381650236038027,53.67126860219054,-357.54265536880007,146216.09336856264,382.382130032985,-0.593540824571303,0.0,0.0
lignite_ampr,trained,MultiTargetElasticNet,2025-01-08T00:00:00+00:00,282445.01642614015,531.4555639243418,445.5473630482454,12.537993163172887,23.673026625003825,193.85970860623277,244863.4298052467,494.83677087019987,-0.13473961663221967,0.0,0.0
other_fossil_ampr,trained,MultiTargetElasticNet,2025-01-08T00:00:00+00:00,1.7599446964843195,1.3266290726817047,1.3266290726817047,2.6012334760374616,5.271022755916149,-1.3266290726817047,0.0,0.0,0.0,0.0,0.0
renewables_ampr,trained,MultiTargetElasticNet,2025-01-08T00:00:00+00:00,91216.10649525646,302.0200432012029,253.39250016538887,130.34125175717216,154.82032613656068,132.58514254385963,73637.28647188089,271.36191050307866,-0.2928630368415541,0.0,0.0
waste_ampr,trained,MultiTargetElasticNet,2025-01-08T00:00:00+00:00,1634.7966338492206,40.43261843919115,39.3484022556391,113.26238831872995,137.30511179946066,39.3484022556391,86.49987377763607,9.300530833110338,-17.8994106286417,0.0,0.0
biomass_ampr,trained,MultiTargetElasticNet,2025-01-15T00:00:00+00:00,1933.5250720976696,43.97186682525169,43.76320610280674,5.236513971074695,10.757272790005842,-43.76320610280674,18.30686370092829,4.278652089259921,-189.7238375384777,0.0,0.0
coal_derived_gas_ampr,trained,MultiTargetElasticNet,2025-01-15T00:00:00+00:00,2065.21669952117,45.44465534604889,35.24365293814894,7.966103727878865,15.549410868154038,4.241355994152018,2047.2275988520407,45.246299283499866,-0.008787054589932453,0.0,0.0
gas_ampr,trained,MultiTargetElasticNet,2025-01-15T00:00:00+00:00,11959231.238010174,3458.212144737534,3257.988110079021,46.42408704718331,123.09875999898583,-3255.3664214207606,1361820.7002963664,1166.9707366923844,-5.278519724423593,0.0,0.0
hard_coal_ampr,trained,MultiTargetElasticNet,2025-01-15T00:00:00+00:00,85173.53050552781,291.84504536744805,254.172491903478,17.55865424550921,35.8027139751499,-179.31053844919876,53021.26130658621,230.26346064147089,-0.5977620958912317,0.0,0.0
lignite_ampr,trained,MultiTargetElasticNet,2025-01-15T00:00:00+00:00,508547.5740200526,713.1252162278744,628.6787854671953,18.593892924555472,33.23519551525293,509.80284854679604,248648.62963362527,498.6467984792696,-0.6688092998848665,0.0,0.0
other_fossil_ampr,trained,MultiTargetElasticNet,2025-01-15T00:00:00+00:00,1.810002700988054,1.3453634085213013,1.345363408521301,2.6379674678797356,5.34645379122137,-1.345363408521301,0.0,0.0,0.0,0.0,0.0
renewables_ampr,trained,MultiTargetElasticNet,2025-01-15T00:00:00+00:00,115287.44726271856,339.54005251622164,265.8034069345828,104.14633819387366,140.58146199642286,46.78453164160401,113098.65486179432,336.30143452235575,0.0014467807418928613,0.0,0.0
waste_ampr,trained,MultiTargetElasticNet,2025-01-15T00:00:00+00:00,2010.9292249008324,44.843385520061176,44.75969611528821,136.7338633371466,161.3049755117512,44.75969611528821,7.498828567885482,2.7383989059093423,-267.1657817212739,0.0,0.0
biomass_ampr,trained,MultiTargetElasticNet,2025-01-22T00:00:00+00:00,2280.629494252508,47.75593674353491,47.59094978276079,5.721384751175001,11.782063317797665,-47.59094978276079,15.730993027249188,3.9662315902187544,-171.06788205650355,0.0,0.0
coal_derived_gas_ampr,trained,MultiTargetElasticNet,2025-01-22T00:00:00+00:00,3561.5437598092462,59.67867089513008,47.004092386223505,12.14876051290487,22.142394502562745,38.84182591896409,2052.856319090136,45.308457478600346,-0.7349211080626377,0.0,0.0
gas_ampr,trained,MultiTargetElasticNet,2025-01-22T00:00:00+00:00,2788721.91847586,1669.9466813272393,1249.83544507079,41.312970668281615,74.48277218942611,-220.24933206114085,2740212.1502024815,1655.3586167965182,0.14630745390825972,0.0,0.0
hard_coal_ampr,trained,MultiTargetElasticNet,2025-01-22T00:00:00+00:00,578877.0312642235,760.8396882814562,643.7421313804122,685.9162657872808,171.4160969720519,526.9713344604725,301178.2439211722,548.7970881128764,-0.7512648574645799,0.0,0.0
lignite_ampr,trained,MultiTargetElasticNet,2025-01-22T00:00:00+00:00,1257406.5919069827,1121.3414252166833,900.4062378855143,47.14118782142992,65.3817756518732,857.8357110919152,521524.48468241096,722.1665214356111,-0.5740419604639833,0.0,0.0
other_fossil_ampr,trained,MultiTargetElasticNet,2025-01-22T00:00:00+00:00,1.9069429536011062,1.3809210526315783,1.380921052631578,2.7076883386840636,5.489698641959968,-1.380921052631578,0.0,0.0,0.0,0.0,0.0
renewables_ampr,trained,MultiTargetElasticNet,2025-01-22T00:00:00+00:00,110184.0802986834,331.93987452350973,261.4312713645856,109.11559838929585,143.1709746157465,66.6671444235589,105739.57215309174,325.1762170778972,0.0010931612882593145,0.0,0.0
waste_ampr,trained,MultiTargetElasticNet,2025-01-22T00:00:00+00:00,2314.794134648235,48.112307517393454,47.75704311170122,177.7326862100711,181.96136309674534,47.75704311170122,34.05896787534517,5.83600615792557,-67.57484848678196,0.0,0.0
biomass_ampr,trained,MultiTargetElasticNet,2025-01-29T00:00:00+00:00,1955.377008598002,44.21964505282694,43.384849691093805,5.208267966317276,10.705475485739997,-43.384849691093805,73.13182587919925,8.551714791736172,-32.80435217312519,0.0,0.0
coal_derived_gas_ampr,trained,MultiTargetElasticNet,2025-01-29T00:00:00+00:00,5214.523018281291,72.21165431065329,56.00377183036959,15.333081201118684,27.074937519428698,45.88604584377613,3108.9938151041665,55.758351976221164,-0.6772381446846263,0.0,0.0
gas_ampr,trained,MultiTargetElasticNet,2025-01-29T00:00:00+00:00,3558343.723457968,1886.3572629430428,1428.52834646873,27.92191992647604,63.615529660488576,-1099.9516666797724,2348450.0544263595,1532.4653517865777,-0.07797437017554842,0.0,0.0
hard_coal_ampr,trained,MultiTargetElasticNet,2025-01-29T00:00:00+00:00,258991.50291851867,508.91207778801896,475.2022901797844,73.53960025584661,95.43164459158656,444.08747811352157,61777.8147012912,248.55143270818456,-2.432364958697347,0.0,0.0
lignite_ampr,trained,MultiTargetElasticNet,2025-01-29T00:00:00+00:00,436088.1055924156,660.3696734348237,585.7984233686703,15.362239225304434,30.10215743412673,-182.05967511438556,402942.38028966007,634.7774257877008,0.2180317836995046,0.0,0.0
other_fossil_ampr,trained,MultiTargetElasticNet,2025-01-29T00:00:00+00:00,1.62007757906083,1.2728226817042623,1.2728226817042625,2.495730748630919,5.054535292623838,-1.2728226817042625,0.0,0.0,0.0,0.0,0.0
renewables_ampr,trained,MultiTargetElasticNet,2025-01-29T00:00:00+00:00,77552.51314324656,278.4825185595077,239.18640814476635,116.13787060554483,144.69480471281,111.37450657894736,65148.23242754256,255.24151783662188,-0.15872890904271042,0.0,0.0
waste_ampr,trained,MultiTargetElasticNet,2025-01-29T00:00:00+00:00,963.2657478439824,31.036522805301214,29.24495188977811,72.77598379202323,99.69883122098092,29.24495188977811,107.99853680854613,10.392234447343176,-8.556060695167865,0.0,0.0
biomass_ampr,trained,MultiTargetElasticNet,2025-02-05T00:00:00+00:00,1469.187616044647,38.3299832512962,38.034051571203086,4.6055302294882114,9.431532578016107,-38.034051571203086,22.59853712371065,4.753791867941912,-125.7727467356099,0.0,0.0
coal_derived_gas_ampr,trained,MultiTargetElasticNet,2025-02-05T00:00:00+00:00,11003.870702931574,104.89933604619037,86.29924066117675,16.515112129538828,34.736898261587605,-43.21772921888053,9136.098584095096,95.58294086339411,-0.20443870013487575,0.0,0.0
gas_ampr,trained,MultiTargetElasticNet,2025-02-05T00:00:00+00:00,4067172.409123623,2016.7231860430481,1669.4639302066648,30.361092060746614,73.30333473705049,-1541.9052010295843,1689700.76016154,1299.8849026592854,-0.6589411347144554,0.0,0.0
hard_coal_ampr,trained,MultiTargetElasticNet,2025-02-05T00:00:00+00:00,1479804.819764348,1216.472284831984,1040.801099199616,41.12088853713981,107.39921441242468,-997.6523894671637,484494.52955480665,696.0564126238668,-1.9029893186759521,0.0,0.0
lignite_ampr,trained,MultiTargetElasticNet,2025-02-05T00:00:00+00:00,253423.45314268948,503.4118126769469,409.41947375367107,12.712064311140454,23.263926916545262,278.3327632885113,175954.32602287104,419.4691002003259,-0.15952123164726228,0.0,0.0
other_fossil_ampr,trained,MultiTargetElasticNet,2025-02-05T00:00:00+00:00,1.4952570021545035,1.2228070175438575,1.2228070175438575,2.3976608189048263,4.853506954720322,-1.2228070175438575,0.0,0.0,0.0,0.0,0.0
renewables_ampr,trained,MultiTargetElasticNet,2025-02-05T00:00:00+00:00,88550.96480298441,297.5751414399133,248.5785073267301,127.39178038789956,151.31971963054153,112.22537593984964,75956.42979814384,275.60194084611203,-0.18906599755007414,0.0,0.0
waste_ampr,trained,MultiTargetElasticNet,2025-02-05T00:00:00+00:00,955.8823257106322,30.917346679665645,30.067769362949008,71.66201948297095,102.71334358110506,30.067769362949008,51.81157124713735,7.198025510314433,-16.939831041779964,0.0,0.0
biomass_ampr,forecast,MultiTargetCatBoost,2025-01-11T00:00:00+00:00,41.9526305700385,6.477085036498942,5.479525190240585,0.6554257458932955,1.3165509568587026,-4.863067141622987,18.303208546105328,4.278224929349242,-3.515029667031838,0.0,0.0
coal_derived_gas_ampr,forecast,MultiTargetCatBoost,2025-01-11T00:00:00+00:00,1081.1702639085022,32.88115362800554,26.28956051806327,6.165797353746219,12.033844412360112,7.9043545413674465,1018.6914431928661,31.916946019205316,0.5288372295641398,0.0,0.0
gas_ampr,forecast,MultiTargetCatBoost,2025-01-11T00:00:00+00:00,482124.27545811626,694.3516943582094,515.2656310013841,10.867106243397025,20.75014729180134,-140.3869991539034,462415.7659266782,680.0115924943326,0.8494004665516878,0.0,0.0
hard_coal_ampr,forecast,MultiTargetCatBoost,2025-01-11T00:00:00+00:00,104531.4223735358,323.3131954831658,250.13035936470806,18.294025432648866,32.18450512614599,162.56712018674406,78103.35380772452,279.469772619016,-0.23361833871048265,0.0,0.0
lignite_ampr,forecast,MultiTargetCatBoost,2025-01-11T00:00:00+00:00,495128.47363098554,703.6536602839393,520.8460355996262,14.641880212959732,25.834899605816897,442.65545131612055,299184.6250511072,546.9777189713556,-1.1251143024888894,0.0,0.0
other_fossil_ampr,forecast,MultiTargetCatBoost,2025-01-11T00:00:00+00:00,1.4787043920986223,1.2160198979040688,0.9663699368164713,1.8948430133175624,3.7685025384354316,0.27063761516911305,1.4054596733541973,1.185520844757357,0.0,0.0,0.0
renewables_ampr,forecast,MultiTargetCatBoost,2025-01-11T00:00:00+00:00,35923.55180564299,189.53509386296508,116.83878093229711,43.79706642647589,67.53341244401581,13.363051012066162,35744.98067329191,189.06343029071462,0.6708801207011279,0.0,0.0
waste_ampr,forecast,MultiTargetCatBoost,2025-01-11T00:00:00+00:00,96.94065496438895,9.845844553129455,8.170894335803641,25.5313006725583,43.40966797993981,7.451263346981725,41.41932949831564,6.435785072414681,-3.710689141374603,0.0,0.0
biomass_ampr,forecast,MultiTargetCatBoost,2025-01-18T00:00:00+00:00,75.49485341689554,8.688777440865634,7.463966033741131,0.8948005707749005,1.8004621378011954,-7.267400334930959,22.679745788740938,4.762325670167984,-6.997354852132755,0.0,0.0
coal_derived_gas_ampr,forecast,MultiTargetCatBoost,2025-01-18T00:00:00+00:00,682.3194269094768,26.121244742727647,21.464705782035864,4.87321354447281,9.605965562086494,5.335116120425449,653.8559628910533,25.570607401683937,0.555381171762902,0.0,0.0
gas_ampr,forecast,MultiTargetCatBoost,2025-01-18T00:00:00+00:00,546815.8410836909,739.4699730778058,592.1971308033701,11.05776542850781,23.927836295988975,-540.8554645553174,254291.20754434267,504.272949447363,0.853917788250206,0.0,0.0
hard_coal_ampr,forecast,MultiTargetCatBoost,2025-01-18T00:00:00+00:00,77564.74022450484,278.5044707441962,227.57195423045164,19.423500082923447,36.651039967589924,-26.18368059716942,76879.15509489026,277.27090560477177,0.5637078434722305,0.0,0.0
lignite_ampr,forecast,MultiTargetCatBoost,2025-01-18T00:00:00+00:00,613227.966836711,783.0887349698698,668.3518801016406,24.06586719335657,40.6422911777928,638.5592309314937,205470.07542889038,453.2880711301483,0.09980643255243504,0.0,0.0
other_fossil_ampr,forecast,MultiTargetCatBoost,2025-01-18T00:00:00+00:00,2.366465268109916,1.5383319759108942,1.1874308393127966,2.32829576333285,4.626838500752503,0.33731981005657635,2.2526806138533106,1.500893271972831,0.0,0.0,0.0
renewables_ampr,forecast,MultiTargetCatBoost,2025-01-18T00:00:00+00:00,19452.66798333355,139.4728216654899,93.35894838228685,37.91284644770661,61.15502193811913,14.754316106528956,19234.978139562176,138.6902236625285,0.7309709765926288,0.0,0.0
waste_ampr,forecast,MultiTargetCatBoost,2025-01-18T00:00:00+00:00,211.1970393123774,14.532619836504958,12.57332676675136,42.83714615057902,66.47618655644608,12.17967876652584,62.852464456617014,7.927954619989762,-12.122635738194072,0.0,0.0
biomass_ampr,forecast,MultiTargetCatBoost,2025-01-25T00:00:00+00:00,123.75429458823416,11.124490756355284,9.578323863895488,1.1519295146542072,2.321678623132198,-9.27134711488238,37.79641726359633,6.147879086611604,-7.424189679406052,0.0,0.0
coal_derived_gas_ampr,forecast,MultiTargetCatBoost,2025-01-25T00:00:00+00:00,3125.6139169954404,55.90719020837517,47.46461732578608,13.07589509679397,24.03267500526666,36.8543165104872,1767.3732715402716,42.04013881447434,-0.10944134380934045,0.0,0.0
gas_ampr,forecast,MultiTargetCatBoost,2025-01-25T00:00:00+00:00,267686.86366720987,517.3846380278504,405.28086888747396,15.774125223533343,28.633690369969838,206.90232552957872,224878.2913576621,474.2133394978067,0.8891224715509519,0.0,0.0
hard_coal_ampr,forecast,MultiTargetCatBoost,2025-01-25T00:00:00+00:00,335612.1134977395,579.3203893336912,467.26660023454923,340.68819509716326,151.58004282932882,444.15316465397746,138340.07982559627,371.9409628228602,-0.3945773981245364,0.0,0.0
lignite_ampr,forecast,MultiTargetCatBoost,2025-01-25T00:00:00+00:00,950168.7233425718,974.7659838866823,762.1954456101631,25.752784096395427,43.5692963523916,724.3016471716089,425555.84724706586,652.3464165970913,-0.757905821941615,0.0,0.0
other_fossil_ampr,forecast,MultiTargetCatBoost,2025-01-25T00:00:00+00:00,3.8722729393636515,1.9678091724970823,1.5427593629890932,3.0250183588125528,6.0966917286093585,-0.2893637453106909,3.788541562263421,1.9464176227786834,0.0,0.0,0.0
renewables_ampr,forecast,MultiTargetCatBoost,2025-01-25T00:00:00+00:00,38004.84164763305,194.94830506478647,117.99429394573902,33.37070276916131,56.94070008551727,-15.527633450184226,37763.73424706977,194.32893311874525,0.6674306230593225,0.0,0.0
waste_ampr,forecast,MultiTargetCatBoost,2025-01-25T00:00:00+00:00,372.0055360070536,19.287445035749386,17.69778284682504,63.25430875968133,88.93836619251122,17.636751706422316,60.950525253063105,7.807081737311523,-5.181385930835477,0.0,0.0
biomass_ampr,forecast,MultiTargetCatBoost,2025-02-01T00:00:00+00:00,83.94424681274475,9.162109299323205,6.543735935965634,0.7845855487610955,1.5793425356550201,-3.998050146833138,67.95984183615226,8.24377594529062,-0.3412694062463746,0.0,0.0
coal_derived_gas_ampr,forecast,MultiTargetCatBoost,2025-02-01T00:00:00+00:00,6647.269133427249,81.5307864148706,54.02314890070172,11.608757544208686,22.875463875251846,5.633973330945522,6615.527477933441,81.33589292516214,-0.06950120761328882,0.0,0.0
gas_ampr,forecast,MultiTargetCatBoost,2025-02-01T00:00:00+00:00,384141.23484027456,619.7912832883942,475.8777573328622,10.964878749863233,21.16424049143381,-3.461005677799286,384129.2562799728,619.7816198307052,0.8841229385762881,0.0,0.0
hard_coal_ampr,forecast,MultiTargetCatBoost,2025-02-01T00:00:00+00:00,455128.25172355335,674.6319379658462,547.5383902517323,48.504906493559155,80.40738011527088,170.39951621884842,426092.2565959358,652.7574255387186,-0.09867762732180907,0.0,0.0
lignite_ampr,forecast,MultiTargetCatBoost,2025-02-01T00:00:00+00:00,997598.8597847562,998.7987083415537,760.3799497649486,18.341453255231137,33.67046444205271,250.0442974557855,935076.7090945989,966.9936448056931,-3.287806585857126,0.0,0.0
other_fossil_ampr,forecast,MultiTargetCatBoost,2025-02-01T00:00:00+00:00,3.837361596838552,1.9589184763125167,1.431458166597088,2.806780718735284,5.524278913348322,0.7657038910227162,3.251059148111225,1.8030693686353905,0.0,0.0,0.0
renewables_ampr,forecast,MultiTargetCatBoost,2025-02-01T00:00:00+00:00,29871.989394510547,172.8351509228101,106.18972951226844,39.98760444877703,64.31941828741407,30.586185929442816,28936.474624800096,170.10724448065136,0.6064523606739365,0.0,0.0
waste_ampr,forecast,MultiTargetCatBoost,2025-02-01T00:00:00+00:00,91.02809853564911,9.540864663941582,7.762053343092786,16.903259530456502,31.179237175995578,2.961067214494348,82.2601794868958,9.069739769524581,-0.7925996017829593,0.0,0.0
biomass_ampr,forecast,MultiTargetCatBoost,2025-02-08T00:00:00+00:00,41.488960747132296,6.4411924941839995,5.364062133246738,0.6498825313363026,1.3012760912746997,-1.110991428035791,40.254658793963294,6.344655924001182,-3.313432217142619,0.0,0.0
coal_derived_gas_ampr,forecast,MultiTargetCatBoost,2025-02-08T00:00:00+00:00,9296.12988695285,96.41643992054908,84.0581380725356,14.962833501976672,33.077787343879145,-83.32148477027678,2353.6600626293853,48.51453455027045,-2.927879286111327,0.0,0.0
gas_ampr,forecast,MultiTargetCatBoost,2025-02-08T00:00:00+00:00,846306.9106316786,919.9494065608601,757.4692993251615,14.461524933237765,31.545170219075153,-569.7942938459952,521641.3733322224,722.2474460544823,0.7342359888904129,0.0,0.0
hard_coal_ampr,forecast,MultiTargetCatBoost,2025-02-08T00:00:00+00:00,1606705.3903770645,1267.558831130557,1133.4976544151425,40.869934494082635,107.11944602938684,-1087.902554954526,423173.42130047915,650.5178101331885,-2.358744959928253,0.0,0.0
lignite_ampr,forecast,MultiTargetCatBoost,2025-02-08T00:00:00+00:00,2380583.5458792164,1542.9139787684912,1337.882487538768,42.042737823836276,66.13540316551446,1267.7157916968147,773480.217361735,879.4772409572262,-12.562496102254444,0.0,0.0
other_fossil_ampr,forecast,MultiTargetCatBoost,2025-02-08T00:00:00+00:00,7.527832815734352,2.7436896354606786,2.0861529422625735,4.090495965149686,8.00448176692526,1.0412256413813936,6.443681979464259,2.538440856010685,0.0,0.0,0.0
renewables_ampr,forecast,MultiTargetCatBoost,2025-02-08T00:00:00+00:00,50441.90197986855,224.59274694403769,138.94624779487594,44.982487751082395,73.59830313624892,-2.494642357913907,50435.678739374634,224.57889201653532,0.49688711935796537,0.0,0.0
waste_ampr,forecast,MultiTargetCatBoost,2025-02-08T00:00:00+00:00,91.56102383270978,9.568752470030239,7.967091586678707,17.442863080741862,32.64376657021233,2.6929758973947835,84.30890464876055,9.181988055359282,-0.5938300039464783,0.0,0.0
biomass_ampr,forecast,MultiTargetLGBM,2025-01-11T00:00:00+00:00,69.72569824590863,8.350191509534895,7.023961522893411,0.8403065706994041,1.6903851591172157,-6.645279651954034,25.5659565932343,5.056278927554759,-6.5040251792844455,0.0,0.0
coal_derived_gas_ampr,forecast,MultiTargetLGBM,2025-01-11T00:00:00+00:00,622.3753510312216,24.947451794346083,20.03874336475243,4.626478569743359,9.13686782884875,4.320367923773411,603.7097720344515,24.570506141193988,0.7287752868981255,0.0,0.0
gas_ampr,forecast,MultiTargetLGBM,2025-01-11T00:00:00+00:00,270454.9027065266,520.0527883845318,410.3269064794324,8.45618125780921,16.303343833840415,-110.33477796542844,258281.1394778462,508.2136750205038,0.9155189144381717,0.0,0.0
hard_coal_ampr,forecast,MultiTargetLGBM,2025-01-11T00:00:00+00:00,73150.11314586215,270.46277589691,210.8798024697149,15.808973873538529,28.650290869798518,78.92217928395294,66921.40276293375,258.69171375004214,0.1367254074758656,0.0,0.0
lignite_ampr,forecast,MultiTargetLGBM,2025-01-11T00:00:00+00:00,280794.76932235126,529.9007164765408,402.4271561859143,11.090940552659823,20.414195621604772,287.14470627561144,198342.68698024412,445.3568086155685,-0.2051841332714941,0.0,0.0
other_fossil_ampr,forecast,MultiTargetLGBM,2025-01-11T00:00:00+00:00,2.8761055851374926,1.6959084837152896,1.2794376104853153,2.508701196971422,4.968705677439405,0.4794475111632897,2.64623566917682,1.6267254436987268,0.0,0.0,0.0
renewables_ampr,forecast,MultiTargetLGBM,2025-01-11T00:00:00+00:00,21176.079719583195,145.52003202165398,90.71199410956031,34.78980148255763,54.93699748072254,16.97936847113339,20887.780765904674,144.5260556643842,0.8059916558630005,0.0,0.0
waste_ampr,forecast,MultiTargetLGBM,2025-01-11T00:00:00+00:00,65.78217707164734,8.110621250659369,6.671985833892037,20.645062716836364,36.042744538174425,6.13836954356446,28.10259641828756,5.30118820815556,-2.196588545241667,0.0,0.0
biomass_ampr,forecast,MultiTargetLGBM,2025-01-18T00:00:00+00:00,103.35751358018814,10.166489737376818,8.726049755034136,1.0456848070283842,2.106292254160345,-8.617734656062334,29.092162977890357,5.393715136887594,-9.948914731582311,0.0,0.0
coal_derived_gas_ampr,forecast,MultiTargetLGBM,2025-01-18T00:00:00+00:00,435.994000821299,20.8804693630507,16.63302274446317,3.7367260055066978,7.421002158302558,2.813235870735111,428.0797047569082,20.690087113323333,0.7158938554019971,0.0,0.0
gas_ampr,forecast,MultiTargetLGBM,2025-01-18T00:00:00+00:00,307152.0019398435,554.2129572103521,460.9514622121402,8.937659434601915,18.965807555850333,-406.59880972490515,141829.40987013388,376.60245600650813,0.9179441405760554,0.0,0.0
hard_coal_ampr,forecast,MultiTargetLGBM,2025-01-18T00:00:00+00:00,67539.2428714454,259.8831331030265,205.5880863878628,18.695579346879303,34.69684416531504,-33.337274876586626,66427.8689752483,257.7360451610296,0.6201000372418406,0.0,0.0
lignite_ampr,forecast,MultiTargetLGBM,2025-01-18T00:00:00+00:00,466330.26788773946,682.8837879813369,563.2548288444426,20.795999618752457,35.454367353770586,528.2614420503068,187270.11673066983,432.7471741452159,0.31544624485395834,0.0,0.0
other_fossil_ampr,forecast,MultiTargetLGBM,2025-01-18T00:00:00+00:00,3.044761186371004,1.7449244070649605,1.2206025824055975,2.3933383968386814,4.79452260121659,0.267699962301191,2.9730979165549445,1.7242673564604025,0.0,0.0,0.0
renewables_ampr,forecast,MultiTargetLGBM,2025-01-18T00:00:00+00:00,15395.304861579134,124.0778177660259,83.17399867541556,34.42098892293319,54.920442308743745,19.091222453628543,15030.830086805207,122.60028583492458,0.7870840218155195,0.0,0.0
waste_ampr,forecast,MultiTargetLGBM,2025-01-18T00:00:00+00:00,133.30393509724416,11.54573233265193,9.582757529251905,33.02404824959089,53.129689089067575,9.05759097457838,51.26398083448045,7.159886928889342,-7.282781749424268,0.0,0.0
biomass_ampr,forecast,MultiTargetLGBM,2025-01-25T00:00:00+00:00,166.2089787261209,12.892206123318108,11.718874371202064,1.409796173470634,2.8438022602661133,-11.600893016096531,31.628259955203642,5.623900777503426,-10.31416059432921,0.0,0.0
coal_derived_gas_ampr,forecast,MultiTargetLGBM,2025-01-25T00:00:00+00:00,1785.9944262793738,42.261027274302904,33.812405055033324,9.270520689296987,17.33569971902322,25.603229709866874,1130.4690547031637,33.62244867202809,0.36605860194272,0.0,0.0
gas_ampr,forecast,MultiTargetLGBM,2025-01-25T00:00:00+00:00,255649.5455343436,505.61798379245135,395.75447473239774,15.473275565678133,28.407628732614814,198.8763555415697,216097.74074084676,464.86314194701083,0.8941084019976039,0.0,0.0
hard_coal_ampr,forecast,MultiTargetLGBM,2025-01-25T00:00:00+00:00,250463.96567474626,500.46375061011787,411.373177011747,325.6467263444944,144.55416417962468,388.4894320609782,99539.92685168482,315.49948787864116,-0.04075917264825857,0.0,0.0
lignite_ampr,forecast,MultiTargetLGBM,2025-01-25T00:00:00+00:00,745084.9081128158,863.1830096293693,676.3266238051408,22.791456673452558,39.271180250827136,622.5951154692457,357460.23030665255,597.8797791418042,-0.37848054312362756,0.0,0.0
other_fossil_ampr,forecast,MultiTargetLGBM,2025-01-25T00:00:00+00:00,5.550680836884622,2.355988293027922,1.7660099799605098,3.4627646665987855,7.038863758779031,-0.4845524765617321,5.315889734342514,2.305621333684808,0.0,0.0,0.0
renewables_ampr,forecast,MultiTargetLGBM,2025-01-25T00:00:00+00:00,27238.29905017246,165.04029523171747,103.41945457851673,29.61188536352538,52.77690434953768,-12.28806398614037,27087.302533644983,164.58220600552474,0.7616455232723257,0.0,0.0
waste_ampr,forecast,MultiTargetLGBM,2025-01-25T00:00:00+00:00,245.76691515260825,15.676954906888271,13.636727574347317,47.190701960811374,71.31117740163633,13.260167507297828,69.93487283101118,8.362707266849126,-3.0837568383938345,0.0,0.0
biomass_ampr,forecast,MultiTargetLGBM,2025-02-01T00:00:00+00:00,87.1433490112467,9.33506020394334,7.19954641213946,0.8639799815438417,1.7390801285038302,-5.457327139621744,57.36092950239466,7.5736998555788215,-0.39238497484368207,0.0,0.0
coal_derived_gas_ampr,forecast,MultiTargetLGBM,2025-02-01T00:00:00+00:00,6905.970871860627,83.10217128246786,52.55501618472948,11.231729802330188,22.182634266900862,4.965932216722303,6881.3103890795455,82.9536641088237,-0.11112458950327442,0.0,0.0
gas_ampr,forecast,MultiTargetLGBM,2025-02-01T00:00:00+00:00,335542.26291188155,579.2600995337773,442.3760584497109,10.165939498187068,19.98173844606235,-13.285422647671112,335365.76045695425,579.1077278511782,0.89878292699856,0.0,0.0
hard_coal_ampr,forecast,MultiTargetLGBM,2025-02-01T00:00:00+00:00,453837.000105728,673.6742537055487,549.7680082259831,46.32029856834792,81.84911148972782,59.24322583413654,450327.24029849353,671.0642594405498,-0.09556055151213272,0.0,0.0
lignite_ampr,forecast,MultiTargetLGBM,2025-02-01T00:00:00+00:00,1033134.3101237504,1016.4321473289549,749.0764791823512,18.1356585217176,33.41623560268537,245.9888521970174,972623.794718544,986.2169105823242,-3.440542464111651,0.0,0.0
other_fossil_ampr,forecast,MultiTargetLGBM,2025-02-01T00:00:00+00:00,5.506386670848685,2.3465691276518332,1.687747920716272,3.309309648407769,6.527041839760603,0.7184638676955257,4.990196341664672,2.2338747372367753,0.0,0.0,0.0
renewables_ampr,forecast,MultiTargetLGBM,2025-02-01T00:00:00+00:00,30446.13429206417,174.48820674207232,99.17068806123349,35.6663176429179,53.79569127495009,37.08192869337214,29071.06485644383,170.50238959159438,0.598888305730048,0.0,0.0
waste_ampr,forecast,MultiTargetLGBM,2025-02-01T00:00:00+00:00,119.31025243720723,10.922923255118441,8.707138236543468,19.316503299366467,35.48192988635934,3.748522821148241,105.25882909653804,10.259572559153623,-1.3495548566666202,0.0,0.0
biomass_ampr,forecast,MultiTargetLGBM,2025-02-08T00:00:00+00:00,39.88453225710782,6.315420196400855,4.854165247836286,0.5879165380701563,1.1786762156542627,-1.8846687088679968,36.33255611492166,6.027649302582364,-3.1466265557245654,0.0,0.0
coal_derived_gas_ampr,forecast,MultiTargetLGBM,2025-02-08T00:00:00+00:00,9574.776297559089,97.85078588115216,83.92038214737399,14.91679350044994,33.04274310970718,-82.32663743049291,2797.1010669472516,52.88762678497922,-3.0456153201038854,0.0,0.0
gas_ampr,forecast,MultiTargetLGBM,2025-02-08T00:00:00+00:00,944178.7364873843,971.6886005749909,769.4515504277684,14.848946421603038,32.64990334730109,-571.9357932730982,617068.1848604562,785.5368768303982,0.7035015015699477,0.0,0.0
hard_coal_ampr,forecast,MultiTargetLGBM,2025-02-08T00:00:00+00:00,1702290.0678927025,1304.7183864316094,1186.7042311032162,43.08065439014162,113.70320953723008,-1156.7602488979137,364195.79446233885,603.4863664262341,-2.5585604057310913,0.0,0.0
lignite_ampr,forecast,MultiTargetLGBM,2025-02-08T00:00:00+00:00,2705138.050662116,1644.7303884412534,1428.9226835926315,44.691560108892084,69.69891971654,1369.7342226577052,828966.2099424081,910.4758151331688,-14.411525603322216,0.0,0.0
other_fossil_ampr,forecast,MultiTargetLGBM,2025-02-08T00:00:00+00:00,9.460470643163585,3.075787808540047,2.2866994335138435,4.483724379332076,8.64932134595703,1.8375246089756572,6.083973954572446,2.466571295254294,0.0,0.0,0.0
renewables_ampr,forecast,MultiTargetLGBM,2025-02-08T00:00:00+00:00,47353.18947328937,217.60788008086786,132.41503870638007,44.45934675803076,69.33125313812873,10.420729229385458,47244.597875617204,217.3582247710383,0.5276942655135628,0.0,0.0
waste_ampr,forecast,MultiTargetLGBM,2025-02-08T00:00:00+00:00,129.97898276127603,11.400832546848324,9.236862971280587,20.272497678477443,38.06209662552534,1.9380643856851374,126.22288919821492,11.23489604750373,-1.2625828538775599,0.0,0.0
biomass_ampr,forecast,MultiTargetElasticNet,2025-01-11T00:00:00+00:00,2012.6024401419188,44.8620378509706,44.66616684229294,5.34098293136431,10.977612727677567,-44.66616684229294,17.535979758369802,4.187598328203149,-215.60047538642564,0.0,0.0
coal_derived_gas_ampr,forecast,MultiTargetElasticNet,2025-01-11T00:00:00+00:00,2721.469577310916,52.16770626844654,43.74798967284282,10.48847041826116,19.90092512232547,20.658758876357567,2294.6852589994332,47.902873181046594,-0.18598817272987422,0.0,0.0
gas_ampr,forecast,MultiTargetElasticNet,2025-01-11T00:00:00+00:00,7933737.888489951,2816.689171436911,2472.5391252379377,37.83449096883291,95.73072077244683,-2360.7175263316885,2360750.6493603433,1536.4734457062195,-1.47823493926429,0.0,0.0
hard_coal_ampr,forecast,MultiTargetElasticNet,2025-01-11T00:00:00+00:00,114346.95018077327,338.1522588727943,285.9980993332051,19.413383366674836,40.30091493295285,-189.07813821492397,78596.40782995136,280.35050888120634,-0.3494554222609345,0.0,0.0
lignite_ampr,forecast,MultiTargetElasticNet,2025-01-11T00:00:00+00:00,261171.34825660355,511.04926206443497,446.40868932407267,12.238834083881093,23.14567208754662,223.71135776606266,211124.57666306826,459.48294490989355,-0.12095950271295686,0.0,0.0
other_fossil_ampr,forecast,MultiTargetElasticNet,2025-01-11T00:00:00+00:00,1.4952570021545035,1.2228070175438575,1.2228070175438575,2.3976608189048263,4.853506954720322,-1.2228070175438575,0.0,0.0,0.0,0.0,0.0
renewables_ampr,forecast,MultiTargetElasticNet,2025-01-11T00:00:00+00:00,116698.03604734274,341.6109425169849,264.74677386670305,116.69405724463677,148.37967215253786,81.72388784461153,110019.24220290408,331.69148647938505,-0.06914939107673868,0.0,0.0
waste_ampr,forecast,MultiTargetElasticNet,2025-01-11T00:00:00+00:00,1682.3556435948406,41.01652890719595,40.77508234414491,127.4685379135126,153.40395502415777,40.77508234414491,19.748303423042405,4.443906324737551,-80.7516083950924,0.0,0.0
biomass_ampr,forecast,MultiTargetElasticNet,2025-01-18T00:00:00+00:00,2081.574041141927,45.624270308049056,45.33826759854886,5.430928132950869,11.16893570679214,-45.33826759854886,26.015532304302116,5.1005423539366985,-219.50623988991552,0.0,0.0
coal_derived_gas_ampr,forecast,MultiTargetElasticNet,2025-01-18T00:00:00+00:00,1683.1403486480506,41.02609350947334,32.85918584904722,7.504918582827969,14.612349393767904,12.187032685881377,1534.6165829613096,39.17418260744326,-0.09678232813054755,0.0,0.0
gas_ampr,forecast,MultiTargetElasticNet,2025-01-18T00:00:00+00:00,7842021.086950907,2800.360885127291,2402.6520435673488,38.26998754366437,96.26266271044696,-2272.97142956008,2675621.967354512,1635.7328532968065,-1.0950010934211005,0.0,0.0
hard_coal_ampr,forecast,MultiTargetElasticNet,2025-01-18T00:00:00+00:00,164584.39470375344,405.69002292853276,358.6395119182196,40.02823892801522,59.905735299485464,-120.83993032519629,149982.10594275515,387.2752328031773,0.07423295316558753,0.0,0.0
lignite_ampr,forecast,MultiTargetElasticNet,2025-01-18T00:00:00+00:00,905887.8400538226,951.781403502833,731.9343080303532,32.74575828453358,47.74538454979393,674.8496539534298,450465.7846127588,671.1674788104373,-0.3298062882747852,0.0,0.0
other_fossil_ampr,forecast,MultiTargetElasticNet,2025-01-18T00:00:00+00:00,1.4952570021545035,1.2228070175438575,1.2228070175438575,2.3976608189048263,4.853506954720322,-1.2228070175438575,0.0,0.0,0.0,0.0,0.0
renewables_ampr,forecast,MultiTargetElasticNet,2025-01-18T00:00:00+00:00,82722.2721545788,287.61479821903947,241.38563574217758,114.4143033740637,144.19075066247967,102.9247807017544,72128.76167207456,268.5679833339681,-0.14404317756578422,0.0,0.0
waste_ampr,forecast,MultiTargetElasticNet,2025-01-18T00:00:00+00:00,1872.9641216549544,43.27775550620612,43.05697219383946,142.53881452564298,163.97114821073572,43.05697219383946,19.061267153889975,4.36592111173461,-115.37580715717988,0.0,0.0
biomass_ampr,forecast,MultiTargetElasticNet,2025-01-25T00:00:00+00:00,2292.412717269336,47.8791469981383,47.72527026372146,5.741164588406159,11.823836950071863,-47.72527026372146,14.711295524079771,3.835530670465271,-155.04888394390773,0.0,0.0
coal_derived_gas_ampr,forecast,MultiTargetElasticNet,2025-01-25T00:00:00+00:00,7264.248173960651,85.23055892085098,71.45390171236625,20.068052513773132,35.0102929777515,66.68554459064327,2817.2863166099773,53.07811523226854,-1.5784557753795054,0.0,0.0
gas_ampr,forecast,MultiTargetElasticNet,2025-01-25T00:00:00+00:00,1702171.5587582772,1304.6729700420244,1028.6629618648672,39.51539809027324,66.53776307700564,98.93805450199129,1692382.8201296378,1300.916146463575,0.2949501785563333,0.0,0.0
hard_coal_ampr,forecast,MultiTargetElasticNet,2025-01-25T00:00:00+00:00,590174.4460677558,768.2281211123137,669.5796662480049,685.5269836149646,180.41917909975058,620.9460784893197,204600.41367649127,452.32777239131724,-1.4523666171015726,0.0,0.0
lignite_ampr,forecast,MultiTargetElasticNet,2025-01-25T00:00:00+00:00,815212.4907080254,902.8911843118335,749.6280372132625,33.132037917665805,50.754709870223365,716.1727441518432,302309.09124204394,549.8264191924975,-0.5082234852919778,0.0,0.0
other_fossil_ampr,forecast,MultiTargetElasticNet,2025-01-25T00:00:00+00:00,1.4952570021545035,1.2228070175438575,1.2228070175438575,2.3976608189048263,4.853506954720322,-1.2228070175438575,0.0,0.0,0.0,0.0,0.0
renewables_ampr,forecast,MultiTargetElasticNet,2025-01-25T00:00:00+00:00,109450.1926303536,330.83257492325873,257.7448918675069,99.49707251668582,136.59532734005765,42.93222117794486,107607.01701508163,328.0350850367711,0.0422330210819124,0.0,0.0
waste_ampr,forecast,MultiTargetElasticNet,2025-01-25T00:00:00+00:00,1903.8545591603124,43.63318185922627,42.884766811805356,149.95936957048283,162.21715819375464,42.884766811805356,64.75133465739063,8.046821400863239,-30.6351738005517,0.0,0.0
biomass_ampr,forecast,MultiTargetElasticNet,2025-02-01T00:00:00+00:00,1626.7618793326776,40.3331362446894,39.49604087001676,4.755587368441746,9.752206664269627,-39.49604087001676,66.82463492664276,8.174633626447289,-24.99256081079648,0.0,0.0
coal_derived_gas_ampr,forecast,MultiTargetElasticNet,2025-02-01T00:00:00+00:00,6288.5303665919055,79.30025451782551,56.26992238781477,12.120029262021701,24.02440580123341,8.55756840016709,6215.298389668368,78.83716375966584,-0.011782535983352105,0.0,0.0
gas_ampr,forecast,MultiTargetElasticNet,2025-02-01T00:00:00+00:00,5188020.732957591,2277.722707652885,1847.012671032228,30.934422130263734,75.87327776516223,-1697.1947311990286,2307550.777347847,1519.0624665720127,-0.5649780409290985,0.0,0.0
hard_coal_ampr,forecast,MultiTargetElasticNet,2025-02-01T00:00:00+00:00,411998.21719935484,641.8708726834042,545.572981704463,45.97114675010854,82.76616683400742,-9.438376457202097,411909.134249207,641.8014757300009,0.005438089111756916,0.0,0.0
lignite_ampr,forecast,MultiTargetElasticNet,2025-02-01T00:00:00+00:00,323961.27723236656,569.1759633297655,491.922178173291,11.093486049154173,23.50288285469117,-345.5002449949909,204590.85794076783,452.3172094236166,-0.3924267098494265,0.0,0.0
other_fossil_ampr,forecast,MultiTargetElasticNet,2025-02-01T00:00:00+00:00,1.4952570021545035,1.2228070175438575,1.2228070175438575,2.3976608189048263,4.853506954720322,-1.2228070175438575,0.0,0.0,0.0,0.0,0.0
renewables_ampr,forecast,MultiTargetElasticNet,2025-02-01T00:00:00+00:00,88042.7659909067,296.7200127913631,252.100175750425,123.5244129210496,151.21437619186347,110.45900689223059,75841.57378728884,275.3934890067099,-0.1599168122972643,0.0,0.0
waste_ampr,forecast,MultiTargetElasticNet,2025-02-01T00:00:00+00:00,690.9517591671171,26.28596125628882,25.235872486482485,55.04154124960428,83.5048665718585,25.235872486482485,54.1024990131135,7.355440096494125,-12.606785907421097,0.0,0.0
biomass_ampr,forecast,MultiTargetElasticNet,2025-02-08T00:00:00+00:00,1415.1731087783264,37.61878664681154,37.38361866257711,4.528254067131114,9.268941726718591,-37.38361866257711,17.638164469342183,4.199781478760792,-146.1295778518683,0.0,0.0
coal_derived_gas_ampr,forecast,MultiTargetElasticNet,2025-02-08T00:00:00+00:00,9439.543120404138,97.15731120406811,84.46807342637346,14.919004664293864,32.91499553420168,-84.100169695071,2366.704577664399,48.64878803900873,-2.988475456332461,0.0,0.0
gas_ampr,forecast,MultiTargetElasticNet,2025-02-08T00:00:00+00:00,6266900.505321616,2503.3778191319057,2121.976629087065,34.49335719939637,85.75078124539624,-2010.9039786126675,2223165.694121362,1491.0284015139894,-0.9679818214834606,0.0,0.0
hard_coal_ampr,forecast,MultiTargetElasticNet,2025-02-08T00:00:00+00:00,2355559.6496249307,1534.7832581915045,1400.3292022031642,48.725236026367014,132.80940863228113,-1387.6866665395225,429885.36513335916,655.6564383374567,-3.9241909240942796,0.0,0.0
lignite_ampr,forecast,MultiTargetElasticNet,2025-02-08T00:00:00+00:00,623626.8053119241,789.7004529009238,661.1954509037348,21.80262659587894,37.504617368045665,629.8281484724203,226943.30870372686,476.38567222758377,-2.5528835486345463,0.0,0.0
other_fossil_ampr,forecast,MultiTargetElasticNet,2025-02-08T00:00:00+00:00,1.4952570021545035,1.2228070175438575,1.2228070175438575,2.3976608189048263,4.853506954720322,-1.2228070175438575,0.0,0.0,0.0,0.0,0.0
renewables_ampr,forecast,MultiTargetElasticNet,2025-02-08T00:00:00+00:00,104077.60776400904,322.61061322282785,256.77281888737787,117.5704301672753,145.8218476908459,72.80870927318297,98776.49961798218,314.28728834934157,-0.03808109918972624,0.0,0.0
waste_ampr,forecast,MultiTargetElasticNet,2025-02-08T00:00:00+00:00,736.7073563838045,27.142353552774388,26.066646209579318,57.900867023368065,86.66582051207398,26.066646209579318,57.237311768428796,7.565534466805951,-11.824084305544055,0.0,0.0
