date,biomass_ampr_actual,coal_derived_gas_ampr_actual,gas_ampr_actual,hard_coal_ampr_actual,lignite_ampr_actual,other_fossil_ampr_actual,renewables_ampr_actual,waste_ampr_actual,biomass_ampr_fitted,coal_derived_gas_ampr_fitted,gas_ampr_fitted,hard_coal_ampr_fitted,lignite_ampr_fitted,other_fossil_ampr_fitted,renewables_ampr_fitted,waste_ampr_fitted,biomass_ampr_lower,coal_derived_gas_ampr_lower,gas_ampr_lower,hard_coal_ampr_lower,lignite_ampr_lower,other_fossil_ampr_lower,renewables_ampr_lower,waste_ampr_lower,biomass_ampr_upper,coal_derived_gas_ampr_upper,gas_ampr_upper,hard_coal_ampr_upper,lignite_ampr_upper,other_fossil_ampr_upper,renewables_ampr_upper,waste_ampr_upper
2025-04-24 00:00:00+00:00,,,,,,,,,756.4507620872579,439.4642321837886,3143.0307949219164,988.3442423007602,4188.391135256604,47.3267868552391,180.03674478320147,55.41570695377213,779.4234226190476,460.0807316468254,3116.1759350198413,1251.1592435515875,3620.6666666666665,49.688125,387.66572916666667,75.79456101190476,779.4234226190476,460.0807316468254,3116.1759350198413,1251.1592435515875,3620.6666666666665,49.688125,387.66572916666667,75.79456101190476
2025-04-24 01:00:00+00:00,,,,,,,,,757.5611171956618,454.9202483931751,3175.2667515938224,936.2790358154555,4458.482385238147,50.29516353203987,190.0619377877095,47.80116991577275,779.4234226190476,460.0807316468254,3116.1759350198413,1251.1592435515875,3620.6666666666665,49.688125,387.66572916666667,75.79456101190476,779.4234226190476,460.0807316468254,3116.1759350198413,1251.1592435515875,3620.6666666666665,49.688125,387.66572916666667,75.79456101190476
2025-04-24 02:00:00+00:00,,,,,,,,,746.7470047157742,471.1505970546521,2798.9941525751333,867.7748813835208,5482.2439310614955,56.96867280502883,174.14740076968872,78.01606236897354,779.4234226190476,460.0807316468254,3116.1759350198413,1251.1592435515875,3620.6666666666665,49.688125,387.66572916666667,75.79456101190476,779.4234226190476,460.0807316468254,3116.1759350198413,1251.1592435515875,3620.6666666666665,49.688125,387.66572916666667,75.79456101190476
2025-04-24 03:00:00+00:00,,,,,,,,,777.0570350994182,456.3758642220205,3244.0542928489226,1183.1098219327585,5270.470189968184,59.92025383849817,208.7822750624342,66.65352303379939,779.4234226190476,460.0807316468254,3116.1759350198413,1251.1592435515875,3620.6666666666665,49.688125,387.66572916666667,75.79456101190476,779.4234226190476,460.0807316468254,3116.1759350198413,1251.1592435515875,3620.6666666666665,49.688125,387.66572916666667,75.79456101190476
2025-04-24 04:00:00+00:00,,,,,,,,,813.893770806508,457.54984094559177,3959.8008656568945,1331.7975004365887,4841.532169085809,53.81108932719562,487.1163307492775,70.24291939124137,779.4234226190476,460.0807316468254,3116.1759350198413,1251.1592435515875,3620.6666666666665,49.688125,387.66572916666667,75.79456101190476,779.4234226190476,460.0807316468254,3116.1759350198413,1251.1592435515875,3620.6666666666665,49.688125,387.66572916666667,75.79456101190476
2025-04-24 05:00:00+00:00,,,,,,,,,847.7691738658888,458.3108317883421,4039.2549647504147,1577.956077260786,5299.456598478013,49.79901750585857,925.6479092841566,67.02930095327672,779.4234226190476,460.0807316468254,3116.1759350198413,1251.1592435515875,3620.6666666666665,49.688125,387.66572916666667,75.79456101190476,779.4234226190476,460.0807316468254,3116.1759350198413,1251.1592435515875,3620.6666666666665,49.688125,387.66572916666667,75.79456101190476
2025-04-24 06:00:00+00:00,,,,,,,,,837.4737165255949,454.92034698614015,4134.308139886205,2095.6483306161854,5764.427598953669,52.33767353728789,882.1809108654836,72.21720727779807,779.4234226190476,460.0807316468254,3116.1759350198413,1251.1592435515875,3620.6666666666665,49.688125,387.66572916666667,75.79456101190476,779.4234226190476,460.0807316468254,3116.1759350198413,1251.1592435515875,3620.6666666666665,49.688125,387.66572916666667,75.79456101190476
2025-04-24 07:00:00+00:00,,,,,,,,,834.2260315033543,457.27813836599387,3366.986314626405,1377.8363730456826,4197.302902135203,56.05570498843114,492.68522741991075,66.93225492873712,779.4234226190476,460.0807316468254,3116.1759350198413,1251.1592435515875,3620.6666666666665,49.688125,387.66572916666667,75.79456101190476,779.4234226190476,460.0807316468254,3116.1759350198413,1251.1592435515875,3620.6666666666665,49.688125,387.66572916666667,75.79456101190476
2025-04-24 08:00:00+00:00,,,,,,,,,824.4751025071641,456.92359920154604,3712.086129338899,1589.8844097418698,4688.966598396849,54.27583913485179,266.3078939048403,55.01496089210496,779.4234226190476,460.0807316468254,3116.1759350198413,1251.1592435515875,3620.6666666666665,49.688125,387.66572916666667,75.79456101190476,779.4234226190476,460.0807316468254,3116.1759350198413,1251.1592435515875,3620.6666666666665,49.688125,387.66572916666667,75.79456101190476
2025-04-24 09:00:00+00:00,,,,,,,,,788.9434164653791,456.12269765429045,3111.6384854802186,1482.5542310498338,4403.817719104915,59.09861394713586,279.2371966479204,52.455090757118136,779.4234226190476,460.0807316468254,3116.1759350198413,1251.1592435515875,3620.6666666666665,49.688125,387.66572916666667,75.79456101190476,779.4234226190476,460.0807316468254,3116.1759350198413,1251.1592435515875,3620.6666666666665,49.688125,387.66572916666667,75.79456101190476
2025-04-24 10:00:00+00:00,,,,,,,,,769.2328035381028,456.12269765429045,2849.431586846718,1337.0536227132966,4075.738352097951,57.97975026413439,276.718962567215,51.38243283582641,779.4234226190476,460.0807316468254,3116.1759350198413,1251.1592435515875,3620.6666666666665,49.688125,387.66572916666667,75.79456101190476,779.4234226190476,460.0807316468254,3116.1759350198413,1251.1592435515875,3620.6666666666665,49.688125,387.66572916666667,75.79456101190476
2025-04-24 11:00:00+00:00,,,,,,,,,759.3100280781186,458.3267518652836,2119.5071238532046,928.8871187456082,3339.366600784192,53.883453467656345,313.3911001258249,63.72098616102427,779.4234226190476,460.0807316468254,3116.1759350198413,1251.1592435515875,3620.6666666666665,49.688125,387.66572916666667,75.79456101190476,779.4234226190476,460.0807316468254,3116.1759350198413,1251.1592435515875,3620.6666666666665,49.688125,387.66572916666667,75.79456101190476
2025-04-24 12:00:00+00:00,,,,,,,,,745.6589336210544,455.6015586418355,2816.65600093336,943.1667144874025,3609.5048683098794,49.316109418172054,195.23986371107827,69.29574492717207,779.4234226190476,460.0807316468254,3116.1759350198413,1251.1592435515875,3620.6666666666665,49.688125,387.66572916666667,75.79456101190476,779.4234226190476,460.0807316468254,3116.1759350198413,1251.1592435515875,3620.6666666666665,49.688125,387.66572916666667,75.79456101190476
2025-04-24 13:00:00+00:00,,,,,,,,,755.3367815084531,456.0679187509706,2434.1908110577756,999.8606276355156,3385.127246583248,53.13762851305754,256.97174166148807,75.15459439885419,779.4234226190476,460.0807316468254,3116.1759350198413,1251.1592435515875,3620.6666666666665,49.688125,387.66572916666667,75.79456101190476,779.4234226190476,460.0807316468254,3116.1759350198413,1251.1592435515875,3620.6666666666665,49.688125,387.66572916666667,75.79456101190476
2025-04-24 14:00:00+00:00,,,,,,,,,766.6843503160237,456.18734457561146,2733.6314276007197,1062.5410824582518,3675.951755391516,52.59519833307686,204.59303773722806,72.43860221447007,779.4234226190476,460.0807316468254,3116.1759350198413,1251.1592435515875,3620.6666666666665,49.688125,387.66572916666667,75.79456101190476,779.4234226190476,460.0807316468254,3116.1759350198413,1251.1592435515875,3620.6666666666665,49.688125,387.66572916666667,75.79456101190476
2025-04-24 15:00:00+00:00,,,,,,,,,808.151691660524,456.4103611602208,2984.8519934721744,1153.6916496641138,4044.810656525004,53.20050573574343,269.0505195464249,66.23842712612296,779.4234226190476,460.0807316468254,3116.1759350198413,1251.1592435515875,3620.6666666666665,49.688125,387.66572916666667,75.79456101190476,779.4234226190476,460.0807316468254,3116.1759350198413,1251.1592435515875,3620.6666666666665,49.688125,387.66572916666667,75.79456101190476
2025-04-24 16:00:00+00:00,,,,,,,,,855.1132086533902,457.4399840114038,3476.384432319478,1265.8226266832141,4440.513739366035,52.35217192410456,600.2297077514412,68.90759764849305,779.4234226190476,460.0807316468254,3116.1759350198413,1251.1592435515875,3620.6666666666665,49.688125,387.66572916666667,75.79456101190476,779.4234226190476,460.0807316468254,3116.1759350198413,1251.1592435515875,3620.6666666666665,49.688125,387.66572916666667,75.79456101190476
2025-04-24 17:00:00+00:00,,,,,,,,,888.3912355313569,465.48355882328224,3812.4817141636045,1118.3848369486402,4357.74255133639,49.308546399013814,1069.1645183827545,72.00925652252063,779.4234226190476,460.0807316468254,3116.1759350198413,1251.1592435515875,3620.6666666666665,49.688125,387.66572916666667,75.79456101190476,779.4234226190476,460.0807316468254,3116.1759350198413,1251.1592435515875,3620.6666666666665,49.688125,387.66572916666667,75.79456101190476
2025-04-24 18:00:00+00:00,,,,,,,,,888.1769778557733,463.54086725351925,3934.0191362338137,1333.3995651736363,4144.563742704357,50.10562043767732,1161.4687882395872,78.60940946430699,779.4234226190476,460.0807316468254,3116.1759350198413,1251.1592435515875,3620.6666666666665,49.688125,387.66572916666667,75.79456101190476,779.4234226190476,460.0807316468254,3116.1759350198413,1251.1592435515875,3620.6666666666665,49.688125,387.66572916666667,75.79456101190476
2025-04-24 19:00:00+00:00,,,,,,,,,848.4858268832144,503.500399985912,3723.04124524347,1106.0366989716717,3928.662630332587,52.0476949655549,724.3191381494634,75.22163332228133,779.4234226190476,460.0807316468254,3116.1759350198413,1251.1592435515875,3620.6666666666665,49.688125,387.66572916666667,75.79456101190476,779.4234226190476,460.0807316468254,3116.1759350198413,1251.1592435515875,3620.6666666666665,49.688125,387.66572916666667,75.79456101190476
2025-04-24 20:00:00+00:00,,,,,,,,,809.676203805252,463.05650650435206,3543.9430897103707,1048.8890301875126,3233.2459825458895,40.760277968201194,428.97726102625774,74.22444625355364,779.4234226190476,460.0807316468254,3116.1759350198413,1251.1592435515875,3620.6666666666665,49.688125,387.66572916666667,75.79456101190476,779.4234226190476,460.0807316468254,3116.1759350198413,1251.1592435515875,3620.6666666666665,49.688125,387.66572916666667,75.79456101190476
2025-04-24 21:00:00+00:00,,,,,,,,,789.9598104363031,394.873464536181,2924.186855758226,754.629850070756,3106.982351622494,44.7157738389853,320.8985256544305,49.057694301320296,779.4234226190476,460.0807316468254,3116.1759350198413,1251.1592435515875,3620.6666666666665,49.688125,387.66572916666667,75.79456101190476,779.4234226190476,460.0807316468254,3116.1759350198413,1251.1592435515875,3620.6666666666665,49.688125,387.66572916666667,75.79456101190476
2025-04-24 22:00:00+00:00,,,,,,,,,773.6845289789807,386.0137503467439,3081.5498498350134,877.3177630603059,3470.8800996273744,42.868074875708686,186.39902321159198,49.78662155794899,779.4234226190476,460.0807316468254,3116.1759350198413,1251.1592435515875,3620.6666666666665,49.688125,387.66572916666667,75.79456101190476,779.4234226190476,460.0807316468254,3116.1759350198413,1251.1592435515875,3620.6666666666665,49.688125,387.66572916666667,75.79456101190476
2025-04-24 23:00:00+00:00,,,,,,,,,760.6964660071766,392.39682448671033,2218.6551993644525,541.5132756583,4088.898885903874,42.104611202916836,180.0638015505874,50.4452997340063,779.4234226190476,460.0807316468254,3116.1759350198413,1251.1592435515875,3620.6666666666665,49.688125,387.66572916666667,75.79456101190476,779.4234226190476,460.0807316468254,3116.1759350198413,1251.1592435515875,3620.6666666666665,49.688125,387.66572916666667,75.79456101190476
2025-04-25 00:00:00+00:00,,,,,,,,,760.2325533174851,405.4376965817663,2116.6919825997006,501.53971780343136,4425.200078867405,46.43451480389494,184.57740850876357,41.81544125128419,779.4234226190476,460.0807316468254,3116.1759350198413,1251.1592435515875,3620.6666666666665,49.688125,387.66572916666667,75.79456101190476,779.4234226190476,460.0807316468254,3116.1759350198413,1251.1592435515875,3620.6666666666665,49.688125,387.66572916666667,75.79456101190476
2025-04-25 01:00:00+00:00,,,,,,,,,762.5252922864213,401.23356341457014,1806.4442059822156,473.0248210635468,3754.994061552007,44.13474292848485,181.28135550622085,41.07245468305865,779.4234226190476,460.0807316468254,3116.1759350198413,1251.1592435515875,3620.6666666666665,49.688125,387.66572916666667,75.79456101190476,779.4234226190476,460.0807316468254,3116.1759350198413,1251.1592435515875,3620.6666666666665,49.688125,387.66572916666667,75.79456101190476
2025-04-25 02:00:00+00:00,,,,,,,,,747.161533251584,461.30537439420186,1916.2765064071878,671.8241543784393,3738.7713901013267,47.21748519143159,226.7839791688415,57.34906230431193,779.4234226190476,460.0807316468254,3116.1759350198413,1251.1592435515875,3620.6666666666665,49.688125,387.66572916666667,75.79456101190476,779.4234226190476,460.0807316468254,3116.1759350198413,1251.1592435515875,3620.6666666666665,49.688125,387.66572916666667,75.79456101190476
2025-04-25 03:00:00+00:00,,,,,,,,,768.9954969248233,466.27105726660244,2492.841310247252,822.6907402467912,4427.662555845303,52.186518162602034,249.83613527312093,62.173956710650806,779.4234226190476,460.0807316468254,3116.1759350198413,1251.1592435515875,3620.6666666666665,49.688125,387.66572916666667,75.79456101190476,779.4234226190476,460.0807316468254,3116.1759350198413,1251.1592435515875,3620.6666666666665,49.688125,387.66572916666667,75.79456101190476
2025-04-25 04:00:00+00:00,,,,,,,,,805.5555956307534,464.1017578240468,3228.00721606358,1199.0097364400683,4188.121481437471,51.50798475745872,523.6459459658482,70.6109747436887,779.4234226190476,460.0807316468254,3116.1759350198413,1251.1592435515875,3620.6666666666665,49.688125,387.66572916666667,75.79456101190476,779.4234226190476,460.0807316468254,3116.1759350198413,1251.1592435515875,3620.6666666666665,49.688125,387.66572916666667,75.79456101190476
2025-04-25 05:00:00+00:00,,,,,,,,,859.7458892837438,460.966201198547,3636.7068012807335,952.9335562936355,3859.7833942316756,48.695164494817114,766.4611505881148,73.27442107257772,779.4234226190476,460.0807316468254,3116.1759350198413,1251.1592435515875,3620.6666666666665,49.688125,387.66572916666667,75.79456101190476,779.4234226190476,460.0807316468254,3116.1759350198413,1251.1592435515875,3620.6666666666665,49.688125,387.66572916666667,75.79456101190476
2025-04-25 06:00:00+00:00,,,,,,,,,859.5823806229253,454.0471082973549,3765.335897236502,1451.0395516835022,4098.0090857349605,49.754339220287655,790.2972945952674,70.01631447957901,779.4234226190476,460.0807316468254,3116.1759350198413,1251.1592435515875,3620.6666666666665,49.688125,387.66572916666667,75.79456101190476,779.4234226190476,460.0807316468254,3116.1759350198413,1251.1592435515875,3620.6666666666665,49.688125,387.66572916666667,75.79456101190476
2025-04-25 07:00:00+00:00,,,,,,,,,836.4808510782669,457.5245275993786,3606.973970939276,1112.6460778622227,4024.375790018157,52.115893347965944,480.66306964942834,63.93733866625578,779.4234226190476,460.0807316468254,3116.1759350198413,1251.1592435515875,3620.6666666666665,49.688125,387.66572916666667,75.79456101190476,779.4234226190476,460.0807316468254,3116.1759350198413,1251.1592435515875,3620.6666666666665,49.688125,387.66572916666667,75.79456101190476
2025-04-25 08:00:00+00:00,,,,,,,,,793.0145997081216,458.76491580011844,3378.379198613627,1068.5577027433499,4112.5012043002325,53.00948442874927,318.14648460385564,61.628367547294715,779.4234226190476,460.0807316468254,3116.1759350198413,1251.1592435515875,3620.6666666666665,49.688125,387.66572916666667,75.79456101190476,779.4234226190476,460.0807316468254,3116.1759350198413,1251.1592435515875,3620.6666666666665,49.688125,387.66572916666667,75.79456101190476
2025-04-25 09:00:00+00:00,,,,,,,,,779.5277202881911,459.75958272136126,2994.484018240003,975.3844346665344,3938.338002973433,53.728227306631865,194.48714500319224,60.80518327508815,779.4234226190476,460.0807316468254,3116.1759350198413,1251.1592435515875,3620.6666666666665,49.688125,387.66572916666667,75.79456101190476,779.4234226190476,460.0807316468254,3116.1759350198413,1251.1592435515875,3620.6666666666665,49.688125,387.66572916666667,75.79456101190476
2025-04-25 10:00:00+00:00,,,,,,,,,762.4122492792696,453.14294386172634,2599.2593881390767,1052.8862879602102,3517.911606445667,49.72164690256927,190.69512879317136,57.846174358576604,779.4234226190476,460.0807316468254,3116.1759350198413,1251.1592435515875,3620.6666666666665,49.688125,387.66572916666667,75.79456101190476,779.4234226190476,460.0807316468254,3116.1759350198413,1251.1592435515875,3620.6666666666665,49.688125,387.66572916666667,75.79456101190476
2025-04-25 11:00:00+00:00,,,,,,,,,750.9285888496212,455.5279173161641,2330.1550600925075,967.2071603851336,2985.547874956371,50.852018854731234,185.82920871319473,60.53485061580835,779.4234226190476,460.0807316468254,3116.1759350198413,1251.1592435515875,3620.6666666666665,49.688125,387.66572916666667,75.79456101190476,779.4234226190476,460.0807316468254,3116.1759350198413,1251.1592435515875,3620.6666666666665,49.688125,387.66572916666667,75.79456101190476
2025-04-25 12:00:00+00:00,,,,,,,,,742.4327219787647,457.3225467936943,2198.85479830685,1068.5815237997103,3050.546716137263,49.826117261921,187.30231941278953,60.61298509818954,779.4234226190476,460.0807316468254,3116.1759350198413,1251.1592435515875,3620.6666666666665,49.688125,387.66572916666667,75.79456101190476,779.4234226190476,460.0807316468254,3116.1759350198413,1251.1592435515875,3620.6666666666665,49.688125,387.66572916666667,75.79456101190476
2025-04-25 13:00:00+00:00,,,,,,,,,751.0336993515052,458.1899177367282,2329.7115808509275,969.9791031306518,2987.071794359072,49.6977299640188,184.1868007788772,66.38601211767715,779.4234226190476,460.0807316468254,3116.1759350198413,1251.1592435515875,3620.6666666666665,49.688125,387.66572916666667,75.79456101190476,779.4234226190476,460.0807316468254,3116.1759350198413,1251.1592435515875,3620.6666666666665,49.688125,387.66572916666667,75.79456101190476
2025-04-25 14:00:00+00:00,,,,,,,,,765.4876510601249,460.17770329617105,2070.6451865539584,1070.2599113728158,3103.3957901616113,51.09324488138048,210.68147311920703,79.67443694921087,779.4234226190476,460.0807316468254,3116.1759350198413,1251.1592435515875,3620.6666666666665,49.688125,387.66572916666667,75.79456101190476,779.4234226190476,460.0807316468254,3116.1759350198413,1251.1592435515875,3620.6666666666665,49.688125,387.66572916666667,75.79456101190476
2025-04-25 15:00:00+00:00,,,,,,,,,799.8027753029329,457.36966855869923,2506.313019830308,986.8420260292833,3628.4416382222325,50.96670410544992,280.3467078837584,82.2514312976492,779.4234226190476,460.0807316468254,3116.1759350198413,1251.1592435515875,3620.6666666666665,49.688125,387.66572916666667,75.79456101190476,779.4234226190476,460.0807316468254,3116.1759350198413,1251.1592435515875,3620.6666666666665,49.688125,387.66572916666667,75.79456101190476
2025-04-25 16:00:00+00:00,,,,,,,,,839.966647969367,458.2428845550898,3258.89455440225,1127.0438998831546,4093.1495504639015,51.008660877986664,539.6539019854872,73.23828686320837,779.4234226190476,460.0807316468254,3116.1759350198413,1251.1592435515875,3620.6666666666665,49.688125,387.66572916666667,75.79456101190476,779.4234226190476,460.0807316468254,3116.1759350198413,1251.1592435515875,3620.6666666666665,49.688125,387.66572916666667,75.79456101190476
2025-04-25 17:00:00+00:00,,,,,,,,,862.1972503231955,459.57366890737956,3083.943076278037,1160.9205688288314,3957.5665007774355,49.51172193985096,1159.199228269229,87.43226467558344,779.4234226190476,460.0807316468254,3116.1759350198413,1251.1592435515875,3620.6666666666665,49.688125,387.66572916666667,75.79456101190476,779.4234226190476,460.0807316468254,3116.1759350198413,1251.1592435515875,3620.6666666666665,49.688125,387.66572916666667,75.79456101190476
2025-04-25 18:00:00+00:00,,,,,,,,,859.9245593884534,460.55392496348,3541.6017092975635,1230.4556105950633,3832.571320459818,44.76063324680297,1222.6709411003453,89.23814092000197,779.4234226190476,460.0807316468254,3116.1759350198413,1251.1592435515875,3620.6666666666665,49.688125,387.66572916666667,75.79456101190476,779.4234226190476,460.0807316468254,3116.1759350198413,1251.1592435515875,3620.6666666666665,49.688125,387.66572916666667,75.79456101190476
2025-04-25 19:00:00+00:00,,,,,,,,,826.2396594794143,448.58714049850977,4422.159880518736,1140.7017361905048,3650.970246835914,43.74629950028204,977.6539413323925,86.75454777687908,779.4234226190476,460.0807316468254,3116.1759350198413,1251.1592435515875,3620.6666666666665,49.688125,387.66572916666667,75.79456101190476,779.4234226190476,460.0807316468254,3116.1759350198413,1251.1592435515875,3620.6666666666665,49.688125,387.66572916666667,75.79456101190476
2025-04-25 20:00:00+00:00,,,,,,,,,801.5768748641856,443.4634661435447,4060.219891415393,1238.6303661911243,3947.1586943799794,46.6385300553979,485.3563475970332,89.19443440678722,779.4234226190476,460.0807316468254,3116.1759350198413,1251.1592435515875,3620.6666666666665,49.688125,387.66572916666667,75.79456101190476,779.4234226190476,460.0807316468254,3116.1759350198413,1251.1592435515875,3620.6666666666665,49.688125,387.66572916666667,75.79456101190476
2025-04-25 21:00:00+00:00,,,,,,,,,771.1359543066139,459.4850072625051,2512.2128246994025,1091.1007527092975,4034.945327058456,52.597365608097476,358.00411873655287,91.99995458105066,779.4234226190476,460.0807316468254,3116.1759350198413,1251.1592435515875,3620.6666666666665,49.688125,387.66572916666667,75.79456101190476,779.4234226190476,460.0807316468254,3116.1759350198413,1251.1592435515875,3620.6666666666665,49.688125,387.66572916666667,75.79456101190476
2025-04-25 22:00:00+00:00,,,,,,,,,745.330313664961,463.5863638384673,1850.1251580063638,823.5196137082344,4207.805711311819,51.258425791662845,251.71005087005872,89.67165011572438,779.4234226190476,460.0807316468254,3116.1759350198413,1251.1592435515875,3620.6666666666665,49.688125,387.66572916666667,75.79456101190476,779.4234226190476,460.0807316468254,3116.1759350198413,1251.1592435515875,3620.6666666666665,49.688125,387.66572916666667,75.79456101190476
2025-04-25 23:00:00+00:00,,,,,,,,,739.7644062241342,463.36242664259106,1807.4867335619283,783.1243509350909,4024.406543971817,54.47708256261957,246.97815745816584,95.47664467161853,779.4234226190476,460.0807316468254,3116.1759350198413,1251.1592435515875,3620.6666666666665,49.688125,387.66572916666667,75.79456101190476,779.4234226190476,460.0807316468254,3116.1759350198413,1251.1592435515875,3620.6666666666665,49.688125,387.66572916666667,75.79456101190476
2025-04-26 00:00:00+00:00,,,,,,,,,742.6529659590981,453.32532431203583,1344.3324204492587,649.3138461702324,3554.3164846254544,52.56390246253543,245.36407069233226,86.26075646270495,779.4234226190476,460.0807316468254,3116.1759350198413,1251.1592435515875,3620.6666666666665,49.688125,387.66572916666667,75.79456101190476,779.4234226190476,460.0807316468254,3116.1759350198413,1251.1592435515875,3620.6666666666665,49.688125,387.66572916666667,75.79456101190476
2025-04-26 01:00:00+00:00,,,,,,,,,747.5610228482171,489.2665445441921,1060.0264428583432,703.3989959076924,3388.112411403638,51.840433822876605,236.4700365363659,87.31639278560733,779.4234226190476,460.0807316468254,3116.1759350198413,1251.1592435515875,3620.6666666666665,49.688125,387.66572916666667,75.79456101190476,779.4234226190476,460.0807316468254,3116.1759350198413,1251.1592435515875,3620.6666666666665,49.688125,387.66572916666667,75.79456101190476
2025-04-26 02:00:00+00:00,,,,,,,,,752.4277339793583,465.59440311422645,1412.929651100346,669.791359432187,3793.6203722017995,54.910420839467584,240.99061946483573,83.99657915611088,779.4234226190476,460.0807316468254,3116.1759350198413,1251.1592435515875,3620.6666666666665,49.688125,387.66572916666667,75.79456101190476,779.4234226190476,460.0807316468254,3116.1759350198413,1251.1592435515875,3620.6666666666665,49.688125,387.66572916666667,75.79456101190476
2025-04-26 03:00:00+00:00,,,,,,,,,755.0006056927785,453.8920769375228,1772.149833077963,844.3688825210489,4157.488414194932,51.56682251244652,252.51176009915727,92.33436388887114,779.4234226190476,460.0807316468254,3116.1759350198413,1251.1592435515875,3620.6666666666665,49.688125,387.66572916666667,75.79456101190476,779.4234226190476,460.0807316468254,3116.1759350198413,1251.1592435515875,3620.6666666666665,49.688125,387.66572916666667,75.79456101190476
2025-04-26 04:00:00+00:00,,,,,,,,,790.1493448586928,455.02664151609633,1508.8189662351178,1045.3179698634274,4178.724408936566,52.36538397472288,361.5231699909899,88.74741765634928,779.4234226190476,460.0807316468254,3116.1759350198413,1251.1592435515875,3620.6666666666665,49.688125,387.66572916666667,75.79456101190476,779.4234226190476,460.0807316468254,3116.1759350198413,1251.1592435515875,3620.6666666666665,49.688125,387.66572916666667,75.79456101190476
2025-04-26 05:00:00+00:00,,,,,,,,,816.6948477026008,450.46433399241704,1477.9937722417021,782.8349377060457,3193.2831986886213,54.3902557752791,326.16275215649205,78.07142164538298,779.4234226190476,460.0807316468254,3116.1759350198413,1251.1592435515875,3620.6666666666665,49.688125,387.66572916666667,75.79456101190476,779.4234226190476,460.0807316468254,3116.1759350198413,1251.1592435515875,3620.6666666666665,49.688125,387.66572916666667,75.79456101190476
2025-04-26 06:00:00+00:00,,,,,,,,,807.3169009780042,449.1322027317364,1633.2955283473268,452.77006421119677,2158.128349766662,58.54905838356542,324.92794045213003,66.34715229756814,779.4234226190476,460.0807316468254,3116.1759350198413,1251.1592435515875,3620.6666666666665,49.688125,387.66572916666667,75.79456101190476,779.4234226190476,460.0807316468254,3116.1759350198413,1251.1592435515875,3620.6666666666665,49.688125,387.66572916666667,75.79456101190476
2025-04-26 07:00:00+00:00,,,,,,,,,788.6778231394513,457.28000134448047,1286.0251105574907,550.8369108949344,2198.5696936016616,55.6699850422667,325.3376158880193,74.65113530748307,779.4234226190476,460.0807316468254,3116.1759350198413,1251.1592435515875,3620.6666666666665,49.688125,387.66572916666667,75.79456101190476,779.4234226190476,460.0807316468254,3116.1759350198413,1251.1592435515875,3620.6666666666665,49.688125,387.66572916666667,75.79456101190476
2025-04-26 08:00:00+00:00,,,,,,,,,758.7320534536852,460.34708912940897,1103.3668700084472,429.5636132785364,1947.9877627462217,50.01654124916988,241.33020948813862,74.72307620495697,779.4234226190476,460.0807316468254,3116.1759350198413,1251.1592435515875,3620.6666666666665,49.688125,387.66572916666667,75.79456101190476,779.4234226190476,460.0807316468254,3116.1759350198413,1251.1592435515875,3620.6666666666665,49.688125,387.66572916666667,75.79456101190476
2025-04-26 09:00:00+00:00,,,,,,,,,748.7000241399627,460.77883621236833,1099.7432814426923,462.4595813709053,1807.1861453611664,43.11977281645425,183.79609480965422,82.10465021548745,779.4234226190476,460.0807316468254,3116.1759350198413,1251.1592435515875,3620.6666666666665,49.688125,387.66572916666667,75.79456101190476,779.4234226190476,460.0807316468254,3116.1759350198413,1251.1592435515875,3620.6666666666665,49.688125,387.66572916666667,75.79456101190476
2025-04-26 10:00:00+00:00,,,,,,,,,721.7248527054772,459.733011761716,1079.6083871623548,309.7519615880385,1835.8986007452772,48.307289511442825,197.0370368257891,87.62368760968893,779.4234226190476,460.0807316468254,3116.1759350198413,1251.1592435515875,3620.6666666666665,49.688125,387.66572916666667,75.79456101190476,779.4234226190476,460.0807316468254,3116.1759350198413,1251.1592435515875,3620.6666666666665,49.688125,387.66572916666667,75.79456101190476
2025-04-26 11:00:00+00:00,,,,,,,,,712.4094517478148,457.5262765075222,1144.1346773951075,326.50434065828415,1632.136023914915,40.34150895209407,190.86843874490367,92.56737211483092,779.4234226190476,460.0807316468254,3116.1759350198413,1251.1592435515875,3620.6666666666665,49.688125,387.66572916666667,75.79456101190476,779.4234226190476,460.0807316468254,3116.1759350198413,1251.1592435515875,3620.6666666666665,49.688125,387.66572916666667,75.79456101190476
2025-04-26 12:00:00+00:00,,,,,,,,,701.340092382137,456.5022506580773,1121.981452516235,343.9575572531329,1614.0951378875272,45.81728008038205,185.3636183785257,92.83904875132615,779.4234226190476,460.0807316468254,3116.1759350198413,1251.1592435515875,3620.6666666666665,49.688125,387.66572916666667,75.79456101190476,779.4234226190476,460.0807316468254,3116.1759350198413,1251.1592435515875,3620.6666666666665,49.688125,387.66572916666667,75.79456101190476
2025-04-26 13:00:00+00:00,,,,,,,,,695.4782734843327,456.51924227537705,1140.548932476765,349.60327795389344,1720.053742195977,48.717932120750696,185.0163824377011,95.34551775201683,779.4234226190476,460.0807316468254,3116.1759350198413,1251.1592435515875,3620.6666666666665,49.688125,387.66572916666667,75.79456101190476,779.4234226190476,460.0807316468254,3116.1759350198413,1251.1592435515875,3620.6666666666665,49.688125,387.66572916666667,75.79456101190476
2025-04-26 14:00:00+00:00,,,,,,,,,695.9474037018115,456.51969045274075,1189.2732877790113,464.2095082035048,1594.1228885093708,51.62529184401237,194.96534462415067,95.47138882696086,779.4234226190476,460.0807316468254,3116.1759350198413,1251.1592435515875,3620.6666666666665,49.688125,387.66572916666667,75.79456101190476,779.4234226190476,460.0807316468254,3116.1759350198413,1251.1592435515875,3620.6666666666665,49.688125,387.66572916666667,75.79456101190476
2025-04-26 15:00:00+00:00,,,,,,,,,716.38335006816,456.6838502989185,1356.355347964589,586.4499271035901,1692.7759122406455,46.9959256922627,304.8694829632683,91.61104754721977,779.4234226190476,460.0807316468254,3116.1759350198413,1251.1592435515875,3620.6666666666665,49.688125,387.66572916666667,75.79456101190476,779.4234226190476,460.0807316468254,3116.1759350198413,1251.1592435515875,3620.6666666666665,49.688125,387.66572916666667,75.79456101190476
2025-04-26 16:00:00+00:00,,,,,,,,,774.7359950752849,456.7843628743324,1795.8824809347022,628.2741779851827,2017.1459204015343,46.57987654867553,609.0865632081741,90.50547140496981,779.4234226190476,460.0807316468254,3116.1759350198413,1251.1592435515875,3620.6666666666665,49.688125,387.66572916666667,75.79456101190476,779.4234226190476,460.0807316468254,3116.1759350198413,1251.1592435515875,3620.6666666666665,49.688125,387.66572916666667,75.79456101190476
2025-04-26 17:00:00+00:00,,,,,,,,,818.8403712504823,457.600282142718,2396.1551446676744,728.7751880841638,2760.522065717216,45.29522468370575,1233.8027270301936,95.58012856741468,779.4234226190476,460.0807316468254,3116.1759350198413,1251.1592435515875,3620.6666666666665,49.688125,387.66572916666667,75.79456101190476,779.4234226190476,460.0807316468254,3116.1759350198413,1251.1592435515875,3620.6666666666665,49.688125,387.66572916666667,75.79456101190476
2025-04-26 18:00:00+00:00,,,,,,,,,838.019080670547,460.2986367582134,2207.616805294011,675.8114765907421,2827.058033307376,43.848592302101494,1250.1363159957798,94.5003253868234,779.4234226190476,460.0807316468254,3116.1759350198413,1251.1592435515875,3620.6666666666665,49.688125,387.66572916666667,75.79456101190476,779.4234226190476,460.0807316468254,3116.1759350198413,1251.1592435515875,3620.6666666666665,49.688125,387.66572916666667,75.79456101190476
2025-04-26 19:00:00+00:00,,,,,,,,,814.7915280115421,463.8505069167056,1758.0176584208282,512.0758803925253,1859.2038272782008,39.70301287791355,1165.1717722812555,96.18948548648973,779.4234226190476,460.0807316468254,3116.1759350198413,1251.1592435515875,3620.6666666666665,49.688125,387.66572916666667,75.79456101190476,779.4234226190476,460.0807316468254,3116.1759350198413,1251.1592435515875,3620.6666666666665,49.688125,387.66572916666667,75.79456101190476
2025-04-26 20:00:00+00:00,,,,,,,,,775.0359875790385,463.36669815243715,1497.2616905857615,473.2046232134743,1915.988186881953,44.5338672897766,649.7028590903057,94.38180674670679,779.4234226190476,460.0807316468254,3116.1759350198413,1251.1592435515875,3620.6666666666665,49.688125,387.66572916666667,75.79456101190476,779.4234226190476,460.0807316468254,3116.1759350198413,1251.1592435515875,3620.6666666666665,49.688125,387.66572916666667,75.79456101190476
2025-04-26 21:00:00+00:00,,,,,,,,,753.6235881880566,461.28273847098063,1515.9335827714588,477.21811579289067,2141.743512727696,48.02535826718436,458.9061051643704,95.96124256503103,779.4234226190476,460.0807316468254,3116.1759350198413,1251.1592435515875,3620.6666666666665,49.688125,387.66572916666667,75.79456101190476,779.4234226190476,460.0807316468254,3116.1759350198413,1251.1592435515875,3620.6666666666665,49.688125,387.66572916666667,75.79456101190476
2025-04-26 22:00:00+00:00,,,,,,,,,738.339262311239,488.63454376055836,1462.4096116740936,484.75983764731814,1789.2803616847627,53.31475469863219,281.5460242789844,93.07876363520583,779.4234226190476,460.0807316468254,3116.1759350198413,1251.1592435515875,3620.6666666666665,49.688125,387.66572916666667,75.79456101190476,779.4234226190476,460.0807316468254,3116.1759350198413,1251.1592435515875,3620.6666666666665,49.688125,387.66572916666667,75.79456101190476
2025-04-26 23:00:00+00:00,,,,,,,,,747.4974530626386,488.99226227299135,1316.5781093348994,530.3335300671063,2210.846847009372,56.29462981209261,244.68921409258544,86.88713069214141,779.4234226190476,460.0807316468254,3116.1759350198413,1251.1592435515875,3620.6666666666665,49.688125,387.66572916666667,75.79456101190476,779.4234226190476,460.0807316468254,3116.1759350198413,1251.1592435515875,3620.6666666666665,49.688125,387.66572916666667,75.79456101190476
2025-04-27 00:00:00+00:00,,,,,,,,,741.2890464575413,458.82221310157314,1344.1919133893564,599.019366112604,2167.9852002100106,59.52060207936045,277.21307580498245,85.74948958742364,779.4234226190476,460.0807316468254,3116.1759350198413,1251.1592435515875,3620.6666666666665,49.688125,387.66572916666667,75.79456101190476,779.4234226190476,460.0807316468254,3116.1759350198413,1251.1592435515875,3620.6666666666665,49.688125,387.66572916666667,75.79456101190476
2025-04-27 01:00:00+00:00,,,,,,,,,742.2894254481282,457.5681621762408,1091.6536400031137,559.6214539762095,2102.3089414891547,64.87862555254955,274.32214258312035,73.43015214947947,779.4234226190476,460.0807316468254,3116.1759350198413,1251.1592435515875,3620.6666666666665,49.688125,387.66572916666667,75.79456101190476,779.4234226190476,460.0807316468254,3116.1759350198413,1251.1592435515875,3620.6666666666665,49.688125,387.66572916666667,75.79456101190476
2025-04-27 02:00:00+00:00,,,,,,,,,748.4458174279597,447.99513064726034,999.7369264002891,548.7422220391506,2749.487053204061,64.82521627732798,270.3118420071016,70.04441505779086,779.4234226190476,460.0807316468254,3116.1759350198413,1251.1592435515875,3620.6666666666665,49.688125,387.66572916666667,75.79456101190476,779.4234226190476,460.0807316468254,3116.1759350198413,1251.1592435515875,3620.6666666666665,49.688125,387.66572916666667,75.79456101190476
2025-04-27 03:00:00+00:00,,,,,,,,,748.7049137234374,454.7961587799077,1157.8341754148796,575.0313018776615,2175.0453432835156,58.18172647329265,262.56662841901743,83.61225018597305,779.4234226190476,460.0807316468254,3116.1759350198413,1251.1592435515875,3620.6666666666665,49.688125,387.66572916666667,75.79456101190476,779.4234226190476,460.0807316468254,3116.1759350198413,1251.1592435515875,3620.6666666666665,49.688125,387.66572916666667,75.79456101190476
2025-04-27 04:00:00+00:00,,,,,,,,,777.5356949991004,458.03301908763376,1096.4138350653404,561.531716817906,2080.856785087398,56.575193133279946,305.143748390518,81.30098292836108,779.4234226190476,460.0807316468254,3116.1759350198413,1251.1592435515875,3620.6666666666665,49.688125,387.66572916666667,75.79456101190476,779.4234226190476,460.0807316468254,3116.1759350198413,1251.1592435515875,3620.6666666666665,49.688125,387.66572916666667,75.79456101190476
2025-04-27 05:00:00+00:00,,,,,,,,,785.8291229123196,457.2209679686475,1179.763562286899,467.6543490091814,1663.2230286909569,56.90416710464825,332.39282211142853,75.36087177115387,779.4234226190476,460.0807316468254,3116.1759350198413,1251.1592435515875,3620.6666666666665,49.688125,387.66572916666667,75.79456101190476,779.4234226190476,460.0807316468254,3116.1759350198413,1251.1592435515875,3620.6666666666665,49.688125,387.66572916666667,75.79456101190476
2025-04-27 06:00:00+00:00,,,,,,,,,774.942772573014,452.1798628016793,1189.4520512134723,479.6023264590723,1518.9056371939569,54.49409963949625,288.888243648243,69.17075712851907,779.4234226190476,460.0807316468254,3116.1759350198413,1251.1592435515875,3620.6666666666665,49.688125,387.66572916666667,75.79456101190476,779.4234226190476,460.0807316468254,3116.1759350198413,1251.1592435515875,3620.6666666666665,49.688125,387.66572916666667,75.79456101190476
2025-04-27 07:00:00+00:00,,,,,,,,,761.0894585461413,451.5760090309925,1079.0146730974236,472.5880008038488,1396.815399968721,56.32088144827552,294.6684353751558,58.281331485000365,779.4234226190476,460.0807316468254,3116.1759350198413,1251.1592435515875,3620.6666666666665,49.688125,387.66572916666667,75.79456101190476,779.4234226190476,460.0807316468254,3116.1759350198413,1251.1592435515875,3620.6666666666665,49.688125,387.66572916666667,75.79456101190476
2025-04-27 08:00:00+00:00,,,,,,,,,745.2982744092157,446.00175775419166,1058.3108470570246,400.94194592381564,1389.5348956353614,53.07404256206917,234.6976727636629,73.63882574140658,779.4234226190476,460.0807316468254,3116.1759350198413,1251.1592435515875,3620.6666666666665,49.688125,387.66572916666667,75.79456101190476,779.4234226190476,460.0807316468254,3116.1759350198413,1251.1592435515875,3620.6666666666665,49.688125,387.66572916666667,75.79456101190476
2025-04-27 09:00:00+00:00,,,,,,,,,735.4703256016595,446.8722342379222,1106.8124225429065,443.37427509506915,1317.5187516016163,48.74936481247859,177.3780822184431,65.76072400925437,779.4234226190476,460.0807316468254,3116.1759350198413,1251.1592435515875,3620.6666666666665,49.688125,387.66572916666667,75.79456101190476,779.4234226190476,460.0807316468254,3116.1759350198413,1251.1592435515875,3620.6666666666665,49.688125,387.66572916666667,75.79456101190476
2025-04-27 10:00:00+00:00,,,,,,,,,725.5784665156964,437.8476561132857,1119.1862049892338,459.67924922477494,1266.1660677380282,55.46941192643363,181.1556608119311,67.70948689289747,779.4234226190476,460.0807316468254,3116.1759350198413,1251.1592435515875,3620.6666666666665,49.688125,387.66572916666667,75.79456101190476,779.4234226190476,460.0807316468254,3116.1759350198413,1251.1592435515875,3620.6666666666665,49.688125,387.66572916666667,75.79456101190476
2025-04-27 11:00:00+00:00,,,,,,,,,720.2043569693968,440.29279887901816,1086.0174263348238,374.7882501582526,1384.6812224459613,53.288778808609266,175.2940831122846,75.08247823189089,779.4234226190476,460.0807316468254,3116.1759350198413,1251.1592435515875,3620.6666666666665,49.688125,387.66572916666667,75.79456101190476,779.4234226190476,460.0807316468254,3116.1759350198413,1251.1592435515875,3620.6666666666665,49.688125,387.66572916666667,75.79456101190476
2025-04-27 12:00:00+00:00,,,,,,,,,708.1337325116316,445.07545889350666,1130.386775546312,423.96143473324446,1567.5760754271705,51.56962733010765,182.313174646977,82.20439176458873,779.4234226190476,460.0807316468254,3116.1759350198413,1251.1592435515875,3620.6666666666665,49.688125,387.66572916666667,75.79456101190476,779.4234226190476,460.0807316468254,3116.1759350198413,1251.1592435515875,3620.6666666666665,49.688125,387.66572916666667,75.79456101190476
2025-04-27 13:00:00+00:00,,,,,,,,,707.5374521303291,445.07545889350666,1243.10661883128,394.88520158012227,1645.0952224133325,53.765122189973695,166.79797103709095,85.4670348426836,779.4234226190476,460.0807316468254,3116.1759350198413,1251.1592435515875,3620.6666666666665,49.688125,387.66572916666667,75.79456101190476,779.4234226190476,460.0807316468254,3116.1759350198413,1251.1592435515875,3620.6666666666665,49.688125,387.66572916666667,75.79456101190476
2025-04-27 14:00:00+00:00,,,,,,,,,718.3762912155574,456.48314727040207,1138.6488466618769,406.9157213348482,1695.977894353313,51.7159492293796,165.68179893954886,95.87947245786336,779.4234226190476,460.0807316468254,3116.1759350198413,1251.1592435515875,3620.6666666666665,49.688125,387.66572916666667,75.79456101190476,779.4234226190476,460.0807316468254,3116.1759350198413,1251.1592435515875,3620.6666666666665,49.688125,387.66572916666667,75.79456101190476
2025-04-27 15:00:00+00:00,,,,,,,,,747.6568479505497,455.34486921431983,1230.7060752823365,481.39676285505266,1982.3649440562185,54.914189852681055,236.61979266993467,96.00896496352551,779.4234226190476,460.0807316468254,3116.1759350198413,1251.1592435515875,3620.6666666666665,49.688125,387.66572916666667,75.79456101190476,779.4234226190476,460.0807316468254,3116.1759350198413,1251.1592435515875,3620.6666666666665,49.688125,387.66572916666667,75.79456101190476
2025-04-27 16:00:00+00:00,,,,,,,,,815.57065351878,445.1901892202618,1853.2137401266782,717.122229099218,2955.7947704602707,52.15037511339615,353.75858376117037,93.14028064422412,779.4234226190476,460.0807316468254,3116.1759350198413,1251.1592435515875,3620.6666666666665,49.688125,387.66572916666667,75.79456101190476,779.4234226190476,460.0807316468254,3116.1759350198413,1251.1592435515875,3620.6666666666665,49.688125,387.66572916666667,75.79456101190476
2025-04-27 17:00:00+00:00,,,,,,,,,837.6700835081937,457.0097256569467,2365.9161440700127,693.4187734619276,3283.0405093190675,48.12760519382226,667.1282280461023,84.83410123405798,779.4234226190476,460.0807316468254,3116.1759350198413,1251.1592435515875,3620.6666666666665,49.688125,387.66572916666667,75.79456101190476,779.4234226190476,460.0807316468254,3116.1759350198413,1251.1592435515875,3620.6666666666665,49.688125,387.66572916666667,75.79456101190476
2025-04-27 18:00:00+00:00,,,,,,,,,839.5308624760693,461.0954520099016,2717.2068358160977,846.5065512034657,3466.012514495901,47.01148596238896,940.615718186861,89.75874902252363,779.4234226190476,460.0807316468254,3116.1759350198413,1251.1592435515875,3620.6666666666665,49.688125,387.66572916666667,75.79456101190476,779.4234226190476,460.0807316468254,3116.1759350198413,1251.1592435515875,3620.6666666666665,49.688125,387.66572916666667,75.79456101190476
2025-04-27 19:00:00+00:00,,,,,,,,,802.076920872012,461.4228085294456,2464.056993301748,686.5434046452306,3368.219251085988,46.36575324994653,838.4371294257165,89.17699096496162,779.4234226190476,460.0807316468254,3116.1759350198413,1251.1592435515875,3620.6666666666665,49.688125,387.66572916666667,75.79456101190476,779.4234226190476,460.0807316468254,3116.1759350198413,1251.1592435515875,3620.6666666666665,49.688125,387.66572916666667,75.79456101190476
2025-04-27 20:00:00+00:00,,,,,,,,,782.4057703272978,442.47679432644827,2297.815053906026,688.2902236827971,3840.8273299357634,47.03028205952622,425.71295760152077,92.72406656388468,779.4234226190476,460.0807316468254,3116.1759350198413,1251.1592435515875,3620.6666666666665,49.688125,387.66572916666667,75.79456101190476,779.4234226190476,460.0807316468254,3116.1759350198413,1251.1592435515875,3620.6666666666665,49.688125,387.66572916666667,75.79456101190476
2025-04-27 21:00:00+00:00,,,,,,,,,743.0389057563625,434.9957043159834,1893.2925106484527,823.4859986529689,3469.045618504213,50.08507021119662,281.81590254098614,94.67848617295206,779.4234226190476,460.0807316468254,3116.1759350198413,1251.1592435515875,3620.6666666666665,49.688125,387.66572916666667,75.79456101190476,779.4234226190476,460.0807316468254,3116.1759350198413,1251.1592435515875,3620.6666666666665,49.688125,387.66572916666667,75.79456101190476
2025-04-27 22:00:00+00:00,,,,,,,,,741.4369701394706,427.6414979951594,1568.1420055620472,699.7655463592375,3702.4691929936025,51.71227859083794,205.5863945627766,87.79427348759693,779.4234226190476,460.0807316468254,3116.1759350198413,1251.1592435515875,3620.6666666666665,49.688125,387.66572916666667,75.79456101190476,779.4234226190476,460.0807316468254,3116.1759350198413,1251.1592435515875,3620.6666666666665,49.688125,387.66572916666667,75.79456101190476
2025-04-27 23:00:00+00:00,,,,,,,,,739.4159133419524,439.41977622054605,1465.067498970204,777.0605637174598,4185.083845797655,52.43857957775302,195.75088682940137,85.0247141112838,779.4234226190476,460.0807316468254,3116.1759350198413,1251.1592435515875,3620.6666666666665,49.688125,387.66572916666667,75.79456101190476,779.4234226190476,460.0807316468254,3116.1759350198413,1251.1592435515875,3620.6666666666665,49.688125,387.66572916666667,75.79456101190476
2025-04-28 00:00:00+00:00,,,,,,,,,730.3951969207592,438.91393313095784,2145.426643715967,902.7737394806841,4799.682160044949,54.75875783746508,231.43098492309673,88.39473889853804,779.4234226190476,460.0807316468254,3116.1759350198413,1251.1592435515875,3620.6666666666665,49.688125,387.66572916666667,75.79456101190476,779.4234226190476,460.0807316468254,3116.1759350198413,1251.1592435515875,3620.6666666666665,49.688125,387.66572916666667,75.79456101190476
2025-04-28 01:00:00+00:00,,,,,,,,,728.1349993138057,439.39367003014917,2885.0403943515457,829.9620181253688,4580.768626286377,54.79028241022759,219.15139427837843,87.12123689549273,779.4234226190476,460.0807316468254,3116.1759350198413,1251.1592435515875,3620.6666666666665,49.688125,387.66572916666667,75.79456101190476,779.4234226190476,460.0807316468254,3116.1759350198413,1251.1592435515875,3620.6666666666665,49.688125,387.66572916666667,75.79456101190476
2025-04-28 02:00:00+00:00,,,,,,,,,728.4654786766258,416.4583753013458,3715.5757547464473,949.7728953741114,4733.44608752876,53.9349008058833,213.84001545188127,87.20423202286402,779.4234226190476,460.0807316468254,3116.1759350198413,1251.1592435515875,3620.6666666666665,49.688125,387.66572916666667,75.79456101190476,779.4234226190476,460.0807316468254,3116.1759350198413,1251.1592435515875,3620.6666666666665,49.688125,387.66572916666667,75.79456101190476
2025-04-28 03:00:00+00:00,,,,,,,,,741.1112135205038,394.2820963075666,4433.871307567645,1259.5407799621332,4396.415491541775,54.95231922471248,241.9879148165549,86.4772021784459,779.4234226190476,460.0807316468254,3116.1759350198413,1251.1592435515875,3620.6666666666665,49.688125,387.66572916666667,75.79456101190476,779.4234226190476,460.0807316468254,3116.1759350198413,1251.1592435515875,3620.6666666666665,49.688125,387.66572916666667,75.79456101190476
2025-04-28 04:00:00+00:00,,,,,,,,,803.3319351078086,413.7917966113291,5068.92901528638,1532.2678759426342,4322.047019699339,53.67515237459463,556.8810496500045,84.79814960837736,779.4234226190476,460.0807316468254,3116.1759350198413,1251.1592435515875,3620.6666666666665,49.688125,387.66572916666667,75.79456101190476,779.4234226190476,460.0807316468254,3116.1759350198413,1251.1592435515875,3620.6666666666665,49.688125,387.66572916666667,75.79456101190476
2025-04-28 05:00:00+00:00,,,,,,,,,842.9188344160236,424.2729240396192,4974.885649279247,1246.179392655343,3884.898424365327,56.961179811316285,1043.4721391003313,81.02107172283806,779.4234226190476,460.0807316468254,3116.1759350198413,1251.1592435515875,3620.6666666666665,49.688125,387.66572916666667,75.79456101190476,779.4234226190476,460.0807316468254,3116.1759350198413,1251.1592435515875,3620.6666666666665,49.688125,387.66572916666667,75.79456101190476
2025-04-28 06:00:00+00:00,,,,,,,,,826.8848560183058,429.2427141684597,4176.116034009733,1187.0695796867592,3496.114842893068,51.512206305382996,764.5057227005934,78.34340292413974,779.4234226190476,460.0807316468254,3116.1759350198413,1251.1592435515875,3620.6666666666665,49.688125,387.66572916666667,75.79456101190476,779.4234226190476,460.0807316468254,3116.1759350198413,1251.1592435515875,3620.6666666666665,49.688125,387.66572916666667,75.79456101190476
2025-04-28 07:00:00+00:00,,,,,,,,,782.812181399798,437.72664048995483,3518.9873882624593,1072.743752503131,3822.569588989471,54.17873578995316,433.56676354199834,87.46262352213647,779.4234226190476,460.0807316468254,3116.1759350198413,1251.1592435515875,3620.6666666666665,49.688125,387.66572916666667,75.79456101190476,779.4234226190476,460.0807316468254,3116.1759350198413,1251.1592435515875,3620.6666666666665,49.688125,387.66572916666667,75.79456101190476
2025-04-28 08:00:00+00:00,,,,,,,,,757.470906807215,435.967514447873,2599.2969496223386,914.5479989293774,3895.6277318469492,52.024785679594174,242.96825617924705,89.29768099845052,779.4234226190476,460.0807316468254,3116.1759350198413,1251.1592435515875,3620.6666666666665,49.688125,387.66572916666667,75.79456101190476,779.4234226190476,460.0807316468254,3116.1759350198413,1251.1592435515875,3620.6666666666665,49.688125,387.66572916666667,75.79456101190476
2025-04-28 09:00:00+00:00,,,,,,,,,728.6614693882344,447.5375133412435,2048.4688041497925,721.881644118974,3230.0303751516403,50.75603537389222,205.16340725454128,92.14248085185827,779.4234226190476,460.0807316468254,3116.1759350198413,1251.1592435515875,3620.6666666666665,49.688125,387.66572916666667,75.79456101190476,779.4234226190476,460.0807316468254,3116.1759350198413,1251.1592435515875,3620.6666666666665,49.688125,387.66572916666667,75.79456101190476
2025-04-28 10:00:00+00:00,,,,,,,,,719.1198269964773,445.47050044581863,1810.521278556524,630.0141276725786,2746.8791510211295,48.79891401047698,193.41318896155113,91.34490450593114,779.4234226190476,460.0807316468254,3116.1759350198413,1251.1592435515875,3620.6666666666665,49.688125,387.66572916666667,75.79456101190476,779.4234226190476,460.0807316468254,3116.1759350198413,1251.1592435515875,3620.6666666666665,49.688125,387.66572916666667,75.79456101190476
2025-04-28 11:00:00+00:00,,,,,,,,,709.9648223528499,456.21798008672954,1771.6054261648499,614.5096229128275,2600.6439078807157,46.814260783815726,182.76960772424212,85.49604823394392,779.4234226190476,460.0807316468254,3116.1759350198413,1251.1592435515875,3620.6666666666665,49.688125,387.66572916666667,75.79456101190476,779.4234226190476,460.0807316468254,3116.1759350198413,1251.1592435515875,3620.6666666666665,49.688125,387.66572916666667,75.79456101190476
2025-04-28 12:00:00+00:00,,,,,,,,,708.6263281959612,456.1292436546182,1821.7000026935648,457.051169136941,2255.093282188578,46.443138415765105,178.4149124542979,87.36853145757186,779.4234226190476,460.0807316468254,3116.1759350198413,1251.1592435515875,3620.6666666666665,49.688125,387.66572916666667,75.79456101190476,779.4234226190476,460.0807316468254,3116.1759350198413,1251.1592435515875,3620.6666666666665,49.688125,387.66572916666667,75.79456101190476
2025-04-28 13:00:00+00:00,,,,,,,,,710.7609341871943,456.1117631782271,1649.8405566390097,515.9730115975105,2017.1926421067255,47.49117775673606,178.4149124542979,91.5429728639691,779.4234226190476,460.0807316468254,3116.1759350198413,1251.1592435515875,3620.6666666666665,49.688125,387.66572916666667,75.79456101190476,779.4234226190476,460.0807316468254,3116.1759350198413,1251.1592435515875,3620.6666666666665,49.688125,387.66572916666667,75.79456101190476
2025-04-28 14:00:00+00:00,,,,,,,,,728.8236976131972,456.2351735698016,1891.3421880714511,738.1902897870746,2190.6829893956965,49.50453176388789,201.830551728718,97.0030783010595,779.4234226190476,460.0807316468254,3116.1759350198413,1251.1592435515875,3620.6666666666665,49.688125,387.66572916666667,75.79456101190476,779.4234226190476,460.0807316468254,3116.1759350198413,1251.1592435515875,3620.6666666666665,49.688125,387.66572916666667,75.79456101190476
2025-04-28 15:00:00+00:00,,,,,,,,,750.834982554158,455.8713972117625,2973.046028669984,947.2432137783084,3050.8386441021617,45.89879437610925,275.2522266192942,96.21250753138582,779.4234226190476,460.0807316468254,3116.1759350198413,1251.1592435515875,3620.6666666666665,49.688125,387.66572916666667,75.79456101190476,779.4234226190476,460.0807316468254,3116.1759350198413,1251.1592435515875,3620.6666666666665,49.688125,387.66572916666667,75.79456101190476
2025-04-28 16:00:00+00:00,,,,,,,,,800.5380206238449,460.49153688255734,4619.742798875615,1416.508885517041,3903.54498278161,43.597187557352804,521.5673440610924,95.94756711301532,779.4234226190476,460.0807316468254,3116.1759350198413,1251.1592435515875,3620.6666666666665,49.688125,387.66572916666667,75.79456101190476,779.4234226190476,460.0807316468254,3116.1759350198413,1251.1592435515875,3620.6666666666665,49.688125,387.66572916666667,75.79456101190476
2025-04-28 17:00:00+00:00,,,,,,,,,837.6503783921912,460.8884696038324,5172.177246841595,1081.1681404278763,4251.117141033552,43.627567379255204,1031.8750340659058,90.73617471664151,779.4234226190476,460.0807316468254,3116.1759350198413,1251.1592435515875,3620.6666666666665,49.688125,387.66572916666667,75.79456101190476,779.4234226190476,460.0807316468254,3116.1759350198413,1251.1592435515875,3620.6666666666665,49.688125,387.66572916666667,75.79456101190476
2025-04-28 18:00:00+00:00,,,,,,,,,859.3133072762446,442.7701890959028,5021.866611511481,896.9186495097757,4452.301923275272,47.31967458447697,1274.9385777739856,96.01448257086093,779.4234226190476,460.0807316468254,3116.1759350198413,1251.1592435515875,3620.6666666666665,49.688125,387.66572916666667,75.79456101190476,779.4234226190476,460.0807316468254,3116.1759350198413,1251.1592435515875,3620.6666666666665,49.688125,387.66572916666667,75.79456101190476
2025-04-28 19:00:00+00:00,,,,,,,,,819.6135595097938,446.07137960478826,4872.047512034979,1046.5779942523818,4304.733284581589,47.40686878408338,1192.3152579184182,95.87947190485541,779.4234226190476,460.0807316468254,3116.1759350198413,1251.1592435515875,3620.6666666666665,49.688125,387.66572916666667,75.79456101190476,779.4234226190476,460.0807316468254,3116.1759350198413,1251.1592435515875,3620.6666666666665,49.688125,387.66572916666667,75.79456101190476
2025-04-28 20:00:00+00:00,,,,,,,,,775.2667348518826,434.11231074264106,3167.6782480862685,935.5602015421509,4414.815778495017,49.65132195290047,450.0697328931595,98.93927990429928,779.4234226190476,460.0807316468254,3116.1759350198413,1251.1592435515875,3620.6666666666665,49.688125,387.66572916666667,75.79456101190476,779.4234226190476,460.0807316468254,3116.1759350198413,1251.1592435515875,3620.6666666666665,49.688125,387.66572916666667,75.79456101190476
2025-04-28 21:00:00+00:00,,,,,,,,,755.110295246725,427.9734468451011,2888.0698436599423,1013.2428775389114,4375.9834186960425,50.998157045562536,331.85780931148184,97.2417595816289,779.4234226190476,460.0807316468254,3116.1759350198413,1251.1592435515875,3620.6666666666665,49.688125,387.66572916666667,75.79456101190476,779.4234226190476,460.0807316468254,3116.1759350198413,1251.1592435515875,3620.6666666666665,49.688125,387.66572916666667,75.79456101190476
2025-04-28 22:00:00+00:00,,,,,,,,,741.9123760483878,430.6587108304585,2844.4527187804733,894.793644971287,4654.542180196879,53.15005070569014,243.22222550089754,97.12149412019784,779.4234226190476,460.0807316468254,3116.1759350198413,1251.1592435515875,3620.6666666666665,49.688125,387.66572916666667,75.79456101190476,779.4234226190476,460.0807316468254,3116.1759350198413,1251.1592435515875,3620.6666666666665,49.688125,387.66572916666667,75.79456101190476
2025-04-28 23:00:00+00:00,,,,,,,,,711.8625613747785,459.6457501421572,2377.4527742559585,952.2193612997821,3633.1962912730164,53.696973058453494,237.3452680331474,93.62066598107403,779.4234226190476,460.0807316468254,3116.1759350198413,1251.1592435515875,3620.6666666666665,49.688125,387.66572916666667,75.79456101190476,779.4234226190476,460.0807316468254,3116.1759350198413,1251.1592435515875,3620.6666666666665,49.688125,387.66572916666667,75.79456101190476
2025-04-29 00:00:00+00:00,,,,,,,,,722.2818379401115,455.5173341317863,2483.349531188402,955.6116743559921,4038.1135671688357,53.011777511049274,221.0926678970701,91.86313408599995,779.4234226190476,460.0807316468254,3116.1759350198413,1251.1592435515875,3620.6666666666665,49.688125,387.66572916666667,75.79456101190476,779.4234226190476,460.0807316468254,3116.1759350198413,1251.1592435515875,3620.6666666666665,49.688125,387.66572916666667,75.79456101190476
2025-04-29 01:00:00+00:00,,,,,,,,,721.6129892823527,467.8691245190605,2752.24525716699,965.0937544321421,4565.6630792665765,52.25011117043756,220.03959772831914,90.24722525577693,779.4234226190476,460.0807316468254,3116.1759350198413,1251.1592435515875,3620.6666666666665,49.688125,387.66572916666667,75.79456101190476,779.4234226190476,460.0807316468254,3116.1759350198413,1251.1592435515875,3620.6666666666665,49.688125,387.66572916666667,75.79456101190476
2025-04-29 02:00:00+00:00,,,,,,,,,721.7459735943872,462.28355995747614,2345.603336795783,949.6032972510307,4447.1479576704405,52.759971390753165,224.9549304985668,90.64375282901995,779.4234226190476,460.0807316468254,3116.1759350198413,1251.1592435515875,3620.6666666666665,49.688125,387.66572916666667,75.79456101190476,779.4234226190476,460.0807316468254,3116.1759350198413,1251.1592435515875,3620.6666666666665,49.688125,387.66572916666667,75.79456101190476
2025-04-29 03:00:00+00:00,,,,,,,,,753.134070781633,468.7306080351689,2430.3301197812125,1180.720417519056,4835.726966979853,51.09007234737165,249.11451528000728,93.27791239133481,779.4234226190476,460.0807316468254,3116.1759350198413,1251.1592435515875,3620.6666666666665,49.688125,387.66572916666667,75.79456101190476,779.4234226190476,460.0807316468254,3116.1759350198413,1251.1592435515875,3620.6666666666665,49.688125,387.66572916666667,75.79456101190476
2025-04-29 04:00:00+00:00,,,,,,,,,785.7639829209338,461.20981984677184,3449.047812075249,1343.0411706734799,4973.946110477779,52.687735231123135,574.1859025417365,91.77730126806385,779.4234226190476,460.0807316468254,3116.1759350198413,1251.1592435515875,3620.6666666666665,49.688125,387.66572916666667,75.79456101190476,779.4234226190476,460.0807316468254,3116.1759350198413,1251.1592435515875,3620.6666666666665,49.688125,387.66572916666667,75.79456101190476
2025-04-29 05:00:00+00:00,,,,,,,,,833.5654229465035,441.8480596264797,3966.905127104508,1505.8690115018408,4801.866028653432,53.131396334924865,1121.2751835588233,87.06371505702123,779.4234226190476,460.0807316468254,3116.1759350198413,1251.1592435515875,3620.6666666666665,49.688125,387.66572916666667,75.79456101190476,779.4234226190476,460.0807316468254,3116.1759350198413,1251.1592435515875,3620.6666666666665,49.688125,387.66572916666667,75.79456101190476
2025-04-29 06:00:00+00:00,,,,,,,,,833.1162006446332,452.7720644249534,3329.1369601804645,1450.4130868354855,4194.986817398874,52.83983712066747,813.3607058909492,91.10292237637437,779.4234226190476,460.0807316468254,3116.1759350198413,1251.1592435515875,3620.6666666666665,49.688125,387.66572916666667,75.79456101190476,779.4234226190476,460.0807316468254,3116.1759350198413,1251.1592435515875,3620.6666666666665,49.688125,387.66572916666667,75.79456101190476
2025-04-29 07:00:00+00:00,,,,,,,,,783.1241823725388,451.18849257131177,3321.4154859189916,1066.0998353972686,3960.3450484049713,56.23245174042732,346.31764486770993,93.49082656904419,779.4234226190476,460.0807316468254,3116.1759350198413,1251.1592435515875,3620.6666666666665,49.688125,387.66572916666667,75.79456101190476,779.4234226190476,460.0807316468254,3116.1759350198413,1251.1592435515875,3620.6666666666665,49.688125,387.66572916666667,75.79456101190476
2025-04-29 08:00:00+00:00,,,,,,,,,740.8650625126903,452.15465916604813,2368.750819660081,958.6715759650997,3794.9763934554376,58.18023464580815,244.39964366988562,87.95409142777555,779.4234226190476,460.0807316468254,3116.1759350198413,1251.1592435515875,3620.6666666666665,49.688125,387.66572916666667,75.79456101190476,779.4234226190476,460.0807316468254,3116.1759350198413,1251.1592435515875,3620.6666666666665,49.688125,387.66572916666667,75.79456101190476
2025-04-29 09:00:00+00:00,,,,,,,,,709.1474631919194,456.52131243948054,1992.7866208185744,886.0951398622669,3062.328289214882,51.59925964951955,193.30813047063435,93.78624634222714,779.4234226190476,460.0807316468254,3116.1759350198413,1251.1592435515875,3620.6666666666665,49.688125,387.66572916666667,75.79456101190476,779.4234226190476,460.0807316468254,3116.1759350198413,1251.1592435515875,3620.6666666666665,49.688125,387.66572916666667,75.79456101190476
2025-04-29 10:00:00+00:00,,,,,,,,,712.5393441203506,456.6121971525208,1678.1962225016769,768.9890158377101,2833.934311971044,50.96544460575072,209.05417425689433,91.02626868501048,779.4234226190476,460.0807316468254,3116.1759350198413,1251.1592435515875,3620.6666666666665,49.688125,387.66572916666667,75.79456101190476,779.4234226190476,460.0807316468254,3116.1759350198413,1251.1592435515875,3620.6666666666665,49.688125,387.66572916666667,75.79456101190476
2025-04-29 11:00:00+00:00,,,,,,,,,699.8112858301859,456.50057731989426,1475.3795329383117,729.5981702586201,2725.0754532149112,48.265121268365036,178.66389182056088,89.33577707774226,779.4234226190476,460.0807316468254,3116.1759350198413,1251.1592435515875,3620.6666666666665,49.688125,387.66572916666667,75.79456101190476,779.4234226190476,460.0807316468254,3116.1759350198413,1251.1592435515875,3620.6666666666665,49.688125,387.66572916666667,75.79456101190476
2025-04-29 12:00:00+00:00,,,,,,,,,696.3067502974989,456.51020711295587,1605.333905389944,618.6274955632294,2367.3983210837396,46.479238416607245,178.8473455158365,89.56929643722962,779.4234226190476,460.0807316468254,3116.1759350198413,1251.1592435515875,3620.6666666666665,49.688125,387.66572916666667,75.79456101190476,779.4234226190476,460.0807316468254,3116.1759350198413,1251.1592435515875,3620.6666666666665,49.688125,387.66572916666667,75.79456101190476
2025-04-29 13:00:00+00:00,,,,,,,,,698.5304775414635,456.4061973784041,1492.5420569038226,751.1301654166077,2339.5783943695315,49.23246953062278,178.1473026956128,90.89876660247214,779.4234226190476,460.0807316468254,3116.1759350198413,1251.1592435515875,3620.6666666666665,49.688125,387.66572916666667,75.79456101190476,779.4234226190476,460.0807316468254,3116.1759350198413,1251.1592435515875,3620.6666666666665,49.688125,387.66572916666667,75.79456101190476
2025-04-29 14:00:00+00:00,,,,,,,,,710.1406065828237,456.4353437677745,1838.8888127987898,907.5949765990633,2808.0299587494374,50.38740118756625,193.19655511089363,94.06186176629953,779.4234226190476,460.0807316468254,3116.1759350198413,1251.1592435515875,3620.6666666666665,49.688125,387.66572916666667,75.79456101190476,779.4234226190476,460.0807316468254,3116.1759350198413,1251.1592435515875,3620.6666666666665,49.688125,387.66572916666667,75.79456101190476
2025-04-29 15:00:00+00:00,,,,,,,,,737.6326425532553,456.23894900678494,2723.5536407233503,1152.0999028969252,3406.636966969975,53.809003194447044,264.23424465259274,86.92579453229672,779.4234226190476,460.0807316468254,3116.1759350198413,1251.1592435515875,3620.6666666666665,49.688125,387.66572916666667,75.79456101190476,779.4234226190476,460.0807316468254,3116.1759350198413,1251.1592435515875,3620.6666666666665,49.688125,387.66572916666667,75.79456101190476
2025-04-29 16:00:00+00:00,,,,,,,,,784.3309049535949,456.610892126604,4452.85018213856,1534.8589589031264,4199.146821395192,49.383784078265975,494.32295305314886,93.18617847853258,779.4234226190476,460.0807316468254,3116.1759350198413,1251.1592435515875,3620.6666666666665,49.688125,387.66572916666667,75.79456101190476,779.4234226190476,460.0807316468254,3116.1759350198413,1251.1592435515875,3620.6666666666665,49.688125,387.66572916666667,75.79456101190476
2025-04-29 17:00:00+00:00,,,,,,,,,826.8720466250603,458.445079233432,5473.890830916289,1688.301732064291,4573.845009501063,54.77592932575781,1043.7260950178986,89.16970577009799,779.4234226190476,460.0807316468254,3116.1759350198413,1251.1592435515875,3620.6666666666665,49.688125,387.66572916666667,75.79456101190476,779.4234226190476,460.0807316468254,3116.1759350198413,1251.1592435515875,3620.6666666666665,49.688125,387.66572916666667,75.79456101190476
2025-04-29 18:00:00+00:00,,,,,,,,,840.9186378193644,457.11076334152705,5747.323938210191,1454.8148852147865,4541.171042981923,45.863798079129346,1264.2147662729533,96.05191469281428,779.4234226190476,460.0807316468254,3116.1759350198413,1251.1592435515875,3620.6666666666665,49.688125,387.66572916666667,75.79456101190476,779.4234226190476,460.0807316468254,3116.1759350198413,1251.1592435515875,3620.6666666666665,49.688125,387.66572916666667,75.79456101190476
2025-04-29 19:00:00+00:00,,,,,,,,,830.6522558041829,457.64810171589926,5529.063889992658,1260.8822323048814,4612.258773164868,48.147963279672894,1177.5579413649384,97.0791671693599,779.4234226190476,460.0807316468254,3116.1759350198413,1251.1592435515875,3620.6666666666665,49.688125,387.66572916666667,75.79456101190476,779.4234226190476,460.0807316468254,3116.1759350198413,1251.1592435515875,3620.6666666666665,49.688125,387.66572916666667,75.79456101190476
2025-04-29 20:00:00+00:00,,,,,,,,,785.5900659314293,474.8460323235881,4690.086142104489,1106.2920476768873,4476.231245084031,51.19912832465063,433.4064838108581,91.8975068256968,779.4234226190476,460.0807316468254,3116.1759350198413,1251.1592435515875,3620.6666666666665,49.688125,387.66572916666667,75.79456101190476,779.4234226190476,460.0807316468254,3116.1759350198413,1251.1592435515875,3620.6666666666665,49.688125,387.66572916666667,75.79456101190476
2025-04-29 21:00:00+00:00,,,,,,,,,749.1370612669922,492.173202327573,4090.7823914294086,1022.3567249890558,4394.983706890184,51.09487410825928,287.9956263528628,94.31953186348423,779.4234226190476,460.0807316468254,3116.1759350198413,1251.1592435515875,3620.6666666666665,49.688125,387.66572916666667,75.79456101190476,779.4234226190476,460.0807316468254,3116.1759350198413,1251.1592435515875,3620.6666666666665,49.688125,387.66572916666667,75.79456101190476
2025-04-29 22:00:00+00:00,,,,,,,,,713.2586386880475,494.76790913496785,3029.0202549297046,933.2968542677074,4149.884814038964,48.10493485360397,216.3517582965507,97.15789555184175,779.4234226190476,460.0807316468254,3116.1759350198413,1251.1592435515875,3620.6666666666665,49.688125,387.66572916666667,75.79456101190476,779.4234226190476,460.0807316468254,3116.1759350198413,1251.1592435515875,3620.6666666666665,49.688125,387.66572916666667,75.79456101190476
2025-04-29 23:00:00+00:00,,,,,,,,,698.9111827375029,494.0172979308867,2961.1343149900054,886.6420799337557,4194.91092797158,49.163155612910735,195.80466476270058,96.82894134863326,779.4234226190476,460.0807316468254,3116.1759350198413,1251.1592435515875,3620.6666666666665,49.688125,387.66572916666667,75.79456101190476,779.4234226190476,460.0807316468254,3116.1759350198413,1251.1592435515875,3620.6666666666665,49.688125,387.66572916666667,75.79456101190476
2025-04-30 00:00:00+00:00,,,,,,,,,703.0661406817851,450.2925261074801,2927.8022752248135,955.5080450004602,4453.777536849022,45.005663572626545,204.00143294650087,95.0608769849255,779.4234226190476,460.0807316468254,3116.1759350198413,1251.1592435515875,3620.6666666666665,49.688125,387.66572916666667,75.79456101190476,779.4234226190476,460.0807316468254,3116.1759350198413,1251.1592435515875,3620.6666666666665,49.688125,387.66572916666667,75.79456101190476
2025-04-30 01:00:00+00:00,,,,,,,,,713.7510652911666,451.4080263318402,2855.7113370087163,1083.077362706995,4422.418213672495,46.771421356861815,212.72990157581467,91.5487380886928,779.4234226190476,460.0807316468254,3116.1759350198413,1251.1592435515875,3620.6666666666665,49.688125,387.66572916666667,75.79456101190476,779.4234226190476,460.0807316468254,3116.1759350198413,1251.1592435515875,3620.6666666666665,49.688125,387.66572916666667,75.79456101190476
2025-04-30 02:00:00+00:00,,,,,,,,,726.1572878086141,450.18339045382476,3484.898069915453,1147.2880252028751,4397.3366634522245,46.85800876661474,209.5938971496242,92.1886338205324,779.4234226190476,460.0807316468254,3116.1759350198413,1251.1592435515875,3620.6666666666665,49.688125,387.66572916666667,75.79456101190476,779.4234226190476,460.0807316468254,3116.1759350198413,1251.1592435515875,3620.6666666666665,49.688125,387.66572916666667,75.79456101190476
2025-04-30 03:00:00+00:00,,,,,,,,,747.5926136431989,437.8986247925757,4271.491562208865,1376.9430925513564,4613.3089967618,47.47175356535126,247.983986699094,90.51360210908426,779.4234226190476,460.0807316468254,3116.1759350198413,1251.1592435515875,3620.6666666666665,49.688125,387.66572916666667,75.79456101190476,779.4234226190476,460.0807316468254,3116.1759350198413,1251.1592435515875,3620.6666666666665,49.688125,387.66572916666667,75.79456101190476
2025-04-30 04:00:00+00:00,,,,,,,,,806.960524801302,430.956824788389,5066.98173353601,1838.1578398358154,4691.205840154901,46.09711761964056,618.9637166320682,89.2301553511254,779.4234226190476,460.0807316468254,3116.1759350198413,1251.1592435515875,3620.6666666666665,49.688125,387.66572916666667,75.79456101190476,779.4234226190476,460.0807316468254,3116.1759350198413,1251.1592435515875,3620.6666666666665,49.688125,387.66572916666667,75.79456101190476
2025-04-30 05:00:00+00:00,,,,,,,,,828.0618413037769,427.99634071500213,5252.911862929539,1708.0616292834056,4525.47869004814,45.80832553818838,1006.2753762682821,93.09414227513324,779.4234226190476,460.0807316468254,3116.1759350198413,1251.1592435515875,3620.6666666666665,49.688125,387.66572916666667,75.79456101190476,779.4234226190476,460.0807316468254,3116.1759350198413,1251.1592435515875,3620.6666666666665,49.688125,387.66572916666667,75.79456101190476
2025-04-30 06:00:00+00:00,,,,,,,,,820.3919394201109,452.0354976520557,4889.321477445008,1669.3720954410437,4567.918983279909,46.792783861663075,680.8743762291472,93.15248551275211,779.4234226190476,460.0807316468254,3116.1759350198413,1251.1592435515875,3620.6666666666665,49.688125,387.66572916666667,75.79456101190476,779.4234226190476,460.0807316468254,3116.1759350198413,1251.1592435515875,3620.6666666666665,49.688125,387.66572916666667,75.79456101190476
2025-04-30 07:00:00+00:00,,,,,,,,,771.1956291855779,465.11705487161754,4028.8243063406258,1202.556104935485,3772.730527436928,47.00364360551735,344.139987214478,96.08556466582064,779.4234226190476,460.0807316468254,3116.1759350198413,1251.1592435515875,3620.6666666666665,49.688125,387.66572916666667,75.79456101190476,779.4234226190476,460.0807316468254,3116.1759350198413,1251.1592435515875,3620.6666666666665,49.688125,387.66572916666667,75.79456101190476
2025-04-30 08:00:00+00:00,,,,,,,,,720.4609052513375,456.5336088587964,2528.780464782755,1058.8656720791885,3528.747767251988,43.70606177971173,229.5397160871002,91.88958292160007,779.4234226190476,460.0807316468254,3116.1759350198413,1251.1592435515875,3620.6666666666665,49.688125,387.66572916666667,75.79456101190476,779.4234226190476,460.0807316468254,3116.1759350198413,1251.1592435515875,3620.6666666666665,49.688125,387.66572916666667,75.79456101190476
2025-04-30 09:00:00+00:00,,,,,,,,,699.1814522636553,455.39907341667725,1843.8242176313768,1038.9132568157754,2873.951507735129,40.4935770058804,193.73475283150097,93.80263622342017,779.4234226190476,460.0807316468254,3116.1759350198413,1251.1592435515875,3620.6666666666665,49.688125,387.66572916666667,75.79456101190476,779.4234226190476,460.0807316468254,3116.1759350198413,1251.1592435515875,3620.6666666666665,49.688125,387.66572916666667,75.79456101190476
2025-04-30 10:00:00+00:00,,,,,,,,,684.1601587864234,455.3295128912556,2042.8855045892863,784.6692336808673,2481.548049856502,42.924532962786856,178.30717904279214,94.35764172188219,779.4234226190476,460.0807316468254,3116.1759350198413,1251.1592435515875,3620.6666666666665,49.688125,387.66572916666667,75.79456101190476,779.4234226190476,460.0807316468254,3116.1759350198413,1251.1592435515875,3620.6666666666665,49.688125,387.66572916666667,75.79456101190476
2025-04-30 11:00:00+00:00,,,,,,,,,670.8691403000873,455.3295128912556,1900.8808671621632,785.8363829931086,2482.448732806368,38.541034268623164,168.0888081542902,95.36681904024104,779.4234226190476,460.0807316468254,3116.1759350198413,1251.1592435515875,3620.6666666666665,49.688125,387.66572916666667,75.79456101190476,779.4234226190476,460.0807316468254,3116.1759350198413,1251.1592435515875,3620.6666666666665,49.688125,387.66572916666667,75.79456101190476
2025-04-30 12:00:00+00:00,,,,,,,,,664.8134780641717,455.3368464984044,1818.9335217671087,700.3185674500597,2261.4661090446434,39.932289104152964,172.2798351041415,95.03250469025657,779.4234226190476,460.0807316468254,3116.1759350198413,1251.1592435515875,3620.6666666666665,49.688125,387.66572916666667,75.79456101190476,779.4234226190476,460.0807316468254,3116.1759350198413,1251.1592435515875,3620.6666666666665,49.688125,387.66572916666667,75.79456101190476
2025-04-30 13:00:00+00:00,,,,,,,,,676.0767625103406,455.02304030805726,1656.5338463172764,722.9430553306627,2090.885771973539,46.32975893234385,176.84305071437052,96.04080872998236,779.4234226190476,460.0807316468254,3116.1759350198413,1251.1592435515875,3620.6666666666665,49.688125,387.66572916666667,75.79456101190476,779.4234226190476,460.0807316468254,3116.1759350198413,1251.1592435515875,3620.6666666666665,49.688125,387.66572916666667,75.79456101190476
2025-04-30 14:00:00+00:00,,,,,,,,,693.1532504858599,454.8747930021218,2034.2377892707636,814.715238759681,2234.7433210199624,44.99938183659748,196.98562843841546,94.96623484005293,779.4234226190476,460.0807316468254,3116.1759350198413,1251.1592435515875,3620.6666666666665,49.688125,387.66572916666667,75.79456101190476,779.4234226190476,460.0807316468254,3116.1759350198413,1251.1592435515875,3620.6666666666665,49.688125,387.66572916666667,75.79456101190476
2025-04-30 15:00:00+00:00,,,,,,,,,722.4612069561314,455.43341834085186,2670.2199240164878,1025.4584477011622,3193.560391088022,56.18370744329504,287.416589872643,86.7769157259863,779.4234226190476,460.0807316468254,3116.1759350198413,1251.1592435515875,3620.6666666666665,49.688125,387.66572916666667,75.79456101190476,779.4234226190476,460.0807316468254,3116.1759350198413,1251.1592435515875,3620.6666666666665,49.688125,387.66572916666667,75.79456101190476
2025-04-30 16:00:00+00:00,,,,,,,,,772.059849268238,454.07693419160034,4599.193302769637,1396.9318930850127,4192.2582425958535,53.64423134681007,576.0048885731345,89.9857268017357,779.4234226190476,460.0807316468254,3116.1759350198413,1251.1592435515875,3620.6666666666665,49.688125,387.66572916666667,75.79456101190476,779.4234226190476,460.0807316468254,3116.1759350198413,1251.1592435515875,3620.6666666666665,49.688125,387.66572916666667,75.79456101190476
2025-04-30 17:00:00+00:00,,,,,,,,,805.7740141596746,455.3167607932922,5233.047080910295,1411.410140019031,4540.724309947913,54.056159709007126,1188.1192694708964,90.97115628800137,779.4234226190476,460.0807316468254,3116.1759350198413,1251.1592435515875,3620.6666666666665,49.688125,387.66572916666667,75.79456101190476,779.4234226190476,460.0807316468254,3116.1759350198413,1251.1592435515875,3620.6666666666665,49.688125,387.66572916666667,75.79456101190476
2025-04-30 18:00:00+00:00,,,,,,,,,807.5181453356353,455.115572293318,5707.780438111338,1337.8199171149993,4400.738814424538,43.31755721095408,1397.8266205179848,97.05766873428011,779.4234226190476,460.0807316468254,3116.1759350198413,1251.1592435515875,3620.6666666666665,49.688125,387.66572916666667,75.79456101190476,779.4234226190476,460.0807316468254,3116.1759350198413,1251.1592435515875,3620.6666666666665,49.688125,387.66572916666667,75.79456101190476
2025-04-30 19:00:00+00:00,,,,,,,,,808.2353059869887,460.7557271476604,5145.389645106028,1308.7309578967506,4418.9351863591,43.858705226250635,1296.3835030262878,99.74292709533444,779.4234226190476,460.0807316468254,3116.1759350198413,1251.1592435515875,3620.6666666666665,49.688125,387.66572916666667,75.79456101190476,779.4234226190476,460.0807316468254,3116.1759350198413,1251.1592435515875,3620.6666666666665,49.688125,387.66572916666667,75.79456101190476
2025-04-30 20:00:00+00:00,,,,,,,,,764.7554605958104,458.43414885042245,4254.886586558359,1508.9830052206423,4382.748216620936,46.14944495314165,540.2853214424359,97.19541867381918,779.4234226190476,460.0807316468254,3116.1759350198413,1251.1592435515875,3620.6666666666665,49.688125,387.66572916666667,75.79456101190476,779.4234226190476,460.0807316468254,3116.1759350198413,1251.1592435515875,3620.6666666666665,49.688125,387.66572916666667,75.79456101190476
2025-04-30 21:00:00+00:00,,,,,,,,,738.8428792523906,457.6337679379687,3692.8780652771115,1414.9748552723433,4360.50219606751,48.49008077812722,322.1100044613063,94.65201328791616,779.4234226190476,460.0807316468254,3116.1759350198413,1251.1592435515875,3620.6666666666665,49.688125,387.66572916666667,75.79456101190476,779.4234226190476,460.0807316468254,3116.1759350198413,1251.1592435515875,3620.6666666666665,49.688125,387.66572916666667,75.79456101190476
2025-04-30 22:00:00+00:00,,,,,,,,,707.1610195229476,456.73077394214334,2994.976884145956,1102.8809367379076,4475.591887399767,46.227493379017105,258.56039043057297,95.41737064523542,779.4234226190476,460.0807316468254,3116.1759350198413,1251.1592435515875,3620.6666666666665,49.688125,387.66572916666667,75.79456101190476,779.4234226190476,460.0807316468254,3116.1759350198413,1251.1592435515875,3620.6666666666665,49.688125,387.66572916666667,75.79456101190476
2025-04-30 23:00:00+00:00,,,,,,,,,698.042242174429,460.0118840791484,2565.7831587857845,934.7577451334605,4015.0505253827996,47.86283929773539,214.54448715364165,98.92542774461236,779.4234226190476,460.0807316468254,3116.1759350198413,1251.1592435515875,3620.6666666666665,49.688125,387.66572916666667,75.79456101190476,779.4234226190476,460.0807316468254,3116.1759350198413,1251.1592435515875,3620.6666666666665,49.688125,387.66572916666667,75.79456101190476
