date,load_50hz_actual,load_50hz_fitted,load_50hz_lower,load_50hz_upper
2025-08-09 00:00:00+00:00,8335.25,8489.009,8271.051205042339,8706.966544995572
2025-08-09 01:00:00+00:00,8311.75,8246.184,8028.225614688763,8464.140954641996
2025-08-09 02:00:00+00:00,8364.5,8204.222,7986.264338336634,8422.179678289867
2025-08-09 03:00:00+00:00,8450.5,8211.328,7993.370667027142,8429.286006980376
2025-08-09 04:00:00+00:00,8739.75,8350.643,8132.685214089077,8568.60055404231
2025-08-09 05:00:00+00:00,9354.25,8929.398,8711.44105246332,9147.356392416554
2025-08-09 06:00:00+00:00,10275.25,9552.186,9334.227578839196,9770.14291879243
2025-08-09 07:00:00+00:00,10604.0,9824.763,9606.805053197611,10042.720393150845
2025-08-09 08:00:00+00:00,10742.25,10112.036,9894.078555309701,10329.993895262935
2025-08-09 09:00:00+00:00,10815.0,10237.757,10019.798949944297,10455.71428989753
2025-08-09 10:00:00+00:00,10682.25,9792.243,9574.285240188377,10010.200580141613
2025-08-09 11:00:00+00:00,10201.5,9432.057,9214.098732663091,9650.014072616324
2025-08-09 12:00:00+00:00,10073.25,9306.196,9088.23899825025,9524.154338203483
2025-08-09 13:00:00+00:00,9858.0,9236.983,9019.025316199291,9454.940656152525
2025-08-09 14:00:00+00:00,10042.5,9306.458,9088.500402401933,9524.415742355166
2025-08-09 15:00:00+00:00,10361.25,9611.824,9393.866936045815,9829.782275999049
2025-08-09 16:00:00+00:00,10652.0,9952.158,9734.200025558688,10170.115365511921
2025-08-09 17:00:00+00:00,10607.75,9891.739,9673.78179763403,10109.697137587265
2025-08-09 18:00:00+00:00,10361.0,9789.117,9571.159642112094,10007.07498206533
2025-08-09 19:00:00+00:00,10308.75,9523.684,9305.726115911235,9741.641455864468
2025-08-09 20:00:00+00:00,9667.25,9098.808,8880.849582006864,9316.764921960097
2025-08-09 21:00:00+00:00,8997.75,8526.197,8308.239014276765,8744.154354229999
2025-08-09 22:00:00+00:00,8824.25,8014.5884,7796.630401307432,8232.545741260667
2025-08-09 23:00:00+00:00,8458.25,7667.1226,7449.16495634286,7885.080296296094
2025-08-10 00:00:00+00:00,8247.0,7489.996,7272.03818508591,7707.953525039144
2025-08-10 01:00:00+00:00,8155.25,7401.1187,7183.160773513478,7619.076113466712
2025-08-10 02:00:00+00:00,8110.0,7510.0747,7292.116751630709,7728.032091583942
2025-08-10 03:00:00+00:00,8197.75,7593.1255,7375.16780562405,7811.083145577284
2025-08-10 04:00:00+00:00,8279.0,7761.0557,7543.097696900896,7979.01303685413
2025-08-10 05:00:00+00:00,8844.75,8331.953,8113.99572647553,8549.911066428764
2025-08-10 06:00:00+00:00,9759.0,8998.961,8781.002970305914,9216.918310259147
2025-08-10 07:00:00+00:00,10358.5,9342.235,9124.277311141144,9560.192651094378
2025-08-10 08:00:00+00:00,10520.5,9636.714,9418.756134559444,9854.671474512677
2025-08-10 09:00:00+00:00,10396.75,9861.922,9643.964335283312,10079.879675236545
2025-08-10 10:00:00+00:00,10117.5,9647.738,9429.780115905838,9865.695455859071
2025-08-10 11:00:00+00:00,9814.0,9207.001,8989.043169233011,9424.958509186245
2025-08-10 12:00:00+00:00,9301.25,8979.618,8761.660881544989,9197.576221498222
2025-08-10 13:00:00+00:00,9264.75,8995.229,8777.270800943745,9213.186140896978
2025-08-10 14:00:00+00:00,9559.25,9086.639,8868.680650476097,9304.59599042933
2025-08-10 15:00:00+00:00,9798.75,9592.372,9374.414375617309,9810.329715570542
2025-08-10 16:00:00+00:00,10120.75,10279.988,10062.030950074388,10497.946290027621
2025-08-10 17:00:00+00:00,10167.5,10219.112,10001.154241998473,10437.069581951706
2025-08-10 18:00:00+00:00,10053.75,10087.492,9869.534410276294,10305.449750229527
2025-08-10 19:00:00+00:00,10129.5,9774.65,9556.692399818134,9992.607739771367
2025-08-10 20:00:00+00:00,9862.75,9473.331,9255.373311674146,9691.28865162738
2025-08-10 21:00:00+00:00,9337.25,9080.616,8862.658353437222,9298.573693390455
2025-08-10 22:00:00+00:00,8916.25,8602.65,8384.69245478957,8820.607794742804
2025-08-10 23:00:00+00:00,8706.75,8237.009,8019.051010888541,8454.966350841776
2025-08-11 00:00:00+00:00,8514.0,8042.575,7824.617239018513,8260.532578971746
2025-08-11 01:00:00+00:00,8510.75,8029.5957,7811.638181925484,8247.553521878719
2025-08-11 02:00:00+00:00,8673.25,8348.854,8130.895618535855,8566.810958489088
2025-08-11 03:00:00+00:00,9490.5,8791.328,8573.370334547484,9009.285674500718
2025-08-11 04:00:00+00:00,10647.5,9601.8545,9383.896413430706,9819.81175338394
2025-08-11 05:00:00+00:00,11637.5,10500.346,10282.38828532086,10718.303625274093
2025-08-11 06:00:00+00:00,12595.5,11144.588,10926.630267783537,11362.54560773677
2025-08-11 07:00:00+00:00,12823.25,11166.509,10948.550852779368,11384.466192732601
2025-08-11 08:00:00+00:00,12716.5,11232.899,11014.941483646122,11450.856823599355
2025-08-11 09:00:00+00:00,12125.25,11137.135,10919.176868254679,11355.092208207912
2025-08-11 10:00:00+00:00,12038.0,10876.497,10658.539483140328,11094.454823093563
2025-08-11 11:00:00+00:00,11963.0,10477.486,10259.528378602148,10695.443718555382
2025-08-11 12:00:00+00:00,11880.25,10123.096,9905.13799669754,10341.053336650773
2025-08-11 13:00:00+00:00,11649.25,9922.809,9704.85081760142,10140.766157554654
2025-08-11 14:00:00+00:00,11884.5,9912.936,9694.978037408246,10130.893377361479
2025-08-11 15:00:00+00:00,11903.5,10264.75,10046.792224571022,10482.707564524255
2025-08-11 16:00:00+00:00,9999.75,10389.6,10171.641461456638,10607.556801409872
2025-08-11 17:00:00+00:00,10116.75,10429.623,10211.665392082854,10647.58073203609
2025-08-11 18:00:00+00:00,11038.25,10151.678,9933.720381258543,10369.635721211776
2025-08-11 19:00:00+00:00,11168.75,9912.9795,9695.021680536178,10130.937020489413
2025-08-11 20:00:00+00:00,10546.5,9528.253,9310.295005866748,9746.210345819982
2025-08-11 21:00:00+00:00,9882.5,8995.727,8777.76905998765,9213.684399940883
2025-08-11 22:00:00+00:00,9490.5,8436.311,8218.35303729475,8654.268377247985
2025-08-11 23:00:00+00:00,9237.0,8092.7524,7874.794788819996,8310.71012877323
2025-08-12 00:00:00+00:00,9113.0,7880.225,7662.267303494302,8098.182643447535
2025-08-12 01:00:00+00:00,9047.75,7861.7573,7643.79944113979,8079.714781093024
2025-08-12 02:00:00+00:00,9290.0,7988.965,7771.007111743487,8206.92245169672
2025-08-12 03:00:00+00:00,9919.25,8199.904,7981.946169058778,8417.861509012011
2025-08-12 04:00:00+00:00,10974.5,8683.105,8465.14810651863,8901.063446471864
2025-08-12 05:00:00+00:00,11804.0,9748.469,9530.51152383325,9966.426863786482
2025-08-12 06:00:00+00:00,12609.75,10419.262,10201.304468049906,10637.21980800314
2025-08-12 07:00:00+00:00,12732.25,10659.072,10441.11476151381,10877.030101467044
2025-08-12 08:00:00+00:00,12540.0,10961.411,10743.453837292269,11179.369177245502
2025-08-12 09:00:00+00:00,12283.0,11002.036,10784.078542851443,11219.993882804676
2025-08-12 10:00:00+00:00,12228.0,10783.657,10565.699355109342,11001.614695062575
2025-08-12 11:00:00+00:00,12008.5,10423.007,10205.048798387827,10640.96413834106
2025-08-12 12:00:00+00:00,12196.5,9968.537,9750.579723357163,10186.495063310396
2025-08-12 13:00:00+00:00,12259.25,9689.343,9471.384632417909,9907.299972371142
2025-08-12 14:00:00+00:00,12524.75,9777.83,9559.872324496375,9995.787664449608
2025-08-12 15:00:00+00:00,12783.0,10325.879,10107.920789864385,10543.836129817619
2025-08-12 16:00:00+00:00,12851.0,10569.987,10352.030045083695,10787.945385036928
2025-08-12 17:00:00+00:00,12391.0,10673.665,10455.70747780058,10891.622817753814
2025-08-12 18:00:00+00:00,11888.0,10297.711,10079.752901364769,10515.668241318002
2025-08-12 19:00:00+00:00,11606.0,10200.355,9982.39769853732,10418.313038490553
2025-08-12 20:00:00+00:00,10824.75,9783.055,9565.096770602719,10001.012110555954
2025-08-12 21:00:00+00:00,10255.5,9311.229,9093.270914516179,9529.186254469414
2025-08-12 22:00:00+00:00,9837.5,8957.563,8739.605872305505,9175.521212258738
2025-08-12 23:00:00+00:00,9568.75,8667.059,8449.101073916669,8885.016413869902
2025-08-13 00:00:00+00:00,9323.0,8415.872,8197.91464225246,8633.829982205694
2025-08-13 01:00:00+00:00,9334.25,8524.261,8306.30325970656,8742.218599659793
2025-08-13 02:00:00+00:00,9470.25,8916.937,8698.97889366675,9134.894233619985
2025-08-13 03:00:00+00:00,10164.25,9516.57,9298.612740674029,9734.528080627262
2025-08-13 04:00:00+00:00,11159.5,10558.375,10340.417506607086,10776.33284656032
2025-08-13 05:00:00+00:00,12086.5,11580.636,11362.678114107945,11798.593454061178
2025-08-13 06:00:00+00:00,12839.0,12053.124,11835.165997518743,12271.081337471978
2025-08-13 07:00:00+00:00,13180.5,12158.402,11940.444189702755,12376.359529655989
2025-08-13 08:00:00+00:00,13238.0,12186.039,11968.081598255421,12403.996938208655
2025-08-13 09:00:00+00:00,13288.5,12203.653,11985.69552143877,12421.610861392004
2025-08-13 10:00:00+00:00,13155.5,12149.383,11931.424894064827,12367.34023401806
2025-08-13 11:00:00+00:00,12816.25,11954.152,11736.194805590985,12172.110145544219
2025-08-13 12:00:00+00:00,12648.25,11669.874,11451.91607161861,11887.831411571844
2025-08-13 13:00:00+00:00,12462.0,11707.878,11489.920200557155,11925.835540510388
2025-08-13 14:00:00+00:00,12589.0,12006.877,11788.919397888689,12224.834737841922
2025-08-13 15:00:00+00:00,12893.75,12380.493,12162.535827841668,12598.451167794903
2025-08-13 16:00:00+00:00,12864.75,12615.879,12397.921174114454,12833.836514067687
2025-08-13 17:00:00+00:00,12570.5,12491.415,12273.456883255687,12709.37222320892
2025-08-13 18:00:00+00:00,12066.25,12323.4795,12105.522161684732,12541.437501637967
2025-08-13 19:00:00+00:00,11858.75,12040.43,11822.471700470081,12258.387040423315
2025-08-13 20:00:00+00:00,11175.0,11873.984,11656.02630063985,12091.941640593084
2025-08-13 21:00:00+00:00,10474.75,11095.974,10878.016341011544,11313.931680964777
2025-08-13 22:00:00+00:00,9958.5,10619.534,10401.576133377894,10837.491473331127
2025-08-13 23:00:00+00:00,9687.5,10223.1,10005.141905505418,10441.05724545865
2025-08-14 00:00:00+00:00,9496.5,9982.17,9764.21251813736,10200.127858090593
2025-08-14 01:00:00+00:00,9498.75,9828.469,9610.511423106547,10046.42676305978
2025-08-14 02:00:00+00:00,9614.0,9929.747,9711.789393018935,10147.704732972168
2025-08-14 03:00:00+00:00,10152.5,10528.468,10310.510143958983,10746.425483912219
2025-08-14 04:00:00+00:00,11240.5,11408.103,11190.145236681887,11626.06057663512
2025-08-14 05:00:00+00:00,12206.5,12283.177,12065.218869578151,12501.134209531385
2025-08-14 06:00:00+00:00,13185.5,12806.326,12588.368532671306,13024.28387262454
2025-08-14 07:00:00+00:00,13524.25,12815.479,12597.520405675728,13033.435745628964
2025-08-14 08:00:00+00:00,13585.5,12830.899,12612.941659469358,13048.85699942259
2025-08-14 09:00:00+00:00,13651.25,12746.565,12528.60813397706,12964.523473930294
2025-08-14 10:00:00+00:00,13477.0,12509.843,12291.88496671755,12727.800306670784
2025-08-14 11:00:00+00:00,13191.5,12236.127,12018.16947506748,12454.084815020713
2025-08-14 12:00:00+00:00,12821.25,12259.648,12041.690620635973,12477.605960589206
2025-08-14 13:00:00+00:00,12764.0,12360.408,12142.45049888512,12578.365838838354
2025-08-14 14:00:00+00:00,12726.25,12583.155,12365.197465866908,12801.112805820141
2025-08-14 15:00:00+00:00,13028.25,13101.543,12883.585425029187,13319.500764982422
2025-08-14 16:00:00+00:00,13045.5,13170.758,12952.799675350041,13388.715015303274
2025-08-14 17:00:00+00:00,12590.75,13053.116,12835.158373812154,13271.073713765387
2025-08-14 18:00:00+00:00,12242.0,12652.619,12434.661527633587,12870.57686758682
2025-08-14 19:00:00+00:00,11926.25,12146.275,11928.317935241099,12364.233275194332
2025-08-14 20:00:00+00:00,11264.25,11734.4795,11516.521780952029,11952.437120905262
2025-08-14 21:00:00+00:00,10662.5,11081.798,10863.83996766332,11299.755307616553
2025-08-14 22:00:00+00:00,10097.0,10502.956,10284.998235294452,10720.913575247685
2025-08-14 23:00:00+00:00,9677.5,9994.309,9776.351217709715,10212.266557662948
2025-08-15 00:00:00+00:00,9445.75,9720.068,9502.110871984654,9938.02621193789
2025-08-15 01:00:00+00:00,9444.5,9649.374,9431.416619549356,9867.33195950259
2025-08-15 02:00:00+00:00,9681.25,9794.844,9576.885870535692,10012.801210488928
2025-08-15 03:00:00+00:00,10269.5,10523.05,10305.091917818456,10741.00725777169
2025-08-15 04:00:00+00:00,11260.0,11424.352,11206.39351141209,11642.308851365324
2025-08-15 05:00:00+00:00,12398.5,12233.846,12015.888269228124,12451.803609181357
2025-08-15 06:00:00+00:00,13314.75,12625.192,12407.234549423025,12843.149889376258
2025-08-15 07:00:00+00:00,13614.0,12720.709,12502.751740102201,12938.667080055435
2025-08-15 08:00:00+00:00,13716.0,12823.33,12605.372190814453,13041.287530767686
2025-08-15 09:00:00+00:00,13620.75,12972.099,12754.140816810952,13190.056156764185
2025-08-15 10:00:00+00:00,13145.75,12748.814,12530.856550643477,12966.77189059671
2025-08-15 11:00:00+00:00,12487.25,12644.351,12426.393200661856,12862.30854061509
2025-08-15 12:00:00+00:00,12371.5,12683.536,12465.578705885042,12901.494045838275
2025-08-15 13:00:00+00:00,12311.0,13013.597,12795.639066852666,13231.554406805899
2025-08-15 14:00:00+00:00,12500.0,13143.493,12925.535563291376,13361.45090324461
2025-08-15 15:00:00+00:00,12684.25,13716.986,13499.028085898459,13934.943425851692
2025-08-15 16:00:00+00:00,12589.75,13807.314,13589.356631474671,14025.271971427906
2025-08-15 17:00:00+00:00,12060.5,13609.829,13391.871250268685,13827.78659022192
2025-08-15 18:00:00+00:00,11379.0,13390.834,13172.876171614422,13608.791511567655
2025-08-15 19:00:00+00:00,11072.75,12802.515,12584.556805523844,13020.472145477077
2025-08-15 20:00:00+00:00,10393.75,12124.917,11906.958886141978,12342.874226095211
2025-08-15 21:00:00+00:00,9935.75,11517.72,11299.762265409496,11735.677605362729
2025-08-15 22:00:00+00:00,9443.75,10941.45,10723.49290261573,11159.408242568963
2025-08-15 23:00:00+00:00,9159.25,10469.803,10251.844801352334,10687.760141305567
2025-08-16 00:00:00+00:00,8912.0,8924.611,8706.653492252224,9142.568832205458
2025-08-16 01:00:00+00:00,8786.75,8979.692,8761.734529323376,9197.649869276609
2025-08-16 02:00:00+00:00,8738.25,9130.159,8912.201486727967,9348.1168266812
2025-08-16 03:00:00+00:00,8849.0,9440.532,9222.574819108422,9658.490159061656
2025-08-16 04:00:00+00:00,9129.0,9803.106,9585.148969424392,10021.064309377625
2025-08-16 05:00:00+00:00,9909.75,10116.331,9898.373539175842,10334.288879129075
2025-08-16 06:00:00+00:00,10839.5,10735.928,10517.969912015365,10953.885251968599
2025-08-16 07:00:00+00:00,11599.25,11153.327,10935.36923588228,11371.284575835512
2025-08-16 08:00:00+00:00,12007.5,11412.461,11194.5036678818,11630.419007835033
2025-08-16 09:00:00+00:00,12223.25,11462.081,11244.123456341767,11680.038796295
2025-08-16 10:00:00+00:00,11852.5,11141.241,10923.283072861712,11359.198412814947
2025-08-16 11:00:00+00:00,10918.75,10694.824,10476.866439069685,10912.781779022918
2025-08-16 12:00:00+00:00,10312.0,10510.114,10292.15650385336,10728.071843806594
2025-08-16 13:00:00+00:00,10310.0,10667.342,10449.38433867931,10885.299678632546
2025-08-16 14:00:00+00:00,10423.25,10854.999,10637.041435224899,11072.956775178132
2025-08-16 15:00:00+00:00,10482.25,11119.289,10901.331261435154,11337.246601388388
2025-08-16 16:00:00+00:00,10545.0,11397.246,11179.288291167744,11615.203631120978
2025-08-16 17:00:00+00:00,10392.0,11215.278,10997.320940118498,11433.236280071731
2025-08-16 18:00:00+00:00,10141.25,10775.833,10557.874960579557,10993.79030053279
2025-08-16 19:00:00+00:00,9903.25,10415.23,10197.273161415029,10633.188501368262
2025-08-16 20:00:00+00:00,9534.75,9934.379,9716.421133624832,10152.336473578065
2025-08-16 21:00:00+00:00,9086.5,9348.147,9130.190045744268,9566.105385697503
2025-08-16 22:00:00+00:00,8609.25,8842.29,8624.332324111976,9060.24766406521
2025-08-16 23:00:00+00:00,8253.5,8379.075,8161.117348089852,8597.032688043086
2025-08-17 00:00:00+00:00,8053.25,8068.0605,7850.102779959919,8286.018119913153
2025-08-17 01:00:00+00:00,7891.25,7906.999,7689.04122594157,8124.956565894803
2025-08-17 02:00:00+00:00,7843.5,7780.0156,7562.057680984446,7997.97302093768
2025-08-17 03:00:00+00:00,7918.5,7725.098,7507.1403056430445,7943.055645596278
2025-08-17 04:00:00+00:00,7922.0,7701.616,7483.658257043326,7919.573596996559
2025-08-17 05:00:00+00:00,8704.5,8159.709,7941.751075540198,8377.666415493431
2025-08-17 06:00:00+00:00,9609.5,8714.535,8496.577750561364,8932.493090514597
2025-08-17 07:00:00+00:00,9983.5,9246.782,9028.8243349601,9464.739674913333
2025-08-17 08:00:00+00:00,10220.25,9413.803,9195.844539789086,9631.75987974232
2025-08-17 09:00:00+00:00,10358.25,9754.615,9536.657703709227,9972.57304366246
2025-08-17 10:00:00+00:00,10046.5,9438.899,9220.941838738252,9656.857178691485
2025-08-17 11:00:00+00:00,9696.25,9039.819,8821.86203036977,9257.777370323003
2025-08-17 12:00:00+00:00,9581.5,8809.393,8591.43472527657,9027.350065229803
2025-08-17 13:00:00+00:00,9344.5,8791.765,8573.806538518858,9009.721878472092
2025-08-17 14:00:00+00:00,9536.75,8913.12,8695.161938436255,9131.077278389488
2025-08-17 15:00:00+00:00,9745.25,9448.702,9230.744494426388,9666.659834379621
2025-08-17 16:00:00+00:00,10052.0,9882.079,9664.121323073616,10100.036663026849
2025-08-17 17:00:00+00:00,10090.0,9875.591,9657.633272028828,10093.548611982062
2025-08-17 18:00:00+00:00,10122.25,9765.263,9547.305035769237,9983.22037572247
2025-08-17 19:00:00+00:00,9958.0,9524.712,9306.754457113162,9742.669797066395
2025-08-17 20:00:00+00:00,9632.5,9198.149,8980.192024657004,9416.107364610238
2025-08-17 21:00:00+00:00,9112.0,8709.956,8491.997949823866,8927.913289777101
2025-08-17 22:00:00+00:00,8784.25,8310.277,8092.319866909966,8528.235206863199
2025-08-17 23:00:00+00:00,8559.5,7944.23,7726.271996380057,8162.187336333292
2025-08-18 00:00:00+00:00,8502.75,7767.246,7549.28820182868,7985.203541781914
2025-08-18 01:00:00+00:00,8543.25,7690.9224,7472.964781467844,7908.880121421077
2025-08-18 02:00:00+00:00,8797.75,7764.979,7547.0210322557305,7982.936372208964
2025-08-18 03:00:00+00:00,9497.25,8009.747,7791.789196418252,8227.704536371486
2025-08-18 04:00:00+00:00,10613.5,8396.396,8178.439123720199,8614.354463673433
2025-08-18 05:00:00+00:00,11534.0,9263.486,9045.528514868598,9481.443854821831
2025-08-18 06:00:00+00:00,12528.25,10223.834,10005.87611020971,10441.791450162946
2025-08-18 07:00:00+00:00,12866.0,10585.012,10367.05436235569,10802.969702308923
2025-08-18 08:00:00+00:00,12751.5,10837.521,10619.563839989354,11055.479179942588
2025-08-18 09:00:00+00:00,12778.0,11051.807,10833.849438716088,11269.764778669323
2025-08-18 10:00:00+00:00,12664.75,10868.867,10650.909039125694,11086.824379078927
2025-08-18 11:00:00+00:00,12213.5,10506.775,10288.817918220444,10724.73325817368
2025-08-18 12:00:00+00:00,11964.5,10168.707,9950.749725200942,10386.665065154175
2025-08-18 13:00:00+00:00,11947.0,10020.187,9802.22841026273,10238.143750215964
2025-08-18 14:00:00+00:00,11805.75,9929.489,9711.531171178663,10147.446511131897
2025-08-18 15:00:00+00:00,11945.25,10303.84,10085.882374105833,10521.797714059066
2025-08-18 16:00:00+00:00,12024.25,10508.33,10290.372818307047,10726.28815826028
2025-08-18 17:00:00+00:00,11876.75,10482.265,10264.306619186966,10700.2219591402
2025-08-18 18:00:00+00:00,11584.0,10191.369,9973.411419380289,10409.326759333524
2025-08-18 19:00:00+00:00,11240.25,9752.981,9535.024041415183,9970.939381368416
2025-08-18 20:00:00+00:00,10437.75,9231.98,9014.022268044024,9449.937607997257
2025-08-18 21:00:00+00:00,9726.75,8774.714,8556.756168590346,8992.671508543579
2025-08-18 22:00:00+00:00,9188.75,8328.746,8110.788183880393,8546.703523833627
2025-08-18 23:00:00+00:00,8891.0,8137.216,7919.258043865675,8355.173383818908
2025-08-19 00:00:00+00:00,8808.75,7979.445,7761.487227155086,8197.40256710832
2025-08-19 01:00:00+00:00,8863.5,7973.553,7755.595632192053,8191.510972145286
2025-08-19 02:00:00+00:00,9136.75,8131.857,7913.899258756161,8349.814598709394
2025-08-19 03:00:00+00:00,9717.5,8560.229,8342.270652514562,8778.185992467796
2025-08-19 04:00:00+00:00,10809.75,9403.065,9185.107421085671,9621.022761038905
2025-08-19 05:00:00+00:00,11719.25,10442.154,10224.19699346059,10660.112333413823
2025-08-19 06:00:00+00:00,12702.0,11093.032,10875.074890794724,11310.990230747957
2025-08-19 07:00:00+00:00,13059.75,11284.216,11066.257832110367,11502.1731720636
2025-08-19 08:00:00+00:00,12770.0,11348.022,11130.064653418696,11565.97999337193
2025-08-19 09:00:00+00:00,12734.25,11454.949,11236.991378809564,11672.906718762797
2025-08-19 10:00:00+00:00,12669.25,11358.873,11140.91499279531,11576.830332748543
2025-08-19 11:00:00+00:00,12375.75,11207.721,10989.763490371872,11425.678830325105
2025-08-19 12:00:00+00:00,12111.75,11122.71,10904.751962067892,11340.667302021126
2025-08-19 13:00:00+00:00,12210.25,11251.355,11033.397383919344,11469.312723872577
2025-08-19 14:00:00+00:00,12168.0,11426.687,11208.728837855568,11644.644177808801
2025-08-19 15:00:00+00:00,12316.25,11884.185,11666.226660013977,12102.14199996721
2025-08-19 16:00:00+00:00,12350.75,12111.511,11893.553399319768,12329.468739273001
2025-08-19 17:00:00+00:00,12298.5,12017.597,11799.639298014286,12235.55463796752
2025-08-19 18:00:00+00:00,12153.0,11765.824,11547.866695953424,11983.782035906657
2025-08-19 19:00:00+00:00,11582.5,11381.145,11163.187095341418,11599.102435294652
2025-08-19 20:00:00+00:00,10699.75,10761.82,10543.862277374576,10979.777617327809
2025-08-19 21:00:00+00:00,10033.75,9878.213,9660.25561028613,10096.170950239364
2025-08-19 22:00:00+00:00,9437.5,9287.878,9069.920022608218,9505.835362561453
2025-08-19 23:00:00+00:00,9065.25,8958.7295,8740.771962129971,9176.687302083204
2025-08-20 00:00:00+00:00,9100.0,8751.265,8533.306852336576,8969.222192289812
2025-08-20 01:00:00+00:00,9071.0,8787.267,8569.308568646236,9005.22390859947
2025-08-20 02:00:00+00:00,9296.75,9039.103,8821.144873762325,9257.060213715558
2025-08-20 03:00:00+00:00,9936.5,9789.037,9571.079743364862,10006.995083318096
2025-08-20 04:00:00+00:00,10907.75,10984.579,10766.621064370178,11202.536404323411
2025-08-20 05:00:00+00:00,12002.5,11924.465,11706.507079257286,12142.42241921052
2025-08-20 06:00:00+00:00,13065.75,12356.514,12138.55591798697,12574.471257940206
2025-08-20 07:00:00+00:00,13571.5,12565.771,12347.813521510052,12783.728861463285
2025-08-20 08:00:00+00:00,13379.25,12348.242,12130.28412456888,12566.199464522113
2025-08-20 09:00:00+00:00,12982.5,12351.285,12133.32772129932,12569.243061252553
2025-08-20 10:00:00+00:00,12576.25,12184.352,11966.394348110283,12402.309688063517
2025-08-20 11:00:00+00:00,12215.25,11923.061,11705.10282751984,12141.018167473074
2025-08-20 12:00:00+00:00,12178.25,11680.686,11462.72744899055,11898.642788943784
2025-08-20 13:00:00+00:00,12056.5,11713.561,11495.602430684135,11931.51777063737
2025-08-20 14:00:00+00:00,12047.5,11802.184,11584.225626719057,12020.14096667229
2025-08-20 15:00:00+00:00,12247.0,11952.3125,11734.35491815206,12170.270258105293
2025-08-20 16:00:00+00:00,12278.75,12008.248,11790.290405837279,12226.205745790512
2025-08-20 17:00:00+00:00,11979.75,11870.942,11652.984465546086,12088.899805499319
2025-08-20 18:00:00+00:00,11588.25,11487.369,11269.411466667683,11705.326806620917
2025-08-20 19:00:00+00:00,11129.0,11251.7705,11033.81237721689,11469.727717170123
2025-08-20 20:00:00+00:00,10468.25,10709.387,10491.428752917074,10927.344092870308
2025-08-20 21:00:00+00:00,9873.5,9979.989,9762.031270972528,10197.946610925761
2025-08-20 22:00:00+00:00,9323.25,9347.931,9129.972966644393,9565.888306597626
2025-08-20 23:00:00+00:00,8962.75,8988.955,8770.997328611296,9206.91266856453
2025-08-21 00:00:00+00:00,8898.25,8685.014,8467.055902210006,8902.97124216324
2025-08-21 01:00:00+00:00,8880.75,8519.366,8301.408864755209,8737.324204708444
2025-08-21 02:00:00+00:00,9181.75,8843.437,8625.479092760013,9061.394432713247
2025-08-21 03:00:00+00:00,9835.0,9390.621,9172.662992309824,9608.578332263058
2025-08-21 04:00:00+00:00,10769.25,10412.196,10194.238713829898,10630.154053783132
2025-08-21 05:00:00+00:00,11685.75,11235.243,11017.285426481882,11453.200766435115
2025-08-21 06:00:00+00:00,12510.5,11617.304,11399.346276040296,11835.26161599353
2025-08-21 07:00:00+00:00,12620.0,11668.448,11450.490822308546,11886.40616226178
2025-08-21 08:00:00+00:00,12602.0,11551.27,11333.312021431422,11769.227361384656
2025-08-21 09:00:00+00:00,12541.0,11509.875,11291.917139683603,11727.832479636838
2025-08-21 10:00:00+00:00,12628.25,11492.845,11274.887225695467,11710.8025656487
2025-08-21 11:00:00+00:00,12354.75,11333.63,11115.67209599568,11551.587435948913
2025-08-21 12:00:00+00:00,12157.5,11221.498,11003.54028474345,11439.455624696684
2025-08-21 13:00:00+00:00,12065.25,11226.843,11008.885232481023,11444.800572434257
2025-08-21 14:00:00+00:00,12115.5,11249.246,11031.28837806491,11467.203718018143
2025-08-21 15:00:00+00:00,12129.75,11623.964,11406.006598103742,11841.921938056976
2025-08-21 16:00:00+00:00,12075.5,11931.134,11713.176493639052,12149.091833592285
2025-08-21 17:00:00+00:00,11940.75,11927.363,11709.405596683542,12145.320936636776
2025-08-21 18:00:00+00:00,11608.75,11651.485,11433.528051184343,11869.443391137576
2025-08-21 19:00:00+00:00,10983.25,11190.665,10972.707863946831,11408.623203900064
2025-08-21 20:00:00+00:00,10300.5,10626.685,10408.727128082146,10844.64246803538
2025-08-21 21:00:00+00:00,9895.5,10092.2,9874.242412702093,10310.157752655328
2025-08-21 22:00:00+00:00,9432.25,9621.567,9403.610037048958,9839.525377002192
2025-08-21 23:00:00+00:00,8934.75,9299.222,9081.26359894354,9517.178938896774
2025-08-22 00:00:00+00:00,8799.25,9049.993,8832.034970721465,9267.950310674698
2025-08-22 01:00:00+00:00,8770.0,8939.37,8721.41259796424,9157.327937917475
2025-08-22 02:00:00+00:00,9008.5,9153.169,8935.211189390991,9371.126529344225
2025-08-22 03:00:00+00:00,9777.5,9790.766,9572.808193077386,10008.72353303062
2025-08-22 04:00:00+00:00,10785.25,10842.392,10624.43362885425,11060.348968807484
2025-08-22 05:00:00+00:00,11814.5,11592.928,11374.969749315782,11810.885089269015
2025-08-22 06:00:00+00:00,12735.0,12075.469,11857.51093805864,12293.426278011873
2025-08-22 07:00:00+00:00,13471.75,12408.833,12190.875163368597,12626.79050332183
2025-08-22 08:00:00+00:00,13573.25,12427.73,12209.772865071658,12645.688205024891
2025-08-22 09:00:00+00:00,13465.5,12334.522,12116.564441321743,12552.479781274978
2025-08-22 10:00:00+00:00,13055.25,12226.644,12008.685618790418,12444.600958743653
2025-08-22 11:00:00+00:00,12653.75,11958.207,11740.249297637578,12176.164637590811
2025-08-22 12:00:00+00:00,12641.25,12049.362,11831.404334949028,12267.31967490226
2025-08-22 13:00:00+00:00,12670.25,12178.957,11960.999705170396,12396.915045123631
2025-08-22 14:00:00+00:00,12632.25,12315.274,12097.316571709405,12533.231911662639
2025-08-22 15:00:00+00:00,12546.0,12727.484,12509.52631282803,12945.441652781263
2025-08-22 16:00:00+00:00,12348.0,12935.626,12717.668686682242,13153.584026635475
2025-08-22 17:00:00+00:00,11831.0,12658.344,12440.386505863416,12876.30184581665
2025-08-22 18:00:00+00:00,11355.0,12142.074,11924.11626129171,12360.031601244944
2025-08-22 19:00:00+00:00,10779.25,11623.786,11405.828459698418,11841.743799651653
2025-08-22 20:00:00+00:00,10021.75,11011.782,10793.824456790566,11229.7397967438
2025-08-22 21:00:00+00:00,9336.5,10520.073,10302.115320108633,10738.030660061866
2025-08-22 22:00:00+00:00,9016.5,10047.876,9829.917929164765,10265.833269117998
2025-08-22 23:00:00+00:00,8799.5,9749.294,9531.336310758801,9967.251650712034
2025-08-23 00:00:00+00:00,8480.75,8737.756,8519.797940393484,8955.713280346718
2025-08-23 01:00:00+00:00,8441.0,8667.76,8449.802318967055,8885.717658920288
2025-08-23 02:00:00+00:00,8406.25,8760.44,8542.482819984547,8978.39815993778
2025-08-23 03:00:00+00:00,8560.5,9004.816,8786.858195995668,9222.773535948902
2025-08-23 04:00:00+00:00,8918.25,9105.905,8887.947500302927,9323.86284025616
2025-08-23 05:00:00+00:00,9580.25,9782.511,9564.553504583133,10000.468844536368
2025-08-23 06:00:00+00:00,10453.0,10363.895,10145.937136605671,10581.852476558905
2025-08-23 07:00:00+00:00,10896.25,10619.214,10401.256254254018,10837.171594207251
2025-08-23 08:00:00+00:00,11479.5,10747.595,10529.636720266943,10965.552060220176
2025-08-23 09:00:00+00:00,11418.25,10926.064,10708.106483766662,11144.021823719895
2025-08-23 10:00:00+00:00,11085.0,10604.47,10386.512207694219,10822.427547647452
2025-08-23 11:00:00+00:00,10759.25,10322.186,10104.227944778948,10540.143284732181
2025-08-23 12:00:00+00:00,10165.5,10062.049,9844.091603230989,10280.006943184222
2025-08-23 13:00:00+00:00,9970.0,9948.235,9730.277599435685,10166.19293938892
2025-08-23 14:00:00+00:00,10259.5,10094.057,9876.09929141088,10312.014631364113
2025-08-23 15:00:00+00:00,10436.75,10631.368,10413.410865383432,10849.326205336665
2025-08-23 16:00:00+00:00,10393.75,11084.287,10866.329813794611,11302.245153747845
2025-08-23 17:00:00+00:00,10150.75,11217.133,10999.17486382383,11435.090203777063
2025-08-23 18:00:00+00:00,9776.75,10937.33,10719.372548088311,11155.287888041545
2025-08-23 19:00:00+00:00,9365.75,10676.649,10458.69129253807,10894.606632491303
2025-08-23 20:00:00+00:00,8969.0,10378.666,10160.70840329344,10596.623743246673
2025-08-23 21:00:00+00:00,8551.0,10049.397,9831.43986959746,10267.355209550693
2025-08-23 22:00:00+00:00,8302.5,9653.101,9435.143219866553,9871.058559819787
2025-08-23 23:00:00+00:00,8061.25,9185.49,8967.532107936986,9403.44744789022
2025-08-24 00:00:00+00:00,7905.75,8709.914,8491.95589785164,8927.871237804873
2025-08-24 01:00:00+00:00,7963.5,8497.614,8279.656175099846,8715.57151505308
2025-08-24 02:00:00+00:00,7872.25,8513.323,8295.365428076242,8731.280768029475
2025-08-24 03:00:00+00:00,7963.0,8735.977,8518.018346390414,8953.933686343647
2025-08-24 04:00:00+00:00,8072.75,8867.077,8649.119575006449,9085.034914959682
2025-08-24 05:00:00+00:00,8572.5,9267.309,9049.350470874171,9485.265810827404
2025-08-24 06:00:00+00:00,9278.25,9803.29,9585.331952330569,10021.247292283804
2025-08-24 07:00:00+00:00,9869.5,10008.719,9790.760837436328,10226.676177389561
2025-08-24 08:00:00+00:00,9875.5,10187.391,9969.432507229729,10405.347847182962
2025-08-24 09:00:00+00:00,10140.25,10211.412,9993.454298575683,10429.369638528919
2025-08-24 10:00:00+00:00,9824.0,9853.997,9636.039584290076,10071.95492424331
2025-08-24 11:00:00+00:00,9573.25,9609.792,9391.834348285505,9827.74968823874
2025-08-24 12:00:00+00:00,9292.5,9563.629,9345.67117067603,9781.586510629264
2025-08-24 13:00:00+00:00,9360.0,9542.997,9325.039336561495,9760.954676514728
2025-08-24 14:00:00+00:00,9779.5,10038.217,9820.258932106077,10256.17427205931
2025-08-24 15:00:00+00:00,9996.0,10910.614,10692.656702824306,11128.572042777541
2025-08-24 16:00:00+00:00,10333.0,11424.848,11206.89040305656,11642.805743009794
2025-08-24 17:00:00+00:00,10261.25,11461.123,11243.164900458783,11679.080240412019
2025-08-24 18:00:00+00:00,10130.75,11074.32,10856.362473490915,11292.277813444149
2025-08-24 19:00:00+00:00,9824.75,10805.53,10587.57234750147,11023.487687454703
2025-08-24 20:00:00+00:00,9540.25,10576.122,10358.163950329941,10794.079290283174
2025-08-24 21:00:00+00:00,9265.0,10286.566,10068.608446800643,10504.523786753876
2025-08-24 22:00:00+00:00,8883.5,9975.1,9757.141422180339,10193.056762133572
2025-08-24 23:00:00+00:00,8565.0,9754.871,9536.91353881594,9972.828878769173
2025-08-25 00:00:00+00:00,8421.5,9500.694,9282.736189040555,9718.651528993789
2025-08-25 01:00:00+00:00,8459.0,9511.004,9293.046196090916,9728.96153604415
2025-08-25 02:00:00+00:00,8679.0,9824.649,9606.691285564639,10042.606625517872
2025-08-25 03:00:00+00:00,9444.25,10612.7295,10394.772010617526,10830.687350570759
2025-08-25 04:00:00+00:00,10858.75,11544.934,11326.976167271254,11762.891507224487
2025-08-25 05:00:00+00:00,11967.75,12309.95,12091.992166928536,12527.90750688177
2025-08-25 06:00:00+00:00,12975.25,12711.586,12493.627939630589,12929.543279583822
2025-08-25 07:00:00+00:00,13255.5,12440.279,12222.321230411293,12658.236570364526
2025-08-25 08:00:00+00:00,13223.5,12025.637,11807.678839526305,12243.59417947954
2025-08-25 09:00:00+00:00,13140.5,12137.175,11919.216865565286,12355.13220551852
2025-08-25 10:00:00+00:00,12852.5,11947.583,11729.624980508312,12165.540320461547
2025-08-25 11:00:00+00:00,12334.75,11614.507,11396.548797001366,11832.464136954599
2025-08-25 12:00:00+00:00,12085.5,11373.603,11155.64534405064,11591.560684003873
2025-08-25 13:00:00+00:00,12035.0,11258.528,11040.570228601058,11476.485568554292
2025-08-25 14:00:00+00:00,12062.75,11273.094,11055.136165169028,11491.051505122261
2025-08-25 15:00:00+00:00,12299.75,11538.992,11321.034969449764,11756.950309402997
2025-08-25 16:00:00+00:00,12114.5,11726.908,11508.950181285018,11944.865521238251
2025-08-25 17:00:00+00:00,11896.0,11642.567,11424.609282490834,11860.524622444067
2025-08-25 18:00:00+00:00,11734.5,11312.973,11095.014959664071,11530.930299617305
2025-08-25 19:00:00+00:00,11222.5,10841.552,10623.594351046379,11059.509690999612
2025-08-25 20:00:00+00:00,10554.25,10206.799,9988.841538184279,10424.756878137512
2025-08-25 21:00:00+00:00,10079.0,9581.74,9363.782955114357,9799.69829506759
2025-08-25 22:00:00+00:00,9644.25,9161.765,8943.806839822222,9379.722179775457
2025-08-25 23:00:00+00:00,9265.25,8768.768,8550.809565101481,8986.724905054714
2025-08-26 00:00:00+00:00,8984.25,8596.583,8378.625378082972,8814.540718036207
2025-08-26 01:00:00+00:00,9013.5,8631.937,8413.978812096457,8849.89415204969
2025-08-26 02:00:00+00:00,9261.0,8993.012,8775.054321045425,9210.96966099866
2025-08-26 03:00:00+00:00,9863.75,9507.922,9289.964354796544,9725.879694749778
2025-08-26 04:00:00+00:00,10911.75,10446.895,10228.93659169255,10664.851931645784
2025-08-26 05:00:00+00:00,11909.75,11408.853,11190.895317426372,11626.810657379605
2025-08-26 06:00:00+00:00,12673.5,11896.539,11678.581501040882,12114.496840994116
2025-08-26 07:00:00+00:00,13066.0,11848.0205,11630.062645822318,12065.977985775551
2025-08-26 08:00:00+00:00,12930.25,11743.568,11525.611087441017,11961.52642739425
2025-08-26 09:00:00+00:00,13018.25,11731.059,11513.100512049396,11949.015852002629
2025-08-26 10:00:00+00:00,12832.25,11560.067,11342.10972732718,11778.025067280416
2025-08-26 11:00:00+00:00,12362.25,11197.491,10979.53377985767,11415.449119810903
2025-08-26 12:00:00+00:00,11710.0,11002.377,10784.419163826484,11220.334503779717
2025-08-26 13:00:00+00:00,11624.25,10890.818,10672.860623244296,11108.77596319753
2025-08-26 14:00:00+00:00,11470.75,10873.708,10655.750584976813,11091.665924930046
2025-08-26 15:00:00+00:00,12078.5,11156.369,10938.411241457012,11374.326581410247
2025-08-26 16:00:00+00:00,12281.25,11364.134,11146.176333824584,11582.091673777819
2025-08-26 17:00:00+00:00,12028.0,11266.679,11048.721406733943,11484.636746687178
2025-08-26 18:00:00+00:00,11923.25,11007.691,10789.733765951665,11225.649105904899
2025-08-26 19:00:00+00:00,11373.0,10821.647,10603.689731916427,11039.605071869662
2025-08-26 20:00:00+00:00,10629.5,10343.84,10125.881982780546,10561.797322733779
2025-08-26 21:00:00+00:00,10002.0,9676.496,9458.538664134281,9894.454004087514
2025-08-26 22:00:00+00:00,9371.0,9065.709,8847.751497552516,9283.666837505749
2025-08-26 23:00:00+00:00,9099.25,8599.013,8381.055072845882,8816.970412799117
2025-08-27 00:00:00+00:00,8938.75,8304.651,8086.693994949818,8522.609334903053
2025-08-27 01:00:00+00:00,8970.75,8448.989,8231.031820575281,8666.947160528514
2025-08-27 02:00:00+00:00,9318.5,8752.243,8534.285185787749,8970.200525740982
2025-08-27 03:00:00+00:00,9969.25,9485.385,9267.426998070214,9703.342338023447
2025-08-27 04:00:00+00:00,11142.75,10471.995,10254.037186607107,10689.95252656034
2025-08-27 05:00:00+00:00,12114.75,11385.041,11167.082883813093,11602.998223766326
2025-08-27 06:00:00+00:00,12774.25,12087.51,11869.552406651967,12305.4677466052
2025-08-27 07:00:00+00:00,13062.5,12236.939,12018.981646401362,12454.896986354595
2025-08-27 08:00:00+00:00,13338.75,12164.132,11946.17411188067,12382.089451833905
2025-08-27 09:00:00+00:00,13355.5,12170.527,11952.56947810559,12388.484818058823
2025-08-27 10:00:00+00:00,12839.75,12046.935,11828.976970092686,12264.89231004592
2025-08-27 11:00:00+00:00,12660.0,11785.7705,11567.812713545221,12003.728053498455
2025-08-27 12:00:00+00:00,12498.5,11688.286,11470.32871234608,11906.244052299313
2025-08-27 13:00:00+00:00,12426.0,11939.046,11721.08862904062,12157.003968993853
2025-08-27 14:00:00+00:00,12504.25,12174.448,11956.490199418906,12392.40553937214
2025-08-27 15:00:00+00:00,12608.5,12716.663,12498.705203834139,12934.620543787372
2025-08-27 16:00:00+00:00,12545.0,12853.313,12635.356042590418,13071.271382543651
2025-08-27 17:00:00+00:00,12266.0,12670.284,12452.326424626513,12888.241764579747
2025-08-27 18:00:00+00:00,11988.75,12360.867,12142.909433652294,12578.824773605527
2025-08-27 19:00:00+00:00,11376.25,11781.468,11563.510143275982,11999.425483229215
2025-08-27 20:00:00+00:00,10607.25,11306.241,11088.283902205449,11524.199242158684
2025-08-27 21:00:00+00:00,9937.75,10658.88,10440.922004365439,10876.837344318672
2025-08-27 22:00:00+00:00,9532.5,10043.776,9825.81865745045,10261.733997403684
2025-08-27 23:00:00+00:00,9406.25,9503.3,9285.341820162947,9721.25716011618
2025-08-28 00:00:00+00:00,9272.5,9236.61,9018.652758456152,9454.568098409385
2025-08-28 01:00:00+00:00,9296.0,9262.921,9044.963427285045,9480.878767238279
2025-08-28 02:00:00+00:00,9526.5,9410.435,9192.477199699486,9628.39253965272
2025-08-28 03:00:00+00:00,10185.75,10091.464,9873.506389534135,10309.42172948737
2025-08-28 04:00:00+00:00,11285.5,11235.082,11017.124520861122,11453.039860814357
2025-08-28 05:00:00+00:00,12305.0,12079.809,11861.850872073472,12297.766212026705
2025-08-28 06:00:00+00:00,13064.75,12726.073,12508.115980602706,12944.03132055594
2025-08-28 07:00:00+00:00,13584.0,12814.558,12596.599922099866,13032.515262053099
2025-08-28 08:00:00+00:00,14054.0,13042.216,12824.257934340925,13260.173274294159
2025-08-28 09:00:00+00:00,14185.75,12926.412,12708.454190335395,13144.369530288628
2025-08-28 10:00:00+00:00,14313.0,12794.853,12576.89470887606,13012.810048829293
2025-08-28 11:00:00+00:00,13759.25,12613.041,12395.083234259002,12830.998574212235
2025-08-28 12:00:00+00:00,13391.0,12342.538,12124.580399633123,12560.495739586357
2025-08-28 13:00:00+00:00,13303.25,12227.323,12009.365610546733,12445.280950499966
2025-08-28 14:00:00+00:00,12853.75,12220.431,12002.473064990709,12438.388404943944
2025-08-28 15:00:00+00:00,12853.25,12271.874,12053.916379156235,12489.83171910947
2025-08-28 16:00:00+00:00,12566.5,12274.559,12056.601056621017,12492.51639657425
2025-08-28 17:00:00+00:00,12375.75,11993.729,11775.77093953997,12211.686279493204
2025-08-28 18:00:00+00:00,12276.75,11570.65,11352.692709924962,11788.608049878196
2025-08-28 19:00:00+00:00,11558.5,10961.28,10743.32290790847,11179.238247861704
2025-08-28 20:00:00+00:00,10768.0,10359.821,10141.863323382651,10577.778663335885
2025-08-28 21:00:00+00:00,10070.5,9773.308,9555.34980536429,9991.265145317524
2025-08-28 22:00:00+00:00,9591.75,9255.734,9037.776858885369,9473.692198838602
2025-08-28 23:00:00+00:00,9266.75,8935.388,8717.429935232372,9153.345275185606
2025-08-29 00:00:00+00:00,9071.75,8737.273,8519.315365598679,8955.230705551912
2025-08-29 01:00:00+00:00,9194.0,8809.481,8591.523375380184,9027.438715333417
2025-08-29 02:00:00+00:00,9454.0,9062.95,8844.992433558484,9280.907773511717
2025-08-29 03:00:00+00:00,10134.0,9602.177,9384.219531692983,9820.134871646216
2025-08-29 04:00:00+00:00,11169.5,10665.828,10447.870524506116,10883.785864459349
2025-08-29 05:00:00+00:00,11944.25,11351.238,11133.280549581288,11569.195889534523
2025-08-29 06:00:00+00:00,12637.25,12008.951,11790.99324204337,12226.908581996604
2025-08-29 07:00:00+00:00,13157.0,12197.971,11980.012936143105,12415.928276096338
2025-08-29 08:00:00+00:00,13447.0,12114.913,11896.955801661887,12332.871141615122
2025-08-29 09:00:00+00:00,13621.5,12061.324,11843.366075276092,12279.281415229325
2025-08-29 10:00:00+00:00,13570.5,11741.422,11523.46373757542,11959.379077528652
2025-08-29 11:00:00+00:00,13161.75,11282.82,11064.863113100408,11500.778453053641
2025-08-29 12:00:00+00:00,12553.5,10906.537,10688.579309500949,11124.494649454182
2025-08-29 13:00:00+00:00,12062.25,10571.971,10354.012681920236,10789.92802187347
2025-08-29 14:00:00+00:00,12309.5,10489.684,10271.725496319705,10707.64083627294
2025-08-29 15:00:00+00:00,12279.75,10494.364,10276.406335444528,10712.321675397761
2025-08-29 16:00:00+00:00,11958.25,10468.088,10250.130672041163,10686.046011994396
2025-08-29 17:00:00+00:00,11660.5,10340.709,10122.751724891124,10558.667064844358
2025-08-29 18:00:00+00:00,11557.75,10124.061,9906.10280532521,10342.018145278444
2025-08-29 19:00:00+00:00,10960.5,9825.615,9607.657912655974,10043.573252609207
2025-08-29 20:00:00+00:00,10232.25,9252.471,9034.512489300734,9470.427829253968
2025-08-29 21:00:00+00:00,9679.75,8785.735,8567.777422241244,9003.692762194478
2025-08-29 22:00:00+00:00,9236.25,8265.7,8047.742503269378,8483.657843222612
2025-08-29 23:00:00+00:00,9039.75,7991.209,7773.251095904723,8209.166435857956
2025-08-30 00:00:00+00:00,8773.5,8651.545,8433.587078476183,8869.502418429416
2025-08-30 01:00:00+00:00,8648.5,8349.519,8131.560494312964,8567.475834266197
2025-08-30 02:00:00+00:00,8635.25,8360.603,8142.644939576181,8578.560279529414
2025-08-30 03:00:00+00:00,8695.75,8548.187,8330.22855882435,8766.143898777584
2025-08-30 04:00:00+00:00,9064.5,8850.2705,8632.312424592981,9068.227764546215
2025-08-30 05:00:00+00:00,9448.75,9350.164,9132.20672194752,9568.122061900753
2025-08-30 06:00:00+00:00,10269.5,9864.855,9646.898199097035,10082.813539050268
2025-08-30 07:00:00+00:00,10928.0,10465.913,10247.955789499156,10683.87112945239
2025-08-30 08:00:00+00:00,10883.75,10577.376,10359.418519777053,10795.333859730286
2025-08-30 09:00:00+00:00,11185.5,10570.092,10352.134436263399,10788.049776216634
2025-08-30 10:00:00+00:00,10834.5,10141.828,9923.870445515146,10359.785785468379
2025-08-30 11:00:00+00:00,10395.5,9706.595,9488.636851813113,9924.552191766346
2025-08-30 12:00:00+00:00,10192.0,9367.313,9149.356198145713,9585.271538098947
2025-08-30 13:00:00+00:00,10420.25,9238.266,9020.307560390289,9456.222900343522
2025-08-30 14:00:00+00:00,10330.25,9379.282,9161.32418944162,9597.239529394854
2025-08-30 15:00:00+00:00,10314.25,9579.888,9361.930281602794,9797.845621556027
2025-08-30 16:00:00+00:00,10505.25,9885.711,9667.753135972333,10103.668475925566
2025-08-30 17:00:00+00:00,10430.25,9762.22,9544.261609519766,9980.176949473
2025-08-30 18:00:00+00:00,10341.25,9619.013,9401.05486829324,9836.970208246474
2025-08-30 19:00:00+00:00,9908.0,9175.169,8957.210962796686,9393.126302749919
2025-08-30 20:00:00+00:00,9422.75,8776.924,8558.966056557883,8994.881396511119
2025-08-30 21:00:00+00:00,9005.5,8205.415,7987.457705116059,8423.373045069293
2025-08-30 22:00:00+00:00,8515.0,7800.003,7582.0450970380925,8017.960436991327
2025-08-30 23:00:00+00:00,8337.5,7587.156,7369.197789415512,7805.113129368745
2025-08-31 00:00:00+00:00,8245.0,7433.531,7215.573069858583,7651.488409811816
2025-08-31 01:00:00+00:00,8232.5,7294.2373,7076.279662436741,7512.195002389974
2025-08-31 02:00:00+00:00,8200.0,7052.1846,6834.226691832359,7270.142031785594
2025-08-31 03:00:00+00:00,8246.5,7187.042,6969.084411762068,7404.9997517153015
2025-08-31 04:00:00+00:00,8279.5,7136.841,6918.882994624996,7354.79833457823
2025-08-31 05:00:00+00:00,8798.0,7598.5522,7380.594555813002,7816.509895766236
2025-08-31 06:00:00+00:00,9747.25,8379.294,8161.33647296135,8597.251812914585
2025-08-31 07:00:00+00:00,10136.5,8931.754,8713.795735600095,9149.711075553329
2025-08-31 08:00:00+00:00,10352.0,9258.0625,9040.1047196831,9476.020059636334
2025-08-31 09:00:00+00:00,10140.0,9646.913,9428.955669942225,9864.871009895458
2025-08-31 10:00:00+00:00,9752.25,9415.655,9197.697554262586,9633.61289421582
2025-08-31 11:00:00+00:00,9313.25,9208.166,8990.208349825645,9426.12368977888
2025-08-31 12:00:00+00:00,9124.5,8992.609,8774.651758651833,9210.567098605066
2025-08-31 13:00:00+00:00,9081.5,8955.289,8737.331656185856,9173.24699613909
2025-08-31 14:00:00+00:00,9541.25,9123.159,8905.201310853838,9341.116650807071
2025-08-31 15:00:00+00:00,9979.5,9464.144,9246.18552401236,9682.100863965594
2025-08-31 16:00:00+00:00,10405.0,10007.225,9789.26651492053,10225.181854873763
2025-08-31 17:00:00+00:00,10518.75,9962.233,9744.275337142428,10180.190677095663
2025-08-31 18:00:00+00:00,10747.0,10065.669,9847.711255153954,10283.626595107187
2025-08-31 19:00:00+00:00,10353.25,9913.319,9695.361733241325,10131.277073194558
2025-08-31 20:00:00+00:00,9999.25,9754.877,9536.91910786091,9972.834447814143
2025-08-31 21:00:00+00:00,9514.75,9364.27,9146.31186266441,9582.227202617643
2025-08-31 22:00:00+00:00,9029.75,9021.075,8803.117306922431,9239.032646875665
2025-08-31 23:00:00+00:00,8829.25,8706.087,8488.129622994866,8924.044962948099
2025-09-01 00:00:00+00:00,8654.75,8625.517,8407.55849882315,8843.473838776383
2025-09-01 01:00:00+00:00,8671.0,8683.526,8465.569080856822,8901.484420810055
2025-09-01 02:00:00+00:00,8996.5,9027.761,8809.802888582708,9245.718228535943
2025-09-01 03:00:00+00:00,9886.25,9726.19,9508.232843563106,9944.14818351634
2025-09-01 04:00:00+00:00,11176.5,10785.56,10567.601524928756,11003.516864881989
2025-09-01 05:00:00+00:00,11985.25,11839.197,11621.240056808532,12057.155396761766
2025-09-01 06:00:00+00:00,12972.75,12553.411,12335.453878602533,12771.369218555767
2025-09-01 07:00:00+00:00,13353.25,12633.635,12415.676653328637,12851.59199328187
2025-09-01 08:00:00+00:00,13300.75,12672.715,12454.75668765932,12890.672027612552
2025-09-01 09:00:00+00:00,13212.25,12799.336,12581.378699309265,13017.294039262499
2025-09-01 10:00:00+00:00,12813.0,12648.416,12430.458376182472,12866.373716135706
2025-09-01 11:00:00+00:00,12655.0,12306.583,12088.62539510883,12524.540735062063
2025-09-01 12:00:00+00:00,12885.5,12091.894,11873.935926967742,12309.851266920976
2025-09-01 13:00:00+00:00,12957.25,12191.852,11973.89363543316,12409.808975386393
2025-09-01 14:00:00+00:00,12694.75,12376.717,12158.758821984788,12594.674161938021
2025-09-01 15:00:00+00:00,12622.75,12771.115,12553.157166131565,12989.072506084798
2025-09-01 16:00:00+00:00,12517.0,12976.016,12758.058355812858,13193.973695766092
2025-09-01 17:00:00+00:00,12285.5,12793.398,12575.440619868825,13011.355959822058
2025-09-01 18:00:00+00:00,12156.5,12363.713,12145.75498832434,12581.670328277572
2025-09-01 19:00:00+00:00,11506.75,11698.526,11480.568850612854,11916.484190566087
2025-09-01 20:00:00+00:00,10706.25,11013.088,10795.130142114731,11231.045482067964
2025-09-01 21:00:00+00:00,10245.0,10326.1455,10108.188217676954,10544.10355763019
2025-09-01 22:00:00+00:00,9744.25,9684.789,9466.831199403538,9902.746539356773
2025-09-01 23:00:00+00:00,9403.75,9251.666,9033.70850105334,9469.623841006573
2025-09-02 00:00:00+00:00,9255.0,8991.592,8773.633646308015,9209.548986261249
2025-09-02 01:00:00+00:00,9262.5,8895.061,8677.103230406117,9113.01857035935
2025-09-02 02:00:00+00:00,9499.0,9173.51,8955.551614703389,9391.466954656622
2025-09-02 03:00:00+00:00,10172.25,9861.276,9643.318894336611,10079.234234289845
2025-09-02 04:00:00+00:00,11305.75,11172.706,10954.748233772882,11390.663573726115
2025-09-02 05:00:00+00:00,12176.25,11941.182,11723.22444302735,12159.139782980583
2025-09-02 06:00:00+00:00,12857.25,12463.802,12245.843626173555,12681.758966126788
2025-09-02 07:00:00+00:00,13265.5,12498.759,12280.801544340144,12716.716884293377
2025-09-02 08:00:00+00:00,13194.25,12519.8,12301.841850855179,12737.757190808414
2025-09-02 09:00:00+00:00,13455.5,12374.098,12156.139552384919,12592.054892338152
2025-09-02 10:00:00+00:00,13769.0,12056.545,11838.587436902346,12274.50277685558
2025-09-02 11:00:00+00:00,13378.25,11736.789,11518.831400286133,11954.746740239367
2025-09-02 12:00:00+00:00,12989.0,11404.815,11186.85775982265,11622.773099775883
2025-09-02 13:00:00+00:00,12677.25,11275.224,11057.266324870303,11493.181664823536
2025-09-02 14:00:00+00:00,12651.75,11172.715,10954.757439745179,11390.672779698412
2025-09-02 15:00:00+00:00,12706.0,11362.697,11144.73964097951,11580.654980932743
2025-09-02 16:00:00+00:00,12569.5,11631.081,11413.12305620513,11849.038396158363
2025-09-02 17:00:00+00:00,12225.5,11590.091,11372.133038343978,11808.048378297211
2025-09-02 18:00:00+00:00,11841.5,11356.09,11138.131883881348,11574.047223834581
2025-09-02 19:00:00+00:00,11239.5,10721.12,10503.16227605432,10939.077616007553
2025-09-02 20:00:00+00:00,10460.25,10000.174,9782.216331295644,10218.131671248877
2025-09-02 21:00:00+00:00,9853.75,9385.81,9167.852246687014,9603.767586640248
2025-09-02 22:00:00+00:00,9303.25,8863.505,8645.546975830786,9081.46231578402
2025-09-02 23:00:00+00:00,9078.75,8460.089,8242.131268163725,8678.046608116958
2025-09-03 00:00:00+00:00,8916.5,8190.7026,7972.7447429195145,8408.660082872748
2025-09-03 01:00:00+00:00,9040.5,8281.404,8063.446982778656,8499.36232273189
2025-09-03 02:00:00+00:00,9247.25,8544.186,8326.227938763801,8762.143278717034
2025-09-03 03:00:00+00:00,10134.0,9194.634,8976.675797854921,9412.591137808155
2025-09-03 04:00:00+00:00,11400.75,10221.627,10003.669631861543,10439.584971814777
2025-09-03 05:00:00+00:00,12218.25,11083.745,10865.787400179868,11301.702740133102
2025-09-03 06:00:00+00:00,12901.5,11680.439,11462.481913775684,11898.397253728917
2025-09-03 07:00:00+00:00,12960.5,11907.651,11689.694132490891,12125.609472444125
2025-09-03 08:00:00+00:00,13378.5,11890.926,11672.968557220845,12108.883897174079
2025-09-03 09:00:00+00:00,13174.25,11983.788,11765.830592056285,12201.745932009519
2025-09-03 10:00:00+00:00,13551.75,11827.294,11609.336564145702,12045.251904098935
2025-09-03 11:00:00+00:00,13232.25,11771.435,11553.476883664469,11989.392223617704
2025-09-03 12:00:00+00:00,12835.0,11681.886,11463.927734455947,11899.84307440918
2025-09-03 13:00:00+00:00,12697.5,11832.064,11614.106593230537,12050.021933183772
2025-09-03 14:00:00+00:00,12740.25,12029.44,11811.482269933302,12247.397609886535
2025-09-03 15:00:00+00:00,12924.75,12529.375,12311.417312239308,12747.332652192543
2025-09-03 16:00:00+00:00,12855.0,12964.993,12747.035397352276,13182.95073730551
2025-09-03 17:00:00+00:00,12665.75,12924.773,12706.816095536169,13142.731435489404
2025-09-03 18:00:00+00:00,12757.0,12869.281,12651.323176445148,13087.238516398382
2025-09-03 19:00:00+00:00,12105.0,12490.212,12272.254196849985,12708.169536803218
2025-09-03 20:00:00+00:00,11215.5,11868.5625,11650.604693293448,12086.520033246681
2025-09-03 21:00:00+00:00,10589.0,11333.623,11115.665674545866,11551.581014499101
2025-09-03 22:00:00+00:00,10133.0,10877.823,10659.86542728625,11095.780767239483
2025-09-03 23:00:00+00:00,9906.0,10511.409,10293.451590943985,10729.366930897218
2025-09-04 00:00:00+00:00,9664.5,10389.693,10171.735794259203,10607.651134212436
2025-09-04 01:00:00+00:00,9652.5,10457.243,10239.285809365663,10675.201149318897
2025-09-04 02:00:00+00:00,9745.5,10721.433,10503.47493815053,10939.390278103763
2025-09-04 03:00:00+00:00,10375.75,11413.514,11195.556139244143,11631.471479197377
2025-09-04 04:00:00+00:00,11522.25,12379.968,12162.010462323775,12597.925802277008
2025-09-04 05:00:00+00:00,12253.0,13103.418,12885.460374720633,13321.375714673866
2025-09-04 06:00:00+00:00,13154.0,13415.364,13197.406337208413,13633.321677161646
2025-09-04 07:00:00+00:00,13539.75,13191.67,12973.711893830752,13409.627233783986
2025-09-04 08:00:00+00:00,13542.5,12966.227,12748.268656678327,13184.18399663156
2025-09-04 09:00:00+00:00,13576.5,12831.829,12613.871008055583,13049.786348008816
2025-09-04 10:00:00+00:00,13260.5,12633.725,12415.766780933978,12851.682120887213
2025-09-04 11:00:00+00:00,12748.25,12305.594,12087.635866740728,12523.551206693963
2025-09-04 12:00:00+00:00,12485.5,12052.215,11834.256765686801,12270.172105640035
2025-09-04 13:00:00+00:00,12490.25,11857.78,11639.82279492231,12075.738134875543
2025-09-04 14:00:00+00:00,12714.5,11790.539,11572.581890225214,12008.49723017845
2025-09-04 15:00:00+00:00,12887.75,11963.376,11745.418735218089,12181.334075171322
2025-09-04 16:00:00+00:00,12526.75,11970.879,11752.921318506356,12188.836658459591
2025-09-04 17:00:00+00:00,12353.25,11759.036,11541.078683644579,11976.994023597812
2025-09-04 18:00:00+00:00,12403.5,11485.136,11267.177887173055,11703.093227126288
2025-09-04 19:00:00+00:00,11894.5,10961.14,10743.182204282477,11179.09754423571
2025-09-04 20:00:00+00:00,11099.5,10411.427,10193.469049084159,10629.384389037392
2025-09-04 21:00:00+00:00,10378.5,9763.896,9545.939255903679,9981.854595856914
2025-09-04 22:00:00+00:00,9824.75,9295.429,9077.471192972505,9513.386532925739
2025-09-04 23:00:00+00:00,9579.0,8957.746,8739.788400595768,9175.703740549001
2025-09-05 00:00:00+00:00,9297.25,8849.108,8631.151108235632,9067.066448188865
2025-09-05 01:00:00+00:00,9474.5,8929.082,8711.124412477846,9147.03975243108
2025-09-05 02:00:00+00:00,9794.75,9174.948,8956.990701385397,9392.90604133863
2025-09-05 03:00:00+00:00,10448.5,9911.434,9693.476100075855,10129.391440029089
2025-09-05 04:00:00+00:00,11425.0,11171.178,10953.220440160268,11389.135780113504
2025-09-05 05:00:00+00:00,12291.5,11935.611,11717.653295458087,12153.56863541132
2025-09-05 06:00:00+00:00,13025.5,12540.665,12322.70769851246,12758.623038465696
2025-09-05 07:00:00+00:00,13543.5,12697.064,12479.10637073467,12915.021710687903
2025-09-05 08:00:00+00:00,13786.0,12704.999,12487.041464239994,12922.956804193227
2025-09-05 09:00:00+00:00,14170.25,12609.354,12391.39538994864,12827.310729901874
2025-09-05 10:00:00+00:00,13770.75,12319.568,12101.61098730565,12537.526327258885
2025-09-05 11:00:00+00:00,12845.75,12042.651,11824.693578932403,12260.608918885637
2025-09-05 12:00:00+00:00,12492.0,11842.256,11624.298258075272,12060.213598028506
2025-09-05 13:00:00+00:00,12360.5,11699.28,11481.322206012608,11917.237545965841
2025-09-05 14:00:00+00:00,12145.0,11639.64,11421.68208164163,11857.597421594864
2025-09-05 15:00:00+00:00,12322.5,11720.372,11502.414509223032,11938.329849176267
2025-09-05 16:00:00+00:00,12008.5,11805.405,11587.447802263989,12023.363142217222
2025-09-05 17:00:00+00:00,11834.25,11745.692,11527.73502458694,11963.650364540174
2025-09-05 18:00:00+00:00,11801.0,11425.868,11207.910202451629,11643.825542404862
2025-09-05 19:00:00+00:00,11021.0,10823.764,10605.805912178286,11041.72125213152
2025-09-05 20:00:00+00:00,10264.25,10257.047,10039.08932614478,10475.004666098013
2025-09-05 21:00:00+00:00,9629.25,9665.219,9447.260893452796,9883.17623340603
2025-09-05 22:00:00+00:00,9032.0,9224.505,9006.547018537705,9442.462358490939
2025-09-05 23:00:00+00:00,8707.5,8820.047,8602.089103883278,9038.004443836511
2025-09-06 00:00:00+00:00,8536.25,8535.202,8317.244500956245,8753.15984090948
2025-09-06 01:00:00+00:00,8384.25,8239.873,8021.914863851204,8457.830203804438
2025-09-06 02:00:00+00:00,8408.25,8218.294,8000.336519399616,8436.25185935285
2025-09-06 03:00:00+00:00,8527.0,8292.901,8074.943310061744,8510.858650014978
2025-09-06 04:00:00+00:00,8901.25,8513.653,8295.695706539196,8731.61104649243
2025-09-06 05:00:00+00:00,9542.0,9018.808,8800.849455425607,9236.764795378842
2025-09-06 06:00:00+00:00,10416.75,9575.154,9357.196934339678,9793.112274292911
2025-09-06 07:00:00+00:00,11094.75,9806.648,9588.690541063788,10024.605881017022
2025-09-06 08:00:00+00:00,11154.25,10097.684,9879.726217188501,10315.641557141735
2025-09-06 09:00:00+00:00,11202.5,10072.62,9854.662673471095,10290.578013424329
2025-09-06 10:00:00+00:00,10847.25,9526.905,9308.947978907725,9744.863318860958
2025-09-06 11:00:00+00:00,10322.75,9222.219,9004.261437020157,9440.17677697339
2025-09-06 12:00:00+00:00,9999.0,9075.727,8857.769186568907,9293.68452652214
2025-09-06 13:00:00+00:00,9924.25,8931.987,8714.029180872945,9149.94452082618
2025-09-06 14:00:00+00:00,9885.75,8941.487,8723.529971592878,9159.445311546111
2025-09-06 15:00:00+00:00,10024.5,9172.268,8954.309604020955,9390.224943974188
2025-09-06 16:00:00+00:00,10257.0,9366.117,9148.159421746917,9584.07476170015
2025-09-06 17:00:00+00:00,10337.75,9243.241,9025.283331590597,9461.19867154383
2025-09-06 18:00:00+00:00,10292.5,9086.29,8868.331960068546,9304.24730002178
2025-09-06 19:00:00+00:00,9855.25,8805.258,8587.300220828767,9023.215560782
2025-09-06 20:00:00+00:00,9496.75,8496.896,8278.939018492401,8714.854358445635
2025-09-06 21:00:00+00:00,9027.0,8008.951,7790.993618565301,8226.908958518536
2025-09-06 22:00:00+00:00,8533.25,7661.063,7443.105153490918,7879.020493444152
2025-09-06 23:00:00+00:00,8331.0,7429.798,7211.840218572541,7647.755558525774
2025-09-07 00:00:00+00:00,8167.25,7297.5645,7079.606996325737,7515.52233627897
2025-09-07 01:00:00+00:00,8072.25,7059.8774,6841.91970236243,7277.8350423156635
2025-09-07 02:00:00+00:00,8100.0,7085.347,6867.3895590547345,7303.304899007968
2025-09-07 03:00:00+00:00,8188.0,7182.3394,6964.381864727258,7400.297204680492
2025-09-07 04:00:00+00:00,8361.75,7213.148,6995.190276120817,7431.10561607405
2025-09-07 05:00:00+00:00,8741.0,7629.781,7411.823032312917,7847.738372266151
2025-09-07 06:00:00+00:00,9760.0,8375.693,8157.73546029094,8593.650800244173
2025-09-07 07:00:00+00:00,10519.25,8726.436,8508.47823139375,8944.393571346984
2025-09-07 08:00:00+00:00,10648.0,9035.141,8817.18312336259,9253.098463315824
2025-09-07 09:00:00+00:00,10903.0,9104.069,8886.111761234235,9322.027101187468
2025-09-07 10:00:00+00:00,10512.0,8896.382,8678.424116949973,9114.339456903206
2025-09-07 11:00:00+00:00,9983.75,8646.971,8429.01341505355,8864.928755006784
2025-09-07 12:00:00+00:00,9554.25,8314.033,8096.0759036077225,8531.991243560957
2025-09-07 13:00:00+00:00,9502.25,8218.992,8001.034127522675,8436.949467475908
2025-09-07 14:00:00+00:00,9823.25,8198.081,7980.123159235733,8416.038499188966
2025-09-07 15:00:00+00:00,10088.5,8685.505,8467.547114707213,8903.462454660446
2025-09-07 16:00:00+00:00,10494.5,9121.022,8903.065070664687,9338.98041061792
2025-09-07 17:00:00+00:00,10425.5,9327.755,9109.797566909492,9545.712906862726
2025-09-07 18:00:00+00:00,10426.75,9458.964,9241.006539497614,9676.921879450847
2025-09-07 19:00:00+00:00,10027.25,9388.905,9170.947499150905,9606.86283910414
2025-09-07 20:00:00+00:00,9724.25,9239.053,9021.095182464709,9457.010522417942
2025-09-07 21:00:00+00:00,9355.0,8998.7,8780.742475386061,9216.657815339295
2025-09-07 22:00:00+00:00,9028.5,8681.138,8463.179619602473,8899.094959555707
2025-09-07 23:00:00+00:00,8762.5,8271.215,8053.2574489460285,8489.172788899263
2025-09-08 00:00:00+00:00,8650.0,8165.43,7947.472644150657,8383.38798410389
2025-09-08 01:00:00+00:00,8733.75,8255.17,8037.212007499772,8473.127347453006
2025-09-08 02:00:00+00:00,9037.5,8506.807,8288.848963536708,8724.764303489941
2025-09-08 03:00:00+00:00,9844.5,9182.668,8964.71053425451,9400.625874207743
2025-09-08 04:00:00+00:00,11197.0,10335.871,10117.913475005396,10553.82881495863
2025-09-08 05:00:00+00:00,11982.5,11293.351,11075.39244391673,11511.307783869963
2025-09-08 06:00:00+00:00,12812.75,11845.747,11627.789026386059,12063.704366339292
2025-09-08 07:00:00+00:00,13083.25,12107.13,11889.171754294644,12325.087094247878
2025-09-08 08:00:00+00:00,12972.5,12096.605,11878.647907282808,12314.563247236043
2025-09-08 09:00:00+00:00,12678.25,12067.238,11849.280344207933,12285.195684161166
2025-09-08 10:00:00+00:00,12159.0,11891.277,11673.319463880985,12109.23480383422
2025-09-08 11:00:00+00:00,11847.0,11710.204,11492.246740127383,11928.162080080616
2025-09-08 12:00:00+00:00,11913.25,11585.812,11367.854306996833,11803.769646950066
2025-09-08 13:00:00+00:00,11958.25,11595.535,11377.577958962822,11813.493298916055
2025-09-08 14:00:00+00:00,12026.75,11679.274,11461.316761596543,11897.232101549776
2025-09-08 15:00:00+00:00,12359.5,11914.051,11696.093220883622,12132.008560836855
2025-09-08 16:00:00+00:00,12251.0,11974.452,11756.494201816966,12192.409541770201
2025-09-08 17:00:00+00:00,12183.75,12029.824,11811.866874998213,12247.782214951447
2025-09-08 18:00:00+00:00,12121.25,11688.032,11470.075008251471,11905.990348204705
2025-09-08 19:00:00+00:00,11372.75,11071.106,10853.148935648385,11289.064275601619
2025-09-08 20:00:00+00:00,10412.0,10455.87,10237.911960067597,10673.82730002083
2025-09-08 21:00:00+00:00,9870.75,9841.261,9623.30283748026,10059.218177433493
2025-09-08 22:00:00+00:00,9466.25,9309.348,9091.38948654793,9527.304826501166
2025-09-08 23:00:00+00:00,9156.75,8908.729,8690.770803303885,9126.686143257119
2025-09-09 00:00:00+00:00,9002.0,8663.966,8446.008321840314,8881.923661793548
2025-09-09 01:00:00+00:00,9100.5,8535.619,8317.661156443233,8753.576496396468
2025-09-09 02:00:00+00:00,9317.75,8891.1,8673.141707314342,9109.057047267575
2025-09-09 03:00:00+00:00,10056.75,9555.609,9337.651745918294,9773.567085871528
2025-09-09 04:00:00+00:00,11182.0,10610.085,10392.127055218403,10828.042395171637
2025-09-09 05:00:00+00:00,11915.75,11622.786,11404.82836151027,11840.743701463503
2025-09-09 06:00:00+00:00,12698.5,12106.199,11888.24121234164,12324.156552294873
2025-09-09 07:00:00+00:00,13293.25,12453.144,12235.186065255435,12671.101405208668
2025-09-09 08:00:00+00:00,13343.5,12548.256,12330.297852191543,12766.213192144776
2025-09-09 09:00:00+00:00,13090.5,12589.639,12371.680970752535,12807.596310705769
2025-09-09 10:00:00+00:00,12532.75,12552.6,12334.642389192524,12770.557729145758
2025-09-09 11:00:00+00:00,12546.5,12440.718,12222.760275732144,12658.675615685377
2025-09-09 12:00:00+00:00,12200.75,12277.609,12059.651586244174,12495.566926197409
2025-09-09 13:00:00+00:00,12141.25,12128.887,11910.929387898093,12346.844727851327
2025-09-09 14:00:00+00:00,12099.0,12131.277,11913.319872038252,12349.235211991485
2025-09-09 15:00:00+00:00,12499.75,12353.754,12135.796285723045,12571.711625676278
2025-09-09 16:00:00+00:00,12480.5,12445.777,12227.820150876907,12663.73549083014
2025-09-09 17:00:00+00:00,12355.25,12354.597,12136.63880266932,12572.554142622554
2025-09-09 18:00:00+00:00,12185.25,11996.193,11778.235923863358,12214.151263816591
2025-09-09 19:00:00+00:00,11466.25,11492.15,11274.192272458324,11710.107612411557
2025-09-09 20:00:00+00:00,10538.75,10919.185,10701.226951591234,11137.142291544467
2025-09-09 21:00:00+00:00,9784.0,10430.761,10212.802841104616,10648.71818105785
2025-09-09 22:00:00+00:00,9323.5,10052.847,9834.889154205914,10270.804494159147
2025-09-09 23:00:00+00:00,8963.75,9746.146,9528.18900477253,9964.104344725763
2025-09-10 00:00:00+00:00,8845.75,9477.344,9259.38575174851,9695.301091701744
2025-09-10 01:00:00+00:00,8801.25,9438.047,9220.088751971933,9656.004091925166
2025-09-10 02:00:00+00:00,9038.25,9663.014,9445.055778952375,9880.97111890561
2025-09-10 03:00:00+00:00,9787.75,10362.88,10144.921865611328,10580.837205564561
2025-09-10 04:00:00+00:00,11132.5,11456.321,11238.363466470955,11674.278806424189
2025-09-10 05:00:00+00:00,11953.75,12114.938,11896.980635056298,12332.895975009531
2025-09-10 06:00:00+00:00,12635.5,12714.985,12497.028125720119,12932.943465673354
2025-09-10 07:00:00+00:00,13185.5,12837.463,12619.505176756196,13055.42051670943
2025-09-10 08:00:00+00:00,13612.0,12936.325,12718.367090383153,13154.282430336387
2025-09-10 09:00:00+00:00,13474.25,13048.301,12830.343082030184,13266.258421983417
2025-09-10 10:00:00+00:00,13189.75,13106.969,12889.010584062435,13324.925924015668
2025-09-10 11:00:00+00:00,12961.75,12874.557,12656.598880496018,13092.514220449251
2025-09-10 12:00:00+00:00,12694.25,12639.089,12421.131476050401,12857.046816003634
2025-09-10 13:00:00+00:00,12675.25,12437.961,12220.003257509734,12655.918597462967
2025-09-10 14:00:00+00:00,12590.5,12270.449,12052.491328740634,12488.406668693868
2025-09-10 15:00:00+00:00,12864.25,12416.482,12198.524530770734,12634.439870723967
2025-09-10 16:00:00+00:00,12777.25,12678.795,12460.837175535438,12896.752515488672
2025-09-10 17:00:00+00:00,12594.25,12785.398,12567.440288979558,13003.355628932792
2025-09-10 18:00:00+00:00,12293.5,12310.8125,12092.85497111006,12528.770311063294
2025-09-10 19:00:00+00:00,11503.75,11618.274,11400.31679578041,11836.232135733644
2025-09-10 20:00:00+00:00,10656.25,10833.771,10615.814111087431,11051.729451040665
2025-09-10 21:00:00+00:00,9960.75,10066.936,9848.978269711766,10284.893609665
2025-09-10 22:00:00+00:00,9508.75,9280.728,9062.770050789777,9498.68539074301
2025-09-10 23:00:00+00:00,9134.75,8892.538,8674.580339380434,9110.495679333668
2025-09-11 00:00:00+00:00,8981.0,8619.292,8401.334125009624,8837.249464962857
2025-09-11 01:00:00+00:00,9037.75,8699.685,8481.726812434323,8917.642152387556
2025-09-11 02:00:00+00:00,9264.0,9011.675,8793.71698631993,9229.632326273164
2025-09-11 03:00:00+00:00,10071.25,9705.997,9488.039600153505,9923.954940106738
2025-09-11 04:00:00+00:00,11405.0,10912.882,10694.923701916288,11130.839041869522
2025-09-11 05:00:00+00:00,12202.0,11800.288,11582.330475032844,12018.24581498608
2025-09-11 06:00:00+00:00,12913.5,12418.838,12200.880577755255,12636.795917708489
2025-09-11 07:00:00+00:00,13256.75,12463.677,12245.719402374516,12681.63474232775
2025-09-11 08:00:00+00:00,13253.5,12485.292,12267.33434340734,12703.249683360573
2025-09-11 09:00:00+00:00,13478.0,12310.815,12092.857812459535,12528.773152412768
2025-09-11 10:00:00+00:00,13444.25,12135.226,11917.267642998568,12353.182982951803
2025-09-11 11:00:00+00:00,13359.5,11698.756,11480.797806553534,11916.713146506769
2025-09-11 12:00:00+00:00,13075.5,11433.143,11215.184557895018,11651.099897848251
2025-09-11 13:00:00+00:00,12828.75,11340.318,11122.3606894864,11558.276029439634
2025-09-11 14:00:00+00:00,12488.75,11432.25,11214.292036749674,11650.207376702907
2025-09-11 15:00:00+00:00,12606.0,11720.228,11502.270168669711,11938.185508622946
2025-09-11 16:00:00+00:00,12480.0,11944.152,11726.19456246037,12162.109902413604
2025-09-11 17:00:00+00:00,12392.5,11985.991,11768.033206169166,12203.9485461224
2025-09-11 18:00:00+00:00,12100.5,11820.678,11602.720453480084,12038.635793433317
2025-09-11 19:00:00+00:00,11300.0,11340.167,11122.209657555066,11558.1249975083
2025-09-11 20:00:00+00:00,10480.0,10599.119,10381.161719325171,10817.077059278405
2025-09-11 21:00:00+00:00,10135.25,10100.557,9882.598480545608,10318.513820498842
2025-09-11 22:00:00+00:00,9780.75,9538.922,9320.964386798685,9756.879726751918
2025-09-11 23:00:00+00:00,9528.5,9154.873,8936.915771767926,9372.83111172116
2025-09-12 00:00:00+00:00,9339.25,9217.395,8999.436598303952,9435.351938257185
2025-09-12 01:00:00+00:00,9424.5,9265.199,9047.241280332022,9483.156620285255
2025-09-12 02:00:00+00:00,9778.0,9609.791,9391.833325399695,9827.748665352929
2025-09-12 03:00:00+00:00,10480.25,10396.126,10178.16849581622,10614.083835769454
2025-09-12 04:00:00+00:00,11618.5,11601.168,11383.20993982434,11819.125279777574
2025-09-12 05:00:00+00:00,12492.75,12444.082,12226.124319856353,12662.039659809587
2025-09-12 06:00:00+00:00,13321.5,12887.623,12669.665223844913,13105.580563798148
2025-09-12 07:00:00+00:00,13680.5,12888.295,12670.3372598227,13106.252599775933
2025-09-12 08:00:00+00:00,13710.25,12771.834,12553.876595818589,12989.791935771824
2025-09-12 09:00:00+00:00,14157.5,12569.388,12351.429763813647,12787.34510376688
2025-09-12 10:00:00+00:00,13426.5,12394.955,12176.997160128723,12612.912500081957
2025-09-12 11:00:00+00:00,12942.25,11990.998,11773.040118559718,12208.955458512952
2025-09-12 12:00:00+00:00,12567.5,11727.436,11509.47756416104,11945.392904114273
2025-09-12 13:00:00+00:00,12114.5,11678.689,11460.732253389331,11896.647593342565
2025-09-12 14:00:00+00:00,11972.75,11749.663,11531.70566841053,11967.621008363763
2025-09-12 15:00:00+00:00,12293.0,11900.244,11682.286819650513,12118.202159603748
2025-09-12 16:00:00+00:00,12159.25,11899.11,11681.153092796565,12117.068432749798
2025-09-12 17:00:00+00:00,12143.25,11872.893,11654.93451210415,12090.849852057385
2025-09-12 18:00:00+00:00,11975.25,11573.428,11355.469738351047,11791.385078304282
2025-09-12 19:00:00+00:00,11274.5,10992.264,10774.306232775698,11210.221572728931
2025-09-12 20:00:00+00:00,10569.0,10288.068,10070.110611440992,10506.025951394226
2025-09-12 21:00:00+00:00,9731.25,9685.047,9467.088852973915,9903.004192927148
2025-09-12 22:00:00+00:00,9225.5,9203.445,8985.48739084624,9421.402730799473
2025-09-12 23:00:00+00:00,8978.75,8773.767,8555.808749021462,8991.724088974695
