date,biomass_rte_actual,gas_rte_actual,hard_coal_rte_actual,nuclear_rte_actual,oil_rte_actual,renewables_rte_actual,waste_rte_actual,biomass_rte_fitted,gas_rte_fitted,hard_coal_rte_fitted,nuclear_rte_fitted,oil_rte_fitted,renewables_rte_fitted,waste_rte_fitted,biomass_rte_lower,gas_rte_lower,hard_coal_rte_lower,nuclear_rte_lower,oil_rte_lower,renewables_rte_lower,waste_rte_lower,biomass_rte_upper,gas_rte_upper,hard_coal_rte_upper,nuclear_rte_upper,oil_rte_upper,renewables_rte_upper,waste_rte_upper
2025-07-16 00:00:00+00:00,,,,,,,,344.8371395049089,429.21077446642835,20.532776163128908,38268.19815773078,120.97161622114749,6244.838201146736,221.32686020546222,359.21792410714284,2305.4280927579366,62.79329631376507,39566.12500992063,147.7467361111111,7679.840427295919,170.51812996031745,359.21792410714284,2305.4280927579366,62.79329631376507,39566.12500992063,147.7467361111111,7679.840427295919,170.51812996031745
2025-07-16 01:00:00+00:00,,,,,,,,385.9740441308771,493.1851895475645,42.37103935715952,36890.785286390055,118.72455070940717,6193.990514883352,225.8750939184926,359.21792410714284,2305.4280927579366,62.79329631376507,39566.12500992063,147.7467361111111,7679.840427295919,170.51812996031745,359.21792410714284,2305.4280927579366,62.79329631376507,39566.12500992063,147.7467361111111,7679.840427295919,170.51812996031745
2025-07-16 02:00:00+00:00,,,,,,,,358.7308913294346,504.49042558265114,11.851213254223417,37967.25172741674,109.4118849061384,6159.019808191224,213.32273401605266,359.21792410714284,2305.4280927579366,62.79329631376507,39566.12500992063,147.7467361111111,7679.840427295919,170.51812996031745,359.21792410714284,2305.4280927579366,62.79329631376507,39566.12500992063,147.7467361111111,7679.840427295919,170.51812996031745
2025-07-16 03:00:00+00:00,,,,,,,,349.66985404863743,501.03578756348134,77.94993102933408,38203.66098851753,118.31740664990814,5653.815039587425,219.20459451099023,359.21792410714284,2305.4280927579366,62.79329631376507,39566.12500992063,147.7467361111111,7679.840427295919,170.51812996031745,359.21792410714284,2305.4280927579366,62.79329631376507,39566.12500992063,147.7467361111111,7679.840427295919,170.51812996031745
2025-07-16 04:00:00+00:00,,,,,,,,353.81943243325605,553.5416316959554,47.43134424291952,38371.274580002246,114.89794749086482,6436.84867117208,177.30608844252785,359.21792410714284,2305.4280927579366,62.79329631376507,39566.12500992063,147.7467361111111,7679.840427295919,170.51812996031745,359.21792410714284,2305.4280927579366,62.79329631376507,39566.12500992063,147.7467361111111,7679.840427295919,170.51812996031745
2025-07-16 05:00:00+00:00,,,,,,,,346.544069830575,882.5252528730248,46.8844190842758,37657.4745598048,128.42363334888606,6456.138079886888,154.34823105465696,359.21792410714284,2305.4280927579366,62.79329631376507,39566.12500992063,147.7467361111111,7679.840427295919,170.51812996031745,359.21792410714284,2305.4280927579366,62.79329631376507,39566.12500992063,147.7467361111111,7679.840427295919,170.51812996031745
2025-07-16 06:00:00+00:00,,,,,,,,342.40767694174735,877.2008466888049,35.07737149240434,39656.08510669096,137.5010143154072,6584.835618997638,156.02767561558545,359.21792410714284,2305.4280927579366,62.79329631376507,39566.12500992063,147.7467361111111,7679.840427295919,170.51812996031745,359.21792410714284,2305.4280927579366,62.79329631376507,39566.12500992063,147.7467361111111,7679.840427295919,170.51812996031745
2025-07-16 07:00:00+00:00,,,,,,,,348.4924102005195,857.5163632192282,49.637255719406184,37397.766934464205,125.41771915424776,5613.731260254155,150.0208676602623,359.21792410714284,2305.4280927579366,62.79329631376507,39566.12500992063,147.7467361111111,7679.840427295919,170.51812996031745,359.21792410714284,2305.4280927579366,62.79329631376507,39566.12500992063,147.7467361111111,7679.840427295919,170.51812996031745
2025-07-16 08:00:00+00:00,,,,,,,,348.8971538376488,790.5469982518223,72.84417693507643,35779.722837708716,126.23147861525403,5918.605257623138,140.34221414480942,359.21792410714284,2305.4280927579366,62.79329631376507,39566.12500992063,147.7467361111111,7679.840427295919,170.51812996031745,359.21792410714284,2305.4280927579366,62.79329631376507,39566.12500992063,147.7467361111111,7679.840427295919,170.51812996031745
2025-07-16 09:00:00+00:00,,,,,,,,348.62409033845427,721.9054375842209,85.36981528555489,35923.916849484536,121.31014855760702,5561.792526161446,128.92374615891524,359.21792410714284,2305.4280927579366,62.79329631376507,39566.12500992063,147.7467361111111,7679.840427295919,170.51812996031745,359.21792410714284,2305.4280927579366,62.79329631376507,39566.12500992063,147.7467361111111,7679.840427295919,170.51812996031745
2025-07-16 10:00:00+00:00,,,,,,,,360.7205345534056,520.2083267182115,86.08139400913646,33632.74128781846,126.87425834605286,5459.7117561026935,144.75110857912577,359.21792410714284,2305.4280927579366,62.79329631376507,39566.12500992063,147.7467361111111,7679.840427295919,170.51812996031745,359.21792410714284,2305.4280927579366,62.79329631376507,39566.12500992063,147.7467361111111,7679.840427295919,170.51812996031745
2025-07-16 11:00:00+00:00,,,,,,,,358.68185732836747,670.8297751182329,69.71427590760678,36142.29146326158,123.93451961624734,5389.103777697322,163.79173911631668,359.21792410714284,2305.4280927579366,62.79329631376507,39566.12500992063,147.7467361111111,7679.840427295919,170.51812996031745,359.21792410714284,2305.4280927579366,62.79329631376507,39566.12500992063,147.7467361111111,7679.840427295919,170.51812996031745
2025-07-16 12:00:00+00:00,,,,,,,,356.27296782755656,610.496159236664,139.37871162862643,34607.90349303912,126.10767574785363,5223.002674532486,163.58464510155707,359.21792410714284,2305.4280927579366,62.79329631376507,39566.12500992063,147.7467361111111,7679.840427295919,170.51812996031745,359.21792410714284,2305.4280927579366,62.79329631376507,39566.12500992063,147.7467361111111,7679.840427295919,170.51812996031745
2025-07-16 13:00:00+00:00,,,,,,,,362.941946482662,671.1192295444664,95.00038450693219,34672.22401389505,125.6971874567869,5214.754337948261,163.97237345164055,359.21792410714284,2305.4280927579366,62.79329631376507,39566.12500992063,147.7467361111111,7679.840427295919,170.51812996031745,359.21792410714284,2305.4280927579366,62.79329631376507,39566.12500992063,147.7467361111111,7679.840427295919,170.51812996031745
2025-07-16 14:00:00+00:00,,,,,,,,366.5532814855419,773.3407539160935,45.05248620446088,33727.88696326199,126.97175836695175,4895.081435762389,173.45646232282473,359.21792410714284,2305.4280927579366,62.79329631376507,39566.12500992063,147.7467361111111,7679.840427295919,170.51812996031745,359.21792410714284,2305.4280927579366,62.79329631376507,39566.12500992063,147.7467361111111,7679.840427295919,170.51812996031745
2025-07-16 15:00:00+00:00,,,,,,,,366.82661191389457,728.6226214799738,74.17546133172735,36813.60997378957,125.7491099501525,5218.027638277019,166.7748761459052,359.21792410714284,2305.4280927579366,62.79329631376507,39566.12500992063,147.7467361111111,7679.840427295919,170.51812996031745,359.21792410714284,2305.4280927579366,62.79329631376507,39566.12500992063,147.7467361111111,7679.840427295919,170.51812996031745
2025-07-16 16:00:00+00:00,,,,,,,,356.6098862040051,897.9714019429846,43.30472691341149,37444.547108901796,131.75506827392985,5309.597599560033,188.27576434579484,359.21792410714284,2305.4280927579366,62.79329631376507,39566.12500992063,147.7467361111111,7679.840427295919,170.51812996031745,359.21792410714284,2305.4280927579366,62.79329631376507,39566.12500992063,147.7467361111111,7679.840427295919,170.51812996031745
2025-07-16 17:00:00+00:00,,,,,,,,356.4548925840596,1297.2139236743958,46.701961992294635,39446.28437775153,134.84942008039786,6431.11348612739,189.6125532337089,359.21792410714284,2305.4280927579366,62.79329631376507,39566.12500992063,147.7467361111111,7679.840427295919,170.51812996031745,359.21792410714284,2305.4280927579366,62.79329631376507,39566.12500992063,147.7467361111111,7679.840427295919,170.51812996031745
2025-07-16 18:00:00+00:00,,,,,,,,362.32745931007,1918.5338075360453,59.14880205319169,38630.88104459066,139.1331462576105,6658.083693959302,136.38166169041122,359.21792410714284,2305.4280927579366,62.79329631376507,39566.12500992063,147.7467361111111,7679.840427295919,170.51812996031745,359.21792410714284,2305.4280927579366,62.79329631376507,39566.12500992063,147.7467361111111,7679.840427295919,170.51812996031745
2025-07-16 19:00:00+00:00,,,,,,,,358.6432838338253,2199.737425359966,61.474045398414056,38543.52912783094,134.40056511958213,7831.998701275725,144.59501354817033,359.21792410714284,2305.4280927579366,62.79329631376507,39566.12500992063,147.7467361111111,7679.840427295919,170.51812996031745,359.21792410714284,2305.4280927579366,62.79329631376507,39566.12500992063,147.7467361111111,7679.840427295919,170.51812996031745
2025-07-16 20:00:00+00:00,,,,,,,,343.21213253604566,2777.0262066472283,33.65681456584079,38136.30933952024,141.3788077241103,8668.359944112864,174.08516101782465,359.21792410714284,2305.4280927579366,62.79329631376507,39566.12500992063,147.7467361111111,7679.840427295919,170.51812996031745,359.21792410714284,2305.4280927579366,62.79329631376507,39566.12500992063,147.7467361111111,7679.840427295919,170.51812996031745
2025-07-16 21:00:00+00:00,,,,,,,,350.9908939061917,2861.144119184804,40.01993331831129,39202.8326519161,133.01004634503343,7963.594954287887,175.18448037730317,359.21792410714284,2305.4280927579366,62.79329631376507,39566.12500992063,147.7467361111111,7679.840427295919,170.51812996031745,359.21792410714284,2305.4280927579366,62.79329631376507,39566.12500992063,147.7467361111111,7679.840427295919,170.51812996031745
2025-07-16 22:00:00+00:00,,,,,,,,345.64373320837814,2290.8948850643146,63.33375546382506,38469.267761208954,141.49523607161018,6406.840321480917,182.04467875165702,359.21792410714284,2305.4280927579366,62.79329631376507,39566.12500992063,147.7467361111111,7679.840427295919,170.51812996031745,359.21792410714284,2305.4280927579366,62.79329631376507,39566.12500992063,147.7467361111111,7679.840427295919,170.51812996031745
2025-07-16 23:00:00+00:00,,,,,,,,351.5911317286576,2086.825126303602,63.65471030090181,37441.045576313365,120.34631035799686,6465.683872659517,175.63028115879231,359.21792410714284,2305.4280927579366,62.79329631376507,39566.12500992063,147.7467361111111,7679.840427295919,170.51812996031745,359.21792410714284,2305.4280927579366,62.79329631376507,39566.12500992063,147.7467361111111,7679.840427295919,170.51812996031745
2025-07-17 00:00:00+00:00,,,,,,,,341.59300188126866,2030.4398037022715,26.42439135433898,35701.22912827431,132.39577541593167,5578.68841436144,166.19650045515004,359.21792410714284,2305.4280927579366,62.79329631376507,39566.12500992063,147.7467361111111,7679.840427295919,170.51812996031745,359.21792410714284,2305.4280927579366,62.79329631376507,39566.12500992063,147.7467361111111,7679.840427295919,170.51812996031745
2025-07-17 01:00:00+00:00,,,,,,,,341.69987840408345,1347.404757727781,31.379680962327505,36305.82979099462,131.80021137779815,6041.878461345732,181.0856371665712,359.21792410714284,2305.4280927579366,62.79329631376507,39566.12500992063,147.7467361111111,7679.840427295919,170.51812996031745,359.21792410714284,2305.4280927579366,62.79329631376507,39566.12500992063,147.7467361111111,7679.840427295919,170.51812996031745
2025-07-17 02:00:00+00:00,,,,,,,,340.84528043979844,1412.3259109644687,37.791008122302074,36926.6905477857,130.24475767593412,5572.65932706132,156.8539301290198,359.21792410714284,2305.4280927579366,62.79329631376507,39566.12500992063,147.7467361111111,7679.840427295919,170.51812996031745,359.21792410714284,2305.4280927579366,62.79329631376507,39566.12500992063,147.7467361111111,7679.840427295919,170.51812996031745
2025-07-17 03:00:00+00:00,,,,,,,,336.6910335958296,1497.4038292011855,14.862692860983614,38366.995058521294,133.54242335431385,6479.702470475864,184.7843301517499,359.21792410714284,2305.4280927579366,62.79329631376507,39566.12500992063,147.7467361111111,7679.840427295919,170.51812996031745,359.21792410714284,2305.4280927579366,62.79329631376507,39566.12500992063,147.7467361111111,7679.840427295919,170.51812996031745
2025-07-17 04:00:00+00:00,,,,,,,,333.82149917479364,1557.6806696556064,57.51387606976181,37434.973725523996,121.18704086280788,6601.497735809987,165.4923361876186,359.21792410714284,2305.4280927579366,62.79329631376507,39566.12500992063,147.7467361111111,7679.840427295919,170.51812996031745,359.21792410714284,2305.4280927579366,62.79329631376507,39566.12500992063,147.7467361111111,7679.840427295919,170.51812996031745
2025-07-17 05:00:00+00:00,,,,,,,,325.9969642191289,2026.5563602779066,35.17354324202942,36760.13487578644,133.1660086038342,6369.941938470735,158.48220857749683,359.21792410714284,2305.4280927579366,62.79329631376507,39566.12500992063,147.7467361111111,7679.840427295919,170.51812996031745,359.21792410714284,2305.4280927579366,62.79329631376507,39566.12500992063,147.7467361111111,7679.840427295919,170.51812996031745
2025-07-17 06:00:00+00:00,,,,,,,,336.3610505039575,1724.5870590674526,39.73445389466404,37429.461146355614,131.56275975253712,6966.667630299127,170.14984953268058,359.21792410714284,2305.4280927579366,62.79329631376507,39566.12500992063,147.7467361111111,7679.840427295919,170.51812996031745,359.21792410714284,2305.4280927579366,62.79329631376507,39566.12500992063,147.7467361111111,7679.840427295919,170.51812996031745
2025-07-17 07:00:00+00:00,,,,,,,,335.8297195992446,1323.7701262917349,17.965616978302414,36882.34636275854,127.86746010357467,6844.443800049233,175.46681270041316,359.21792410714284,2305.4280927579366,62.79329631376507,39566.12500992063,147.7467361111111,7679.840427295919,170.51812996031745,359.21792410714284,2305.4280927579366,62.79329631376507,39566.12500992063,147.7467361111111,7679.840427295919,170.51812996031745
2025-07-17 08:00:00+00:00,,,,,,,,337.88561490302413,1303.0207202376364,23.03524809878708,37829.104399552285,126.933838879438,5764.51834519769,164.2060736213649,359.21792410714284,2305.4280927579366,62.79329631376507,39566.12500992063,147.7467361111111,7679.840427295919,170.51812996031745,359.21792410714284,2305.4280927579366,62.79329631376507,39566.12500992063,147.7467361111111,7679.840427295919,170.51812996031745
2025-07-17 09:00:00+00:00,,,,,,,,339.9068720850295,1328.2526512843158,14.999532832168796,38483.73277443826,125.25717297278341,5588.745820975454,178.90308681524277,359.21792410714284,2305.4280927579366,62.79329631376507,39566.12500992063,147.7467361111111,7679.840427295919,170.51812996031745,359.21792410714284,2305.4280927579366,62.79329631376507,39566.12500992063,147.7467361111111,7679.840427295919,170.51812996031745
2025-07-17 10:00:00+00:00,,,,,,,,342.4471539877311,1209.2148747547449,13.106886716430807,37573.259740719564,123.63506062605823,5291.459156794819,169.92634849723956,359.21792410714284,2305.4280927579366,62.79329631376507,39566.12500992063,147.7467361111111,7679.840427295919,170.51812996031745,359.21792410714284,2305.4280927579366,62.79329631376507,39566.12500992063,147.7467361111111,7679.840427295919,170.51812996031745
2025-07-17 11:00:00+00:00,,,,,,,,351.1381339743676,1219.8864804595364,18.022368276620824,38382.68105898828,121.7603569783439,5194.942549283874,163.94480497523836,359.21792410714284,2305.4280927579366,62.79329631376507,39566.12500992063,147.7467361111111,7679.840427295919,170.51812996031745,359.21792410714284,2305.4280927579366,62.79329631376507,39566.12500992063,147.7467361111111,7679.840427295919,170.51812996031745
2025-07-17 12:00:00+00:00,,,,,,,,348.19049235619417,1177.592078871489,14.200598932918297,39847.44230470741,127.69985872138848,5358.799116516811,148.60355124366376,359.21792410714284,2305.4280927579366,62.79329631376507,39566.12500992063,147.7467361111111,7679.840427295919,170.51812996031745,359.21792410714284,2305.4280927579366,62.79329631376507,39566.12500992063,147.7467361111111,7679.840427295919,170.51812996031745
2025-07-17 13:00:00+00:00,,,,,,,,346.1133577230793,1084.383820959709,13.314413174487015,39767.88629104593,128.35198049424466,5586.135796444867,152.63571560785618,359.21792410714284,2305.4280927579366,62.79329631376507,39566.12500992063,147.7467361111111,7679.840427295919,170.51812996031745,359.21792410714284,2305.4280927579366,62.79329631376507,39566.12500992063,147.7467361111111,7679.840427295919,170.51812996031745
2025-07-17 14:00:00+00:00,,,,,,,,350.6365729983551,852.2439843045897,18.515805229732614,38996.662544024795,123.12766741676153,5456.488287522468,179.29231833121764,359.21792410714284,2305.4280927579366,62.79329631376507,39566.12500992063,147.7467361111111,7679.840427295919,170.51812996031745,359.21792410714284,2305.4280927579366,62.79329631376507,39566.12500992063,147.7467361111111,7679.840427295919,170.51812996031745
2025-07-17 15:00:00+00:00,,,,,,,,346.73265919103216,1195.9993793779033,20.828472471527093,39885.5116861579,123.18579797895859,5436.1099395693345,180.72253913903847,359.21792410714284,2305.4280927579366,62.79329631376507,39566.12500992063,147.7467361111111,7679.840427295919,170.51812996031745,359.21792410714284,2305.4280927579366,62.79329631376507,39566.12500992063,147.7467361111111,7679.840427295919,170.51812996031745
2025-07-17 16:00:00+00:00,,,,,,,,336.4392578743159,1852.3255212903514,46.01239801315292,40359.014567527476,134.0247277935751,7233.765672545516,187.104942467343,359.21792410714284,2305.4280927579366,62.79329631376507,39566.12500992063,147.7467361111111,7679.840427295919,170.51812996031745,359.21792410714284,2305.4280927579366,62.79329631376507,39566.12500992063,147.7467361111111,7679.840427295919,170.51812996031745
2025-07-17 17:00:00+00:00,,,,,,,,338.9822774088567,1929.4842980843728,9.293652315523524,41021.03525293477,179.27719896599996,8532.798288450587,185.58321403839608,359.21792410714284,2305.4280927579366,62.79329631376507,39566.12500992063,147.7467361111111,7679.840427295919,170.51812996031745,359.21792410714284,2305.4280927579366,62.79329631376507,39566.12500992063,147.7467361111111,7679.840427295919,170.51812996031745
2025-07-17 18:00:00+00:00,,,,,,,,348.97644573140946,2001.9291251455766,6.990830166698643,40356.00488560372,168.10495031405094,9807.330672867209,181.80403501258,359.21792410714284,2305.4280927579366,62.79329631376507,39566.12500992063,147.7467361111111,7679.840427295919,170.51812996031745,359.21792410714284,2305.4280927579366,62.79329631376507,39566.12500992063,147.7467361111111,7679.840427295919,170.51812996031745
2025-07-17 19:00:00+00:00,,,,,,,,348.1847389801669,2245.514170035711,7.547790258410814,41038.65191860592,153.626046929178,9070.881615351052,174.03335976959434,359.21792410714284,2305.4280927579366,62.79329631376507,39566.12500992063,147.7467361111111,7679.840427295919,170.51812996031745,359.21792410714284,2305.4280927579366,62.79329631376507,39566.12500992063,147.7467361111111,7679.840427295919,170.51812996031745
2025-07-17 20:00:00+00:00,,,,,,,,351.8355967233529,2208.67963859356,10.11491870126843,39386.05162411726,165.55110008772425,8541.790032950443,176.78071714348934,359.21792410714284,2305.4280927579366,62.79329631376507,39566.12500992063,147.7467361111111,7679.840427295919,170.51812996031745,359.21792410714284,2305.4280927579366,62.79329631376507,39566.12500992063,147.7467361111111,7679.840427295919,170.51812996031745
2025-07-17 21:00:00+00:00,,,,,,,,348.0600367812994,2112.318871740063,19.253383003360156,40158.32256641189,154.98274881902083,7866.682099472363,195.51967363174447,359.21792410714284,2305.4280927579366,62.79329631376507,39566.12500992063,147.7467361111111,7679.840427295919,170.51812996031745,359.21792410714284,2305.4280927579366,62.79329631376507,39566.12500992063,147.7467361111111,7679.840427295919,170.51812996031745
2025-07-17 22:00:00+00:00,,,,,,,,343.3071136580694,1261.821315305509,9.311831659622477,38616.74655276825,139.74141776342339,6484.108163435158,178.02916970676614,359.21792410714284,2305.4280927579366,62.79329631376507,39566.12500992063,147.7467361111111,7679.840427295919,170.51812996031745,359.21792410714284,2305.4280927579366,62.79329631376507,39566.12500992063,147.7467361111111,7679.840427295919,170.51812996031745
2025-07-17 23:00:00+00:00,,,,,,,,340.61011210021877,1395.9803091921426,26.135011724018327,39218.506004296076,160.32775456026707,6444.858930112209,171.51164264274865,359.21792410714284,2305.4280927579366,62.79329631376507,39566.12500992063,147.7467361111111,7679.840427295919,170.51812996031745,359.21792410714284,2305.4280927579366,62.79329631376507,39566.12500992063,147.7467361111111,7679.840427295919,170.51812996031745
2025-07-18 00:00:00+00:00,,,,,,,,352.1953686196073,1191.0067984879252,5.2760318344059485,39758.78579814323,140.034276832836,5527.172645859951,162.7257574297736,359.21792410714284,2305.4280927579366,62.79329631376507,39566.12500992063,147.7467361111111,7679.840427295919,170.51812996031745,359.21792410714284,2305.4280927579366,62.79329631376507,39566.12500992063,147.7467361111111,7679.840427295919,170.51812996031745
2025-07-18 01:00:00+00:00,,,,,,,,358.84306375634003,1143.7224855461845,6.058469444791335,38485.63121377897,121.37418313855335,5703.793442870034,195.95749677889538,359.21792410714284,2305.4280927579366,62.79329631376507,39566.12500992063,147.7467361111111,7679.840427295919,170.51812996031745,359.21792410714284,2305.4280927579366,62.79329631376507,39566.12500992063,147.7467361111111,7679.840427295919,170.51812996031745
2025-07-18 02:00:00+00:00,,,,,,,,357.79143027695653,1205.1569296334185,2.9536225517173023,39905.18163542832,120.73840993360375,6101.016847079265,193.41238689752927,359.21792410714284,2305.4280927579366,62.79329631376507,39566.12500992063,147.7467361111111,7679.840427295919,170.51812996031745,359.21792410714284,2305.4280927579366,62.79329631376507,39566.12500992063,147.7467361111111,7679.840427295919,170.51812996031745
2025-07-18 03:00:00+00:00,,,,,,,,350.91688861212623,1177.5329250360332,2.0875455753197585,40268.83800436747,144.91197683928453,5890.260092301898,177.06409986009356,359.21792410714284,2305.4280927579366,62.79329631376507,39566.12500992063,147.7467361111111,7679.840427295919,170.51812996031745,359.21792410714284,2305.4280927579366,62.79329631376507,39566.12500992063,147.7467361111111,7679.840427295919,170.51812996031745
2025-07-18 04:00:00+00:00,,,,,,,,348.7480691837561,1627.520845827421,4.989090363722873,40931.42012585358,121.7714778914049,6505.7665972816485,193.3157712358033,359.21792410714284,2305.4280927579366,62.79329631376507,39566.12500992063,147.7467361111111,7679.840427295919,170.51812996031745,359.21792410714284,2305.4280927579366,62.79329631376507,39566.12500992063,147.7467361111111,7679.840427295919,170.51812996031745
2025-07-18 05:00:00+00:00,,,,,,,,346.1794848233804,1567.646976761372,3.9164639638979537,40738.350439041766,148.4433245909723,7124.267286551425,198.99155335641672,359.21792410714284,2305.4280927579366,62.79329631376507,39566.12500992063,147.7467361111111,7679.840427295919,170.51812996031745,359.21792410714284,2305.4280927579366,62.79329631376507,39566.12500992063,147.7467361111111,7679.840427295919,170.51812996031745
2025-07-18 06:00:00+00:00,,,,,,,,360.3250565091542,1619.820487054069,-1.0211959786570546,41174.01046423727,131.38669463175728,8018.963156105596,204.43807966273874,359.21792410714284,2305.4280927579366,62.79329631376507,39566.12500992063,147.7467361111111,7679.840427295919,170.51812996031745,359.21792410714284,2305.4280927579366,62.79329631376507,39566.12500992063,147.7467361111111,7679.840427295919,170.51812996031745
2025-07-18 07:00:00+00:00,,,,,,,,341.9090589061862,1519.5335802643913,1.8529596916387305,39911.02255065,121.81220287886484,8275.752583836544,194.17800370667715,359.21792410714284,2305.4280927579366,62.79329631376507,39566.12500992063,147.7467361111111,7679.840427295919,170.51812996031745,359.21792410714284,2305.4280927579366,62.79329631376507,39566.12500992063,147.7467361111111,7679.840427295919,170.51812996031745
2025-07-18 08:00:00+00:00,,,,,,,,340.1649470818679,2051.203477251035,2.8432313299574545,40008.37181629438,139.65902261245677,7564.32284512019,184.7059140552141,359.21792410714284,2305.4280927579366,62.79329631376507,39566.12500992063,147.7467361111111,7679.840427295919,170.51812996031745,359.21792410714284,2305.4280927579366,62.79329631376507,39566.12500992063,147.7467361111111,7679.840427295919,170.51812996031745
2025-07-18 09:00:00+00:00,,,,,,,,340.2225121890536,1392.77570901802,1.6201823369772015,37903.01272273546,145.43838455757617,6835.363139019402,162.2677325517079,359.21792410714284,2305.4280927579366,62.79329631376507,39566.12500992063,147.7467361111111,7679.840427295919,170.51812996031745,359.21792410714284,2305.4280927579366,62.79329631376507,39566.12500992063,147.7467361111111,7679.840427295919,170.51812996031745
2025-07-18 10:00:00+00:00,,,,,,,,334.04440187535505,1162.6198014867389,2.890654865671074,36341.67308055465,150.5533155118754,7090.965562504058,157.48922963967104,359.21792410714284,2305.4280927579366,62.79329631376507,39566.12500992063,147.7467361111111,7679.840427295919,170.51812996031745,359.21792410714284,2305.4280927579366,62.79329631376507,39566.12500992063,147.7467361111111,7679.840427295919,170.51812996031745
2025-07-18 11:00:00+00:00,,,,,,,,334.4458483079237,977.9186805108068,12.2499213767247,37985.01318395322,148.0614478189767,6953.585208568162,205.0376225580129,359.21792410714284,2305.4280927579366,62.79329631376507,39566.12500992063,147.7467361111111,7679.840427295919,170.51812996031745,359.21792410714284,2305.4280927579366,62.79329631376507,39566.12500992063,147.7467361111111,7679.840427295919,170.51812996031745
2025-07-18 12:00:00+00:00,,,,,,,,333.1680241593035,580.4672591499891,0.876077619992806,38250.39030478551,136.58334263539655,6611.204974528955,199.95853026178145,359.21792410714284,2305.4280927579366,62.79329631376507,39566.12500992063,147.7467361111111,7679.840427295919,170.51812996031745,359.21792410714284,2305.4280927579366,62.79329631376507,39566.12500992063,147.7467361111111,7679.840427295919,170.51812996031745
2025-07-18 13:00:00+00:00,,,,,,,,333.7842956526288,600.3744901307489,-0.12405218106749061,35248.65912012124,163.30073740599406,6044.611159819837,208.04380037465813,359.21792410714284,2305.4280927579366,62.79329631376507,39566.12500992063,147.7467361111111,7679.840427295919,170.51812996031745,359.21792410714284,2305.4280927579366,62.79329631376507,39566.12500992063,147.7467361111111,7679.840427295919,170.51812996031745
2025-07-18 14:00:00+00:00,,,,,,,,343.0901389334793,284.7192160573409,0.8430394725524337,37394.78507680548,146.86682635274914,6459.214947498653,222.3037214667767,359.21792410714284,2305.4280927579366,62.79329631376507,39566.12500992063,147.7467361111111,7679.840427295919,170.51812996031745,359.21792410714284,2305.4280927579366,62.79329631376507,39566.12500992063,147.7467361111111,7679.840427295919,170.51812996031745
2025-07-18 15:00:00+00:00,,,,,,,,343.8736440788424,423.59768696419064,-0.16943841588572894,39191.1715289347,132.28647107183505,6817.766101955386,215.39069249675995,359.21792410714284,2305.4280927579366,62.79329631376507,39566.12500992063,147.7467361111111,7679.840427295919,170.51812996031745,359.21792410714284,2305.4280927579366,62.79329631376507,39566.12500992063,147.7467361111111,7679.840427295919,170.51812996031745
2025-07-18 16:00:00+00:00,,,,,,,,340.3017254211185,1191.9063642264218,5.5025015736300915,41099.5967313283,126.58972568128478,7717.210272862751,213.72565021690582,359.21792410714284,2305.4280927579366,62.79329631376507,39566.12500992063,147.7467361111111,7679.840427295919,170.51812996031745,359.21792410714284,2305.4280927579366,62.79329631376507,39566.12500992063,147.7467361111111,7679.840427295919,170.51812996031745
2025-07-18 17:00:00+00:00,,,,,,,,342.9605356630803,1130.7457572937158,18.163187503108567,40678.46219390076,160.05494763694395,8946.20120632699,220.04927006595904,359.21792410714284,2305.4280927579366,62.79329631376507,39566.12500992063,147.7467361111111,7679.840427295919,170.51812996031745,359.21792410714284,2305.4280927579366,62.79329631376507,39566.12500992063,147.7467361111111,7679.840427295919,170.51812996031745
2025-07-18 18:00:00+00:00,,,,,,,,343.6655257807362,1467.6106237463428,-0.501369951644179,39732.14427876386,128.17491876593112,9970.171573083664,234.78487760353698,359.21792410714284,2305.4280927579366,62.79329631376507,39566.12500992063,147.7467361111111,7679.840427295919,170.51812996031745,359.21792410714284,2305.4280927579366,62.79329631376507,39566.12500992063,147.7467361111111,7679.840427295919,170.51812996031745
2025-07-18 19:00:00+00:00,,,,,,,,338.9079191890293,1942.2471557042918,-3.47883584027997,40143.60241618322,136.49699064739536,9307.334978008286,166.78550135785636,359.21792410714284,2305.4280927579366,62.79329631376507,39566.12500992063,147.7467361111111,7679.840427295919,170.51812996031745,359.21792410714284,2305.4280927579366,62.79329631376507,39566.12500992063,147.7467361111111,7679.840427295919,170.51812996031745
2025-07-18 20:00:00+00:00,,,,,,,,335.3414873774455,3062.996191733382,5.2586315212697485,37852.525726407526,145.91498849303332,8722.734111258276,170.25823517002348,359.21792410714284,2305.4280927579366,62.79329631376507,39566.12500992063,147.7467361111111,7679.840427295919,170.51812996031745,359.21792410714284,2305.4280927579366,62.79329631376507,39566.12500992063,147.7467361111111,7679.840427295919,170.51812996031745
2025-07-18 21:00:00+00:00,,,,,,,,343.3848766055211,2696.6416095132104,8.07348206225533,37640.32033380856,138.4349999871632,7204.988049466252,143.35697884802616,359.21792410714284,2305.4280927579366,62.79329631376507,39566.12500992063,147.7467361111111,7679.840427295919,170.51812996031745,359.21792410714284,2305.4280927579366,62.79329631376507,39566.12500992063,147.7467361111111,7679.840427295919,170.51812996031745
2025-07-18 22:00:00+00:00,,,,,,,,352.4148220432692,2177.1213929728447,9.589422208761995,36706.47524942277,146.9571429282024,5835.831167969956,135.46823750735172,359.21792410714284,2305.4280927579366,62.79329631376507,39566.12500992063,147.7467361111111,7679.840427295919,170.51812996031745,359.21792410714284,2305.4280927579366,62.79329631376507,39566.12500992063,147.7467361111111,7679.840427295919,170.51812996031745
2025-07-18 23:00:00+00:00,,,,,,,,346.4481637454781,1629.1018761905716,9.246802997339984,35172.53742679661,148.36844933645634,5574.845138308136,132.87896091392034,359.21792410714284,2305.4280927579366,62.79329631376507,39566.12500992063,147.7467361111111,7679.840427295919,170.51812996031745,359.21792410714284,2305.4280927579366,62.79329631376507,39566.12500992063,147.7467361111111,7679.840427295919,170.51812996031745
2025-07-19 00:00:00+00:00,,,,,,,,354.3841693019605,899.9821330841567,10.438178753354805,36895.22071661817,139.99439771945276,4950.713747421512,161.8351953598006,359.21792410714284,2305.4280927579366,62.79329631376507,39566.12500992063,147.7467361111111,7679.840427295919,170.51812996031745,359.21792410714284,2305.4280927579366,62.79329631376507,39566.12500992063,147.7467361111111,7679.840427295919,170.51812996031745
2025-07-19 01:00:00+00:00,,,,,,,,360.5692785232929,759.2858876792643,7.429138069948671,36984.168647177146,131.49926188126025,4973.754275417028,166.87577394089132,359.21792410714284,2305.4280927579366,62.79329631376507,39566.12500992063,147.7467361111111,7679.840427295919,170.51812996031745,359.21792410714284,2305.4280927579366,62.79329631376507,39566.12500992063,147.7467361111111,7679.840427295919,170.51812996031745
2025-07-19 02:00:00+00:00,,,,,,,,359.87508171382643,869.1000703186608,11.52864403328801,36590.49581551281,142.9962851931815,4622.18178318342,156.4638570622355,359.21792410714284,2305.4280927579366,62.79329631376507,39566.12500992063,147.7467361111111,7679.840427295919,170.51812996031745,359.21792410714284,2305.4280927579366,62.79329631376507,39566.12500992063,147.7467361111111,7679.840427295919,170.51812996031745
2025-07-19 03:00:00+00:00,,,,,,,,345.3312969804301,727.8101365547059,12.180530504880586,36923.31241696129,130.48823518452718,4764.194284442561,167.84249402370713,359.21792410714284,2305.4280927579366,62.79329631376507,39566.12500992063,147.7467361111111,7679.840427295919,170.51812996031745,359.21792410714284,2305.4280927579366,62.79329631376507,39566.12500992063,147.7467361111111,7679.840427295919,170.51812996031745
2025-07-19 04:00:00+00:00,,,,,,,,350.0015633061203,773.8991026242252,7.290071881994088,36150.9295471888,122.6312719966276,4887.978404001817,164.49048465349534,359.21792410714284,2305.4280927579366,62.79329631376507,39566.12500992063,147.7467361111111,7679.840427295919,170.51812996031745,359.21792410714284,2305.4280927579366,62.79329631376507,39566.12500992063,147.7467361111111,7679.840427295919,170.51812996031745
2025-07-19 05:00:00+00:00,,,,,,,,357.33394121240514,906.4082337007644,5.906272424868057,36982.450678494555,121.32953133708398,5043.926996505822,157.94700712611748,359.21792410714284,2305.4280927579366,62.79329631376507,39566.12500992063,147.7467361111111,7679.840427295919,170.51812996031745,359.21792410714284,2305.4280927579366,62.79329631376507,39566.12500992063,147.7467361111111,7679.840427295919,170.51812996031745
2025-07-19 06:00:00+00:00,,,,,,,,355.40849474196665,749.8238255432241,5.07380655087335,36494.81712870379,121.4760027628954,5277.475801180982,146.22532484806848,359.21792410714284,2305.4280927579366,62.79329631376507,39566.12500992063,147.7467361111111,7679.840427295919,170.51812996031745,359.21792410714284,2305.4280927579366,62.79329631376507,39566.12500992063,147.7467361111111,7679.840427295919,170.51812996031745
2025-07-19 07:00:00+00:00,,,,,,,,352.70153561290573,821.5418085999315,5.812898458722046,36050.252606506154,125.72153702278655,5414.761512143132,162.83718289087923,359.21792410714284,2305.4280927579366,62.79329631376507,39566.12500992063,147.7467361111111,7679.840427295919,170.51812996031745,359.21792410714284,2305.4280927579366,62.79329631376507,39566.12500992063,147.7467361111111,7679.840427295919,170.51812996031745
2025-07-19 08:00:00+00:00,,,,,,,,347.4477563756426,785.7833661948466,7.796518564118514,35259.57981558872,128.95361592225552,5059.886849127626,159.58492300931897,359.21792410714284,2305.4280927579366,62.79329631376507,39566.12500992063,147.7467361111111,7679.840427295919,170.51812996031745,359.21792410714284,2305.4280927579366,62.79329631376507,39566.12500992063,147.7467361111111,7679.840427295919,170.51812996031745
2025-07-19 09:00:00+00:00,,,,,,,,357.96090558228593,757.7180995921085,16.15472525496473,34882.95584525542,128.75888366579335,5024.416174702235,187.8515157651953,359.21792410714284,2305.4280927579366,62.79329631376507,39566.12500992063,147.7467361111111,7679.840427295919,170.51812996031745,359.21792410714284,2305.4280927579366,62.79329631376507,39566.12500992063,147.7467361111111,7679.840427295919,170.51812996031745
2025-07-19 10:00:00+00:00,,,,,,,,345.6385125186174,697.5538681334208,11.396811439866816,32238.944395667706,130.9810274026975,4746.5851076367435,161.25133702727345,359.21792410714284,2305.4280927579366,62.79329631376507,39566.12500992063,147.7467361111111,7679.840427295919,170.51812996031745,359.21792410714284,2305.4280927579366,62.79329631376507,39566.12500992063,147.7467361111111,7679.840427295919,170.51812996031745
2025-07-19 11:00:00+00:00,,,,,,,,341.1923969100206,808.3148693191617,18.82859349767203,34881.92055515599,140.82684021987416,5661.507121781558,183.00841323857003,359.21792410714284,2305.4280927579366,62.79329631376507,39566.12500992063,147.7467361111111,7679.840427295919,170.51812996031745,359.21792410714284,2305.4280927579366,62.79329631376507,39566.12500992063,147.7467361111111,7679.840427295919,170.51812996031745
2025-07-19 12:00:00+00:00,,,,,,,,340.2511817145212,658.4754150160786,6.10632971976743,30632.787405568677,130.14891921457007,4931.745799807342,169.346338665712,359.21792410714284,2305.4280927579366,62.79329631376507,39566.12500992063,147.7467361111111,7679.840427295919,170.51812996031745,359.21792410714284,2305.4280927579366,62.79329631376507,39566.12500992063,147.7467361111111,7679.840427295919,170.51812996031745
2025-07-19 13:00:00+00:00,,,,,,,,341.21357549968434,676.3244297057697,11.092762540938267,30807.34858849083,129.33470574816084,5221.361374252505,157.801840723536,359.21792410714284,2305.4280927579366,62.79329631376507,39566.12500992063,147.7467361111111,7679.840427295919,170.51812996031745,359.21792410714284,2305.4280927579366,62.79329631376507,39566.12500992063,147.7467361111111,7679.840427295919,170.51812996031745
2025-07-19 14:00:00+00:00,,,,,,,,344.5193306007503,644.5911852279917,23.669851043545826,32192.084666191196,124.27316546818639,5550.531390525464,139.03191384971205,359.21792410714284,2305.4280927579366,62.79329631376507,39566.12500992063,147.7467361111111,7679.840427295919,170.51812996031745,359.21792410714284,2305.4280927579366,62.79329631376507,39566.12500992063,147.7467361111111,7679.840427295919,170.51812996031745
2025-07-19 15:00:00+00:00,,,,,,,,343.1418512244818,758.9195672666096,17.964595014591893,35173.46263468534,122.83253412432921,5765.313414874238,133.4347218500274,359.21792410714284,2305.4280927579366,62.79329631376507,39566.12500992063,147.7467361111111,7679.840427295919,170.51812996031745,359.21792410714284,2305.4280927579366,62.79329631376507,39566.12500992063,147.7467361111111,7679.840427295919,170.51812996031745
2025-07-19 16:00:00+00:00,,,,,,,,332.7120207522936,1507.5650465085814,9.838390707527502,36335.99122425003,129.5830023574977,6680.5468113439565,138.4217961896754,359.21792410714284,2305.4280927579366,62.79329631376507,39566.12500992063,147.7467361111111,7679.840427295919,170.51812996031745,359.21792410714284,2305.4280927579366,62.79329631376507,39566.12500992063,147.7467361111111,7679.840427295919,170.51812996031745
2025-07-19 17:00:00+00:00,,,,,,,,340.3015021251387,1908.4025304286724,7.955291086600617,34768.62889945249,140.78917420830084,7549.089814096705,147.30874781867087,359.21792410714284,2305.4280927579366,62.79329631376507,39566.12500992063,147.7467361111111,7679.840427295919,170.51812996031745,359.21792410714284,2305.4280927579366,62.79329631376507,39566.12500992063,147.7467361111111,7679.840427295919,170.51812996031745
2025-07-19 18:00:00+00:00,,,,,,,,341.6161711843455,2787.8309666993805,6.857409830464796,34322.772888687316,141.16416073480025,9482.308570472363,136.2178200258906,359.21792410714284,2305.4280927579366,62.79329631376507,39566.12500992063,147.7467361111111,7679.840427295919,170.51812996031745,359.21792410714284,2305.4280927579366,62.79329631376507,39566.12500992063,147.7467361111111,7679.840427295919,170.51812996031745
2025-07-19 19:00:00+00:00,,,,,,,,319.5976368266611,2398.5609784189564,7.157325894015152,35099.767750980536,135.30293862726543,9200.628008248497,142.9403228649969,359.21792410714284,2305.4280927579366,62.79329631376507,39566.12500992063,147.7467361111111,7679.840427295919,170.51812996031745,359.21792410714284,2305.4280927579366,62.79329631376507,39566.12500992063,147.7467361111111,7679.840427295919,170.51812996031745
2025-07-19 20:00:00+00:00,,,,,,,,353.99043235191715,2185.6476829263283,3.811895907315815,39101.3414350331,133.73441232065417,8770.65664664864,220.25750257804663,359.21792410714284,2305.4280927579366,62.79329631376507,39566.12500992063,147.7467361111111,7679.840427295919,170.51812996031745,359.21792410714284,2305.4280927579366,62.79329631376507,39566.12500992063,147.7467361111111,7679.840427295919,170.51812996031745
2025-07-19 21:00:00+00:00,,,,,,,,358.8588249040309,1662.4379716790913,1.4927878603426805,39872.4789760413,124.7288510583586,7856.497943804496,217.27394804153283,359.21792410714284,2305.4280927579366,62.79329631376507,39566.12500992063,147.7467361111111,7679.840427295919,170.51812996031745,359.21792410714284,2305.4280927579366,62.79329631376507,39566.12500992063,147.7467361111111,7679.840427295919,170.51812996031745
2025-07-19 22:00:00+00:00,,,,,,,,365.85023533758044,971.6176586742934,1.0857596343963891,39753.95719857215,123.25198222652682,7825.1951862007845,213.17382477079633,359.21792410714284,2305.4280927579366,62.79329631376507,39566.12500992063,147.7467361111111,7679.840427295919,170.51812996031745,359.21792410714284,2305.4280927579366,62.79329631376507,39566.12500992063,147.7467361111111,7679.840427295919,170.51812996031745
2025-07-19 23:00:00+00:00,,,,,,,,362.21252248381774,588.1568791793668,-1.411975744970917,38346.10690773701,118.37657802372186,6602.617540118777,203.68423440248137,359.21792410714284,2305.4280927579366,62.79329631376507,39566.12500992063,147.7467361111111,7679.840427295919,170.51812996031745,359.21792410714284,2305.4280927579366,62.79329631376507,39566.12500992063,147.7467361111111,7679.840427295919,170.51812996031745
2025-07-20 00:00:00+00:00,,,,,,,,358.27825406293215,512.6323095911366,-1.6396205800682253,38019.02201286851,109.15496956044998,5961.754873958471,243.80688157008115,359.21792410714284,2305.4280927579366,62.79329631376507,39566.12500992063,147.7467361111111,7679.840427295919,170.51812996031745,359.21792410714284,2305.4280927579366,62.79329631376507,39566.12500992063,147.7467361111111,7679.840427295919,170.51812996031745
2025-07-20 01:00:00+00:00,,,,,,,,351.2534377069604,580.4441320453652,-0.059919529830700924,37765.56301482424,103.77244076372278,6118.587552401866,250.45316689173575,359.21792410714284,2305.4280927579366,62.79329631376507,39566.12500992063,147.7467361111111,7679.840427295919,170.51812996031745,359.21792410714284,2305.4280927579366,62.79329631376507,39566.12500992063,147.7467361111111,7679.840427295919,170.51812996031745
2025-07-20 02:00:00+00:00,,,,,,,,351.82211736812746,532.9924596908547,-0.36510852477346845,36762.66820036445,102.55473343124282,6013.294631840422,247.1345718292079,359.21792410714284,2305.4280927579366,62.79329631376507,39566.12500992063,147.7467361111111,7679.840427295919,170.51812996031745,359.21792410714284,2305.4280927579366,62.79329631376507,39566.12500992063,147.7467361111111,7679.840427295919,170.51812996031745
2025-07-20 03:00:00+00:00,,,,,,,,350.5962436309778,623.5805180270029,-5.473109023306819,35307.801566163515,128.1401947477774,6078.102432247492,249.9478524977373,359.21792410714284,2305.4280927579366,62.79329631376507,39566.12500992063,147.7467361111111,7679.840427295919,170.51812996031745,359.21792410714284,2305.4280927579366,62.79329631376507,39566.12500992063,147.7467361111111,7679.840427295919,170.51812996031745
2025-07-20 04:00:00+00:00,,,,,,,,353.06048909048496,580.1235107938303,-5.065468877853064,35983.371625480875,112.68860666828309,6041.814869322126,245.1289215902247,359.21792410714284,2305.4280927579366,62.79329631376507,39566.12500992063,147.7467361111111,7679.840427295919,170.51812996031745,359.21792410714284,2305.4280927579366,62.79329631376507,39566.12500992063,147.7467361111111,7679.840427295919,170.51812996031745
2025-07-20 05:00:00+00:00,,,,,,,,344.3110315098867,594.2059856243341,1.4582143196633837,35380.74181755233,115.24008423363368,5464.490569849804,243.2505849851466,359.21792410714284,2305.4280927579366,62.79329631376507,39566.12500992063,147.7467361111111,7679.840427295919,170.51812996031745,359.21792410714284,2305.4280927579366,62.79329631376507,39566.12500992063,147.7467361111111,7679.840427295919,170.51812996031745
2025-07-20 06:00:00+00:00,,,,,,,,349.5542545938753,698.6528952300337,-9.487853787059294,35580.50453228427,108.39056209284352,5825.716005811724,246.3867299317151,359.21792410714284,2305.4280927579366,62.79329631376507,39566.12500992063,147.7467361111111,7679.840427295919,170.51812996031745,359.21792410714284,2305.4280927579366,62.79329631376507,39566.12500992063,147.7467361111111,7679.840427295919,170.51812996031745
2025-07-20 07:00:00+00:00,,,,,,,,346.6505706293505,689.0905365193184,-6.900110675458237,35237.73596703376,108.76925169421429,5650.487429083701,241.34502366930133,359.21792410714284,2305.4280927579366,62.79329631376507,39566.12500992063,147.7467361111111,7679.840427295919,170.51812996031745,359.21792410714284,2305.4280927579366,62.79329631376507,39566.12500992063,147.7467361111111,7679.840427295919,170.51812996031745
2025-07-20 08:00:00+00:00,,,,,,,,355.8202565322237,616.1899465141382,3.5003594590870293,32766.855786900258,108.93365119716995,5285.732329224555,232.8296688789971,359.21792410714284,2305.4280927579366,62.79329631376507,39566.12500992063,147.7467361111111,7679.840427295919,170.51812996031745,359.21792410714284,2305.4280927579366,62.79329631376507,39566.12500992063,147.7467361111111,7679.840427295919,170.51812996031745
2025-07-20 09:00:00+00:00,,,,,,,,345.7544862375927,591.3101284600232,11.379007279461042,32774.44442133093,122.73573547684583,4549.809019024275,224.30399612176623,359.21792410714284,2305.4280927579366,62.79329631376507,39566.12500992063,147.7467361111111,7679.840427295919,170.51812996031745,359.21792410714284,2305.4280927579366,62.79329631376507,39566.12500992063,147.7467361111111,7679.840427295919,170.51812996031745
2025-07-20 10:00:00+00:00,,,,,,,,356.49243981372206,772.9323328973194,6.465004242869881,33351.3866114759,119.00855709371827,5262.192859539351,204.3065544461104,359.21792410714284,2305.4280927579366,62.79329631376507,39566.12500992063,147.7467361111111,7679.840427295919,170.51812996031745,359.21792410714284,2305.4280927579366,62.79329631376507,39566.12500992063,147.7467361111111,7679.840427295919,170.51812996031745
2025-07-20 11:00:00+00:00,,,,,,,,343.7545756753683,801.9585379126211,7.147003398744374,28323.490535302277,122.99478964088954,4798.050022332816,212.41164261215073,359.21792410714284,2305.4280927579366,62.79329631376507,39566.12500992063,147.7467361111111,7679.840427295919,170.51812996031745,359.21792410714284,2305.4280927579366,62.79329631376507,39566.12500992063,147.7467361111111,7679.840427295919,170.51812996031745
2025-07-20 12:00:00+00:00,,,,,,,,348.0161033891412,636.537948709484,6.489263443137347,28760.660509430323,118.82858598951151,5127.643340195463,221.71699790030118,359.21792410714284,2305.4280927579366,62.79329631376507,39566.12500992063,147.7467361111111,7679.840427295919,170.51812996031745,359.21792410714284,2305.4280927579366,62.79329631376507,39566.12500992063,147.7467361111111,7679.840427295919,170.51812996031745
2025-07-20 13:00:00+00:00,,,,,,,,357.47069173351656,596.1241683611545,15.778825963248586,28447.533439192117,116.81326082119296,4534.187340584094,226.98438371176513,359.21792410714284,2305.4280927579366,62.79329631376507,39566.12500992063,147.7467361111111,7679.840427295919,170.51812996031745,359.21792410714284,2305.4280927579366,62.79329631376507,39566.12500992063,147.7467361111111,7679.840427295919,170.51812996031745
2025-07-20 14:00:00+00:00,,,,,,,,350.62901945662804,580.5495392967516,6.977081077981772,29976.399214161414,114.04594348640086,4878.587301496754,231.1886882367822,359.21792410714284,2305.4280927579366,62.79329631376507,39566.12500992063,147.7467361111111,7679.840427295919,170.51812996031745,359.21792410714284,2305.4280927579366,62.79329631376507,39566.12500992063,147.7467361111111,7679.840427295919,170.51812996031745
2025-07-20 15:00:00+00:00,,,,,,,,372.12528183679484,602.4514400713383,16.42081651681962,31665.295651911205,112.07718853591987,4612.145083757485,221.41250374306185,359.21792410714284,2305.4280927579366,62.79329631376507,39566.12500992063,147.7467361111111,7679.840427295919,170.51812996031745,359.21792410714284,2305.4280927579366,62.79329631376507,39566.12500992063,147.7467361111111,7679.840427295919,170.51812996031745
2025-07-20 16:00:00+00:00,,,,,,,,354.383880451266,573.0892863757974,9.39679117929132,34108.04952455792,115.54986690742754,4822.930372275721,215.1024866846351,359.21792410714284,2305.4280927579366,62.79329631376507,39566.12500992063,147.7467361111111,7679.840427295919,170.51812996031745,359.21792410714284,2305.4280927579366,62.79329631376507,39566.12500992063,147.7467361111111,7679.840427295919,170.51812996031745
2025-07-20 17:00:00+00:00,,,,,,,,357.44632754620056,602.4662587224902,4.698817341089104,33648.0242660943,118.3005464583567,5487.536474184073,233.6038261600629,359.21792410714284,2305.4280927579366,62.79329631376507,39566.12500992063,147.7467361111111,7679.840427295919,170.51812996031745,359.21792410714284,2305.4280927579366,62.79329631376507,39566.12500992063,147.7467361111111,7679.840427295919,170.51812996031745
2025-07-20 18:00:00+00:00,,,,,,,,357.8772064532673,895.2836672773487,4.430675303005373,36290.63985017521,124.22765948514328,6715.481928405763,211.36297424262352,359.21792410714284,2305.4280927579366,62.79329631376507,39566.12500992063,147.7467361111111,7679.840427295919,170.51812996031745,359.21792410714284,2305.4280927579366,62.79329631376507,39566.12500992063,147.7467361111111,7679.840427295919,170.51812996031745
2025-07-20 19:00:00+00:00,,,,,,,,362.9557897075179,793.5950466301781,3.223614543928832,35281.03671880478,125.58201229512042,6452.434999926034,219.68620085539973,359.21792410714284,2305.4280927579366,62.79329631376507,39566.12500992063,147.7467361111111,7679.840427295919,170.51812996031745,359.21792410714284,2305.4280927579366,62.79329631376507,39566.12500992063,147.7467361111111,7679.840427295919,170.51812996031745
2025-07-20 20:00:00+00:00,,,,,,,,362.776152738886,767.6175728176866,17.210399239064003,36031.28356157138,139.18085302840652,6266.581970939522,203.19342360120132,359.21792410714284,2305.4280927579366,62.79329631376507,39566.12500992063,147.7467361111111,7679.840427295919,170.51812996031745,359.21792410714284,2305.4280927579366,62.79329631376507,39566.12500992063,147.7467361111111,7679.840427295919,170.51812996031745
2025-07-20 21:00:00+00:00,,,,,,,,360.34452268078746,713.0285688794409,17.713434227329486,36652.28172356168,127.23080437906182,6279.6712387032185,216.00904873726168,359.21792410714284,2305.4280927579366,62.79329631376507,39566.12500992063,147.7467361111111,7679.840427295919,170.51812996031745,359.21792410714284,2305.4280927579366,62.79329631376507,39566.12500992063,147.7467361111111,7679.840427295919,170.51812996031745
2025-07-20 22:00:00+00:00,,,,,,,,361.4566355099701,636.7930834485951,19.09595413898223,34534.55115940232,132.18842154317602,6109.145816057507,217.25017036236503,359.21792410714284,2305.4280927579366,62.79329631376507,39566.12500992063,147.7467361111111,7679.840427295919,170.51812996031745,359.21792410714284,2305.4280927579366,62.79329631376507,39566.12500992063,147.7467361111111,7679.840427295919,170.51812996031745
2025-07-20 23:00:00+00:00,,,,,,,,362.0898368507569,555.0069810415064,24.36131479564134,33063.62946622476,125.97078631519106,5459.085700879294,223.3898248405692,359.21792410714284,2305.4280927579366,62.79329631376507,39566.12500992063,147.7467361111111,7679.840427295919,170.51812996031745,359.21792410714284,2305.4280927579366,62.79329631376507,39566.12500992063,147.7467361111111,7679.840427295919,170.51812996031745
2025-07-21 00:00:00+00:00,,,,,,,,382.5932944659476,605.9651165405987,15.768705599768708,34815.882292373775,117.46183431268005,5274.783724358667,211.906495401398,359.21792410714284,2305.4280927579366,62.79329631376507,39566.12500992063,147.7467361111111,7679.840427295919,170.51812996031745,359.21792410714284,2305.4280927579366,62.79329631376507,39566.12500992063,147.7467361111111,7679.840427295919,170.51812996031745
2025-07-21 01:00:00+00:00,,,,,,,,380.2151638416925,645.1036798075922,46.20517779706516,34048.09125175351,111.95212984311145,5435.856493610682,206.7229162907971,359.21792410714284,2305.4280927579366,62.79329631376507,39566.12500992063,147.7467361111111,7679.840427295919,170.51812996031745,359.21792410714284,2305.4280927579366,62.79329631376507,39566.12500992063,147.7467361111111,7679.840427295919,170.51812996031745
2025-07-21 02:00:00+00:00,,,,,,,,364.93641782915637,824.0637294840012,93.6010297884612,34060.994961204786,113.4315413117703,5130.599042032103,198.65422840787917,359.21792410714284,2305.4280927579366,62.79329631376507,39566.12500992063,147.7467361111111,7679.840427295919,170.51812996031745,359.21792410714284,2305.4280927579366,62.79329631376507,39566.12500992063,147.7467361111111,7679.840427295919,170.51812996031745
2025-07-21 03:00:00+00:00,,,,,,,,356.86247961578147,737.8014603578854,124.61434977414471,33861.29772618209,109.19883330876243,5647.309009012912,203.28112218191745,359.21792410714284,2305.4280927579366,62.79329631376507,39566.12500992063,147.7467361111111,7679.840427295919,170.51812996031745,359.21792410714284,2305.4280927579366,62.79329631376507,39566.12500992063,147.7467361111111,7679.840427295919,170.51812996031745
2025-07-21 04:00:00+00:00,,,,,,,,350.6140024886471,940.8644411735293,23.874336111539534,37974.49869980175,111.87525454672846,6270.6595176711935,223.40206018544586,359.21792410714284,2305.4280927579366,62.79329631376507,39566.12500992063,147.7467361111111,7679.840427295919,170.51812996031745,359.21792410714284,2305.4280927579366,62.79329631376507,39566.12500992063,147.7467361111111,7679.840427295919,170.51812996031745
2025-07-21 05:00:00+00:00,,,,,,,,359.828155062375,850.7765443185949,17.611963141653575,37900.84907355899,122.50906414557205,6205.42564752248,205.97162498207626,359.21792410714284,2305.4280927579366,62.79329631376507,39566.12500992063,147.7467361111111,7679.840427295919,170.51812996031745,359.21792410714284,2305.4280927579366,62.79329631376507,39566.12500992063,147.7467361111111,7679.840427295919,170.51812996031745
2025-07-21 06:00:00+00:00,,,,,,,,373.60285375076324,774.4974695781916,37.09357086965029,38535.11112544818,110.82581137185397,6812.805402309594,229.95672277664463,359.21792410714284,2305.4280927579366,62.79329631376507,39566.12500992063,147.7467361111111,7679.840427295919,170.51812996031745,359.21792410714284,2305.4280927579366,62.79329631376507,39566.12500992063,147.7467361111111,7679.840427295919,170.51812996031745
2025-07-21 07:00:00+00:00,,,,,,,,369.7578548932602,673.6969455530507,60.09677162885329,36779.32587266285,125.19849755399423,5904.242073248167,196.15148247531437,359.21792410714284,2305.4280927579366,62.79329631376507,39566.12500992063,147.7467361111111,7679.840427295919,170.51812996031745,359.21792410714284,2305.4280927579366,62.79329631376507,39566.12500992063,147.7467361111111,7679.840427295919,170.51812996031745
2025-07-21 08:00:00+00:00,,,,,,,,379.3063923490934,665.8446585227493,73.474679798885,35298.468289202254,112.3680125353178,4850.49608321778,206.05769781908455,359.21792410714284,2305.4280927579366,62.79329631376507,39566.12500992063,147.7467361111111,7679.840427295919,170.51812996031745,359.21792410714284,2305.4280927579366,62.79329631376507,39566.12500992063,147.7467361111111,7679.840427295919,170.51812996031745
2025-07-21 09:00:00+00:00,,,,,,,,372.0831105585703,673.4055389793957,73.72699236601349,34681.32026045005,111.45661149138098,4461.285219907379,201.6762250373563,359.21792410714284,2305.4280927579366,62.79329631376507,39566.12500992063,147.7467361111111,7679.840427295919,170.51812996031745,359.21792410714284,2305.4280927579366,62.79329631376507,39566.12500992063,147.7467361111111,7679.840427295919,170.51812996031745
2025-07-21 10:00:00+00:00,,,,,,,,375.71899450260344,706.2707861754998,10.443189135899217,35534.55595373395,125.82921781568766,4883.126439112391,196.48763323115637,359.21792410714284,2305.4280927579366,62.79329631376507,39566.12500992063,147.7467361111111,7679.840427295919,170.51812996031745,359.21792410714284,2305.4280927579366,62.79329631376507,39566.12500992063,147.7467361111111,7679.840427295919,170.51812996031745
2025-07-21 11:00:00+00:00,,,,,,,,370.4411368778395,705.6793716702027,36.82002550532536,34843.49322607786,134.39159656547633,4428.112253044801,194.1938967475042,359.21792410714284,2305.4280927579366,62.79329631376507,39566.12500992063,147.7467361111111,7679.840427295919,170.51812996031745,359.21792410714284,2305.4280927579366,62.79329631376507,39566.12500992063,147.7467361111111,7679.840427295919,170.51812996031745
2025-07-21 12:00:00+00:00,,,,,,,,347.6020855244684,767.7563827612914,34.20892714713487,33776.542084887355,135.45618303221278,4828.309809352599,193.2444377163829,359.21792410714284,2305.4280927579366,62.79329631376507,39566.12500992063,147.7467361111111,7679.840427295919,170.51812996031745,359.21792410714284,2305.4280927579366,62.79329631376507,39566.12500992063,147.7467361111111,7679.840427295919,170.51812996031745
2025-07-21 13:00:00+00:00,,,,,,,,347.9873594620986,767.0267352881103,28.19382241971146,33955.43881624343,126.0446237366752,5047.032133411109,182.09518237636405,359.21792410714284,2305.4280927579366,62.79329631376507,39566.12500992063,147.7467361111111,7679.840427295919,170.51812996031745,359.21792410714284,2305.4280927579366,62.79329631376507,39566.12500992063,147.7467361111111,7679.840427295919,170.51812996031745
2025-07-21 14:00:00+00:00,,,,,,,,346.9126501453631,681.6567581359238,12.622976291989161,34898.56186054438,128.53124731837454,5665.261375184227,188.63117259648203,359.21792410714284,2305.4280927579366,62.79329631376507,39566.12500992063,147.7467361111111,7679.840427295919,170.51812996031745,359.21792410714284,2305.4280927579366,62.79329631376507,39566.12500992063,147.7467361111111,7679.840427295919,170.51812996031745
2025-07-21 15:00:00+00:00,,,,,,,,348.2408266447512,757.5737782117021,10.125849730552517,36292.935704047646,124.8617491515469,6792.17598185743,187.33128592661987,359.21792410714284,2305.4280927579366,62.79329631376507,39566.12500992063,147.7467361111111,7679.840427295919,170.51812996031745,359.21792410714284,2305.4280927579366,62.79329631376507,39566.12500992063,147.7467361111111,7679.840427295919,170.51812996031745
2025-07-21 16:00:00+00:00,,,,,,,,360.79477634419914,699.7088640378636,3.4035675012017066,37814.24388467849,125.59225533876743,7001.703479982508,184.74749096079003,359.21792410714284,2305.4280927579366,62.79329631376507,39566.12500992063,147.7467361111111,7679.840427295919,170.51812996031745,359.21792410714284,2305.4280927579366,62.79329631376507,39566.12500992063,147.7467361111111,7679.840427295919,170.51812996031745
2025-07-21 17:00:00+00:00,,,,,,,,359.9590392811972,927.6140653570169,0.09693529820673064,38508.163372612245,117.22183194766221,7990.676558779215,203.12208101002707,359.21792410714284,2305.4280927579366,62.79329631376507,39566.12500992063,147.7467361111111,7679.840427295919,170.51812996031745,359.21792410714284,2305.4280927579366,62.79329631376507,39566.12500992063,147.7467361111111,7679.840427295919,170.51812996031745
2025-07-21 18:00:00+00:00,,,,,,,,363.16365072104173,641.2370519307569,2.5452282548213248,37699.47968679761,117.43790871618701,8593.075604139152,221.9025062828503,359.21792410714284,2305.4280927579366,62.79329631376507,39566.12500992063,147.7467361111111,7679.840427295919,170.51812996031745,359.21792410714284,2305.4280927579366,62.79329631376507,39566.12500992063,147.7467361111111,7679.840427295919,170.51812996031745
2025-07-21 19:00:00+00:00,,,,,,,,354.42082833169644,667.821602092853,8.930606795079129,39537.04751351561,139.0393569634964,9508.896325515087,219.79683397596187,359.21792410714284,2305.4280927579366,62.79329631376507,39566.12500992063,147.7467361111111,7679.840427295919,170.51812996031745,359.21792410714284,2305.4280927579366,62.79329631376507,39566.12500992063,147.7467361111111,7679.840427295919,170.51812996031745
2025-07-21 20:00:00+00:00,,,,,,,,345.24686836664324,1000.4562860936626,8.502052397510326,38670.8348936442,137.53142638256608,9814.631026577332,221.25391239424386,359.21792410714284,2305.4280927579366,62.79329631376507,39566.12500992063,147.7467361111111,7679.840427295919,170.51812996031745,359.21792410714284,2305.4280927579366,62.79329631376507,39566.12500992063,147.7467361111111,7679.840427295919,170.51812996031745
2025-07-21 21:00:00+00:00,,,,,,,,350.9941403376593,443.52544814322573,12.416085648611492,39736.223188845644,125.94249859619411,8558.20537763477,221.64333215037954,359.21792410714284,2305.4280927579366,62.79329631376507,39566.12500992063,147.7467361111111,7679.840427295919,170.51812996031745,359.21792410714284,2305.4280927579366,62.79329631376507,39566.12500992063,147.7467361111111,7679.840427295919,170.51812996031745
2025-07-21 22:00:00+00:00,,,,,,,,354.48872559249196,594.6135071958804,16.29117464659499,38930.49668811701,133.94707129192253,7590.849433211844,222.58120515162045,359.21792410714284,2305.4280927579366,62.79329631376507,39566.12500992063,147.7467361111111,7679.840427295919,170.51812996031745,359.21792410714284,2305.4280927579366,62.79329631376507,39566.12500992063,147.7467361111111,7679.840427295919,170.51812996031745
2025-07-21 23:00:00+00:00,,,,,,,,360.20527402555325,513.9948716911297,25.047246101131933,38173.593294646846,119.02096169903697,6972.983071248648,214.53778112588185,359.21792410714284,2305.4280927579366,62.79329631376507,39566.12500992063,147.7467361111111,7679.840427295919,170.51812996031745,359.21792410714284,2305.4280927579366,62.79329631376507,39566.12500992063,147.7467361111111,7679.840427295919,170.51812996031745
2025-07-22 00:00:00+00:00,,,,,,,,355.939075042283,545.6348444359244,48.796483892748746,38137.97333828291,114.34221827509245,5841.260481881286,199.7204082650344,359.21792410714284,2305.4280927579366,62.79329631376507,39566.12500992063,147.7467361111111,7679.840427295919,170.51812996031745,359.21792410714284,2305.4280927579366,62.79329631376507,39566.12500992063,147.7467361111111,7679.840427295919,170.51812996031745
2025-07-22 01:00:00+00:00,,,,,,,,353.75262478790637,569.0762783155265,90.18729053126563,37351.77847037454,116.69130704644698,5997.65581044347,194.9232234908734,359.21792410714284,2305.4280927579366,62.79329631376507,39566.12500992063,147.7467361111111,7679.840427295919,170.51812996031745,359.21792410714284,2305.4280927579366,62.79329631376507,39566.12500992063,147.7467361111111,7679.840427295919,170.51812996031745
2025-07-22 02:00:00+00:00,,,,,,,,355.8932200429756,534.6580854709434,58.11992558487505,38059.004826296594,114.69189709846046,6136.150788181396,195.42689136260753,359.21792410714284,2305.4280927579366,62.79329631376507,39566.12500992063,147.7467361111111,7679.840427295919,170.51812996031745,359.21792410714284,2305.4280927579366,62.79329631376507,39566.12500992063,147.7467361111111,7679.840427295919,170.51812996031745
2025-07-22 03:00:00+00:00,,,,,,,,358.9943097732626,661.372057622782,102.590757367889,38929.7415698982,115.64685209546988,6157.40339826351,188.56760984090707,359.21792410714284,2305.4280927579366,62.79329631376507,39566.12500992063,147.7467361111111,7679.840427295919,170.51812996031745,359.21792410714284,2305.4280927579366,62.79329631376507,39566.12500992063,147.7467361111111,7679.840427295919,170.51812996031745
2025-07-22 04:00:00+00:00,,,,,,,,355.44249267684035,675.0941977632301,98.94363653461807,39358.83363615801,113.71242735495233,7085.506000520641,182.44391610815396,359.21792410714284,2305.4280927579366,62.79329631376507,39566.12500992063,147.7467361111111,7679.840427295919,170.51812996031745,359.21792410714284,2305.4280927579366,62.79329631376507,39566.12500992063,147.7467361111111,7679.840427295919,170.51812996031745
2025-07-22 05:00:00+00:00,,,,,,,,356.03398174079354,728.2949476180718,47.36870501710556,39224.44363131019,122.16462682689593,7629.1475455175,184.50841214886475,359.21792410714284,2305.4280927579366,62.79329631376507,39566.12500992063,147.7467361111111,7679.840427295919,170.51812996031745,359.21792410714284,2305.4280927579366,62.79329631376507,39566.12500992063,147.7467361111111,7679.840427295919,170.51812996031745
2025-07-22 06:00:00+00:00,,,,,,,,358.96067774177635,591.9774296382996,50.66311208545915,39057.79411048902,109.9961599858124,7469.295853051202,203.36986625700254,359.21792410714284,2305.4280927579366,62.79329631376507,39566.12500992063,147.7467361111111,7679.840427295919,170.51812996031745,359.21792410714284,2305.4280927579366,62.79329631376507,39566.12500992063,147.7467361111111,7679.840427295919,170.51812996031745
2025-07-22 07:00:00+00:00,,,,,,,,360.3527540931672,920.0539751809217,72.64498799986319,39229.926226233685,139.88519107355097,6039.747375866489,119.33906549744685,359.21792410714284,2305.4280927579366,62.79329631376507,39566.12500992063,147.7467361111111,7679.840427295919,170.51812996031745,359.21792410714284,2305.4280927579366,62.79329631376507,39566.12500992063,147.7467361111111,7679.840427295919,170.51812996031745
2025-07-22 08:00:00+00:00,,,,,,,,354.8064942040287,761.8724254341016,31.119116358445126,37400.87628929931,144.61979143131643,5989.968857536802,121.20145157465625,359.21792410714284,2305.4280927579366,62.79329631376507,39566.12500992063,147.7467361111111,7679.840427295919,170.51812996031745,359.21792410714284,2305.4280927579366,62.79329631376507,39566.12500992063,147.7467361111111,7679.840427295919,170.51812996031745
2025-07-22 09:00:00+00:00,,,,,,,,354.4743352155134,700.565659977189,62.90478738676774,36844.74153453354,142.78055987149827,5513.21653042443,124.34657415450414,359.21792410714284,2305.4280927579366,62.79329631376507,39566.12500992063,147.7467361111111,7679.840427295919,170.51812996031745,359.21792410714284,2305.4280927579366,62.79329631376507,39566.12500992063,147.7467361111111,7679.840427295919,170.51812996031745
2025-07-22 10:00:00+00:00,,,,,,,,374.8603995708112,640.8163604205952,103.77738765484557,35607.06969444905,138.3320706020075,5370.9629268711415,123.42573189040186,359.21792410714284,2305.4280927579366,62.79329631376507,39566.12500992063,147.7467361111111,7679.840427295919,170.51812996031745,359.21792410714284,2305.4280927579366,62.79329631376507,39566.12500992063,147.7467361111111,7679.840427295919,170.51812996031745
2025-07-22 11:00:00+00:00,,,,,,,,363.0660488415939,913.9681041455938,94.2134008847285,33927.49062305243,153.87633740363398,4640.654728523093,127.7093209417298,359.21792410714284,2305.4280927579366,62.79329631376507,39566.12500992063,147.7467361111111,7679.840427295919,170.51812996031745,359.21792410714284,2305.4280927579366,62.79329631376507,39566.12500992063,147.7467361111111,7679.840427295919,170.51812996031745
2025-07-22 12:00:00+00:00,,,,,,,,367.7663583784478,954.1617416298325,80.57550978926442,32984.57787426369,145.9220958246497,4714.738479352231,130.7518880725213,359.21792410714284,2305.4280927579366,62.79329631376507,39566.12500992063,147.7467361111111,7679.840427295919,170.51812996031745,359.21792410714284,2305.4280927579366,62.79329631376507,39566.12500992063,147.7467361111111,7679.840427295919,170.51812996031745
2025-07-22 13:00:00+00:00,,,,,,,,363.5562999247154,1162.1865219484137,65.33802776049389,32535.596753970673,132.8018423210489,4420.5204124465945,119.6901845907449,359.21792410714284,2305.4280927579366,62.79329631376507,39566.12500992063,147.7467361111111,7679.840427295919,170.51812996031745,359.21792410714284,2305.4280927579366,62.79329631376507,39566.12500992063,147.7467361111111,7679.840427295919,170.51812996031745
2025-07-22 14:00:00+00:00,,,,,,,,369.471964164464,958.3532986840999,45.28930252945817,32971.572027737035,134.5455179384032,4245.927006958575,141.92892810401875,359.21792410714284,2305.4280927579366,62.79329631376507,39566.12500992063,147.7467361111111,7679.840427295919,170.51812996031745,359.21792410714284,2305.4280927579366,62.79329631376507,39566.12500992063,147.7467361111111,7679.840427295919,170.51812996031745
2025-07-22 15:00:00+00:00,,,,,,,,382.4987859410284,1054.309728289564,36.81638259350658,33116.262583088406,133.86221502663244,4345.398236967601,145.42906695966536,359.21792410714284,2305.4280927579366,62.79329631376507,39566.12500992063,147.7467361111111,7679.840427295919,170.51812996031745,359.21792410714284,2305.4280927579366,62.79329631376507,39566.12500992063,147.7467361111111,7679.840427295919,170.51812996031745
2025-07-22 16:00:00+00:00,,,,,,,,366.27950927190216,1329.2627776700933,30.726413358700263,33635.866477923926,132.66113503084227,4791.63311145829,143.3292710665175,359.21792410714284,2305.4280927579366,62.79329631376507,39566.12500992063,147.7467361111111,7679.840427295919,170.51812996031745,359.21792410714284,2305.4280927579366,62.79329631376507,39566.12500992063,147.7467361111111,7679.840427295919,170.51812996031745
2025-07-22 17:00:00+00:00,,,,,,,,350.33038576858013,2174.400122208332,27.014579442254437,37552.67022620109,139.40910247707285,7535.87700027059,153.47671137175894,359.21792410714284,2305.4280927579366,62.79329631376507,39566.12500992063,147.7467361111111,7679.840427295919,170.51812996031745,359.21792410714284,2305.4280927579366,62.79329631376507,39566.12500992063,147.7467361111111,7679.840427295919,170.51812996031745
2025-07-22 18:00:00+00:00,,,,,,,,354.44661765409325,1618.6074928922787,35.771452175714046,37367.664095223794,136.56604164479882,8015.586241032258,158.6305921933121,359.21792410714284,2305.4280927579366,62.79329631376507,39566.12500992063,147.7467361111111,7679.840427295919,170.51812996031745,359.21792410714284,2305.4280927579366,62.79329631376507,39566.12500992063,147.7467361111111,7679.840427295919,170.51812996031745
2025-07-22 19:00:00+00:00,,,,,,,,346.28634119335493,1704.6947348415817,48.532504883417296,37503.59746354171,140.87360251189625,8240.069061487113,156.81239433601192,359.21792410714284,2305.4280927579366,62.79329631376507,39566.12500992063,147.7467361111111,7679.840427295919,170.51812996031745,359.21792410714284,2305.4280927579366,62.79329631376507,39566.12500992063,147.7467361111111,7679.840427295919,170.51812996031745
2025-07-22 20:00:00+00:00,,,,,,,,362.69637622045065,2146.487519913877,39.13359127463997,37341.72486121904,158.35146284497554,8249.124062132032,153.19674868257243,359.21792410714284,2305.4280927579366,62.79329631376507,39566.12500992063,147.7467361111111,7679.840427295919,170.51812996031745,359.21792410714284,2305.4280927579366,62.79329631376507,39566.12500992063,147.7467361111111,7679.840427295919,170.51812996031745
2025-07-22 21:00:00+00:00,,,,,,,,362.84874693457454,2376.6136859513604,72.65138719081982,37665.35819084618,160.00740761320097,7455.628262577872,142.68446541363096,359.21792410714284,2305.4280927579366,62.79329631376507,39566.12500992063,147.7467361111111,7679.840427295919,170.51812996031745,359.21792410714284,2305.4280927579366,62.79329631376507,39566.12500992063,147.7467361111111,7679.840427295919,170.51812996031745
2025-07-22 22:00:00+00:00,,,,,,,,369.1500819441809,2386.236810874156,88.27850330366554,35387.1363183499,148.3632992012463,6239.302712163531,136.21685309952375,359.21792410714284,2305.4280927579366,62.79329631376507,39566.12500992063,147.7467361111111,7679.840427295919,170.51812996031745,359.21792410714284,2305.4280927579366,62.79329631376507,39566.12500992063,147.7467361111111,7679.840427295919,170.51812996031745
2025-07-22 23:00:00+00:00,,,,,,,,361.23881653423337,2183.244968621242,83.13579969328359,35996.93378048473,141.17887925266197,6061.1318387160245,138.13093195200065,359.21792410714284,2305.4280927579366,62.79329631376507,39566.12500992063,147.7467361111111,7679.840427295919,170.51812996031745,359.21792410714284,2305.4280927579366,62.79329631376507,39566.12500992063,147.7467361111111,7679.840427295919,170.51812996031745
