date,load_tran_actual,load_tran_fitted,load_tran_lower,load_tran_upper
2025-06-30 00:00:00+00:00,4915.25,4926.65322497862,4759.477701758997,5093.828748198243
2025-06-30 01:00:00+00:00,4887.0,4938.896551520573,4771.72102830095,5106.072074740196
2025-06-30 02:00:00+00:00,5005.5,5155.293613284983,4988.118090065359,5322.469136504606
2025-06-30 03:00:00+00:00,5461.25,5781.957517164818,5614.781993945195,5949.133040384441
2025-06-30 04:00:00+00:00,6841.5,6751.611243981185,6584.435720761562,6918.786767200809
2025-06-30 05:00:00+00:00,7874.75,7482.975358536484,7315.799835316861,7650.150881756107
2025-06-30 06:00:00+00:00,8395.0,7868.707331240208,7701.531808020584,8035.882854459831
2025-06-30 07:00:00+00:00,8326.25,7930.551114091362,7763.3755908717385,8097.726637310985
2025-06-30 08:00:00+00:00,8283.0,8013.274218779715,7846.098695560092,8180.449741999339
2025-06-30 09:00:00+00:00,8147.5,8020.361800497127,7853.186277277504,8187.53732371675
2025-06-30 10:00:00+00:00,8024.75,7878.57437294608,7711.398849726456,8045.749896165703
2025-06-30 11:00:00+00:00,7959.75,7731.10772393627,7563.9322007166475,7898.283247155894
2025-06-30 12:00:00+00:00,7736.0,7588.582799077911,7421.407275858288,7755.7583222975345
2025-06-30 13:00:00+00:00,7482.0,7481.543920343254,7314.368397123631,7648.719443562877
2025-06-30 14:00:00+00:00,7337.0,7389.580576929432,7222.405053709809,7556.756100149055
2025-06-30 15:00:00+00:00,7509.5,7356.707882671706,7189.532359452083,7523.88340589133
2025-06-30 16:00:00+00:00,7616.5,7326.026728858429,7158.851205638806,7493.202252078053
2025-06-30 17:00:00+00:00,7700.5,7266.456920655631,7099.281397436008,7433.6324438752545
2025-06-30 18:00:00+00:00,7636.5,7041.062483277782,6873.886960058159,7208.238006497405
2025-06-30 19:00:00+00:00,7388.25,6766.6228750072305,6599.447351787607,6933.798398226853
2025-06-30 20:00:00+00:00,6993.5,6428.544720231458,6261.369197011835,6595.720243451081
2025-06-30 21:00:00+00:00,6456.25,5963.876110667979,5796.700587448357,6131.051633887603
2025-06-30 22:00:00+00:00,6154.25,5536.184428064017,5369.008904844394,5703.359951283641
2025-06-30 23:00:00+00:00,5830.25,5212.848191146815,5045.6726679271915,5380.023714366438
2025-07-01 00:00:00+00:00,5702.0,5034.9944724642055,4867.818949244583,5202.169995683828
2025-07-01 01:00:00+00:00,5639.5,5002.323895125298,4835.148371905675,5169.499418344922
2025-07-01 02:00:00+00:00,5737.25,5135.848860066087,4968.673336846464,5303.02438328571
2025-07-01 03:00:00+00:00,6046.25,5583.753591596327,5416.578068376704,5750.92911481595
2025-07-01 04:00:00+00:00,7188.0,6561.709051468292,6394.533528248669,6728.884574687916
2025-07-01 05:00:00+00:00,8107.5,7313.989656291815,7146.814133072192,7481.165179511438
2025-07-01 06:00:00+00:00,8605.75,7729.965943403264,7562.790420183641,7897.141466622887
2025-07-01 07:00:00+00:00,8647.0,7787.10531145669,7619.9297882370665,7954.280834676313
2025-07-01 08:00:00+00:00,8934.75,7854.755996751248,7687.580473531624,8021.931519970871
2025-07-01 09:00:00+00:00,9115.5,7885.033298939727,7717.857775720104,8052.208822159349
2025-07-01 10:00:00+00:00,8604.75,7719.927810618001,7552.752287398378,7887.103333837625
2025-07-01 11:00:00+00:00,8827.25,7581.614894581042,7414.439371361419,7748.790417800665
2025-07-01 12:00:00+00:00,8822.75,7479.012698944455,7311.837175724832,7646.188222164079
2025-07-01 13:00:00+00:00,8460.5,7389.676941704873,7222.50141848525,7556.8524649244955
2025-07-01 14:00:00+00:00,7831.75,7336.475054356363,7169.29953113674,7503.650577575986
2025-07-01 15:00:00+00:00,7638.5,7298.650916011318,7131.475392791695,7465.826439230941
2025-07-01 16:00:00+00:00,7709.0,7300.516549161632,7133.341025942009,7467.692072381255
2025-07-01 17:00:00+00:00,7815.5,7267.933323049687,7100.757799830063,7435.10884626931
2025-07-01 18:00:00+00:00,7696.25,7045.300745158481,6878.125221938858,7212.476268378104
2025-07-01 19:00:00+00:00,7453.5,6762.551290521351,6595.375767301727,6929.726813740974
2025-07-01 20:00:00+00:00,7069.25,6440.605834064851,6273.430310845227,6607.781357284473
2025-07-01 21:00:00+00:00,6537.0,5961.90379932632,5794.728276106697,6129.079322545943
2025-07-01 22:00:00+00:00,6152.5,5532.39737871798,5365.221855498357,5699.572901937603
2025-07-01 23:00:00+00:00,5906.0,5214.072353494024,5046.8968302744015,5381.247876713648
2025-07-02 00:00:00+00:00,5736.0,5034.496008776043,4867.32048555642,5201.671531995666
2025-07-02 01:00:00+00:00,5724.5,4999.390463169471,4832.2149399498485,5166.565986389094
2025-07-02 02:00:00+00:00,5794.5,5127.27718222585,4960.101659006227,5294.452705445474
2025-07-02 03:00:00+00:00,6129.75,5568.0710701318985,5400.895546912276,5735.246593351522
2025-07-02 04:00:00+00:00,7253.5,6555.587580901753,6388.412057682131,6722.763104121377
2025-07-02 05:00:00+00:00,8075.25,7298.196834069293,7131.02131084967,7465.372357288916
2025-07-02 06:00:00+00:00,8537.0,7695.2969702880755,7528.121447068452,7862.472493507698
2025-07-02 07:00:00+00:00,8596.5,7758.245776327239,7591.070253107616,7925.421299546862
2025-07-02 08:00:00+00:00,8507.5,7836.196612193247,7669.0210889736245,8003.37213541287
2025-07-02 09:00:00+00:00,8502.5,7876.543896324262,7709.3683731046385,8043.719419543885
2025-07-02 10:00:00+00:00,8258.25,7715.247125556749,7548.071602337126,7882.422648776373
2025-07-02 11:00:00+00:00,8222.0,7583.526602934433,7416.351079714809,7750.702126154056
2025-07-02 12:00:00+00:00,8050.5,7474.891679407656,7307.716156188033,7642.067202627279
2025-07-02 13:00:00+00:00,7870.5,7387.136446882075,7219.960923662451,7554.311970101698
2025-07-02 14:00:00+00:00,7809.75,7252.5543526017245,7085.378829382102,7419.729875821347
2025-07-02 15:00:00+00:00,7774.75,7258.177880559255,7091.002357339631,7425.353403778878
2025-07-02 16:00:00+00:00,7851.5,7255.687716057539,7088.512192837916,7422.863239277162
2025-07-02 17:00:00+00:00,7816.25,7223.219162135121,7056.043638915498,7390.394685354745
2025-07-02 18:00:00+00:00,7801.5,7026.736883985162,6859.56136076554,7193.912407204786
2025-07-02 19:00:00+00:00,7711.5,6770.64692056122,6603.4713973415965,6937.822443780843
2025-07-02 20:00:00+00:00,7278.5,6420.4911326225365,6253.315609402913,6587.666655842159
2025-07-02 21:00:00+00:00,6628.0,5941.639944430117,5774.464421210494,6108.81546764974
2025-07-02 22:00:00+00:00,6213.0,5537.333676728274,5370.158153508651,5704.509199947897
2025-07-02 23:00:00+00:00,6001.25,5221.92718963773,5054.751666418108,5389.102712857353
2025-07-03 00:00:00+00:00,6149.5,5044.933280719135,4877.757757499511,5212.108803938758
2025-07-03 01:00:00+00:00,6135.0,5023.495100538314,4856.31957731869,5190.6706237579365
2025-07-03 02:00:00+00:00,6076.25,5152.697932415571,4985.522409195948,5319.873455635194
2025-07-03 03:00:00+00:00,6471.5,5600.508307912951,5433.332784693328,5767.683831132575
2025-07-03 04:00:00+00:00,7658.25,6588.14983118945,6420.974307969827,6755.325354409073
2025-07-03 05:00:00+00:00,8388.5,7377.011955981264,7209.836432761641,7544.187479200887
2025-07-03 06:00:00+00:00,8921.0,7781.264731787005,7614.089208567381,7948.440255006628
2025-07-03 07:00:00+00:00,9027.25,7848.787395455466,7681.611872235843,8015.96291867509
2025-07-03 08:00:00+00:00,8926.5,7998.470167829176,7831.294644609553,8165.6456910488
2025-07-03 09:00:00+00:00,8831.0,8039.182037077535,7872.006513857911,8206.357560297158
2025-07-03 10:00:00+00:00,9067.0,7916.416218919122,7749.240695699499,8083.591742138746
2025-07-03 11:00:00+00:00,8722.5,7825.418645436614,7658.243122216991,7992.594168656237
2025-07-03 12:00:00+00:00,8248.25,7729.571216230815,7562.395693011191,7896.746739450437
2025-07-03 13:00:00+00:00,7969.5,7564.525529105177,7397.350005885553,7731.7010523248
2025-07-03 14:00:00+00:00,7793.5,7420.9117872794495,7253.736264059826,7588.087310499072
2025-07-03 15:00:00+00:00,7912.0,7383.92191370009,7216.746390480466,7551.097436919713
2025-07-03 16:00:00+00:00,7811.0,7326.43993939817,7159.2644161785465,7493.615462617793
2025-07-03 17:00:00+00:00,7624.75,7250.152463671669,7082.976940452045,7417.327986891291
2025-07-03 18:00:00+00:00,7398.25,7015.44266361726,6848.267140397637,7182.618186836884
2025-07-03 19:00:00+00:00,7192.0,6739.134071657125,6571.958548437502,6906.309594876748
2025-07-03 20:00:00+00:00,6797.25,6292.8499461976,6125.674422977976,6460.025469417223
2025-07-03 21:00:00+00:00,6345.75,5896.568697420107,5729.393174200483,6063.74422063973
2025-07-03 22:00:00+00:00,5953.25,5423.421761256964,5256.246238037341,5590.597284476587
2025-07-03 23:00:00+00:00,5708.25,5070.7233213332765,4903.547798113654,5237.898844552899
2025-07-04 00:00:00+00:00,5632.25,4903.133788131653,4735.958264912029,5070.309311351276
2025-07-04 01:00:00+00:00,5579.75,4872.295809328276,4705.120286108653,5039.471332547899
2025-07-04 02:00:00+00:00,5650.0,4994.665505241084,4827.489982021461,5161.841028460708
2025-07-04 03:00:00+00:00,5952.25,5410.737807389803,5243.56228417018,5577.913330609426
2025-07-04 04:00:00+00:00,6982.75,6332.072907853605,6164.897384633981,6499.248431073228
2025-07-04 05:00:00+00:00,7751.75,7075.434943890357,6908.259420670734,7242.61046710998
2025-07-04 06:00:00+00:00,8085.25,7464.38738133114,7297.211858111517,7631.562904550763
2025-07-04 07:00:00+00:00,7978.5,7575.651053375424,7408.475530155801,7742.826576595047
2025-07-04 08:00:00+00:00,7951.5,7600.378520648435,7433.202997428812,7767.554043868058
2025-07-04 09:00:00+00:00,7806.5,7596.841880181598,7429.666356961975,7764.017403401221
2025-07-04 10:00:00+00:00,7785.5,7441.10823710943,7273.932713889806,7608.283760329053
2025-07-04 11:00:00+00:00,7805.0,7284.790084118142,7117.614560898519,7451.9656073377655
2025-07-04 12:00:00+00:00,7504.5,7125.665175978145,6958.489652758522,7292.840699197769
2025-07-04 13:00:00+00:00,7181.75,6948.004778320292,6780.829255100669,7115.1803015399155
2025-07-04 14:00:00+00:00,6870.5,6874.375038411899,6707.1995151922765,7041.550561631522
2025-07-04 15:00:00+00:00,6855.0,6895.372438147993,6728.1969149283705,7062.547961367616
2025-07-04 16:00:00+00:00,6859.75,6953.773313073863,6786.597789854241,7120.948836293487
2025-07-04 17:00:00+00:00,6882.25,6947.0819430539705,6779.906419834347,7114.257466273593
2025-07-04 18:00:00+00:00,6862.0,6734.463670897282,6567.288147677659,6901.639194116906
2025-07-04 19:00:00+00:00,6634.0,6478.003834807253,6310.82831158763,6645.179358026877
2025-07-04 20:00:00+00:00,6324.75,6052.504850751984,5885.329327532361,6219.680373971607
2025-07-04 21:00:00+00:00,5865.0,5739.844043369958,5572.668520150335,5907.019566589581
2025-07-04 22:00:00+00:00,5517.0,5334.30284534975,5167.127322130127,5501.478368569373
2025-07-04 23:00:00+00:00,5267.25,5003.191375616055,4836.015852396431,5170.366898835678
2025-07-05 00:00:00+00:00,5157.75,4780.281762388431,4613.106239168808,4947.457285608054
2025-07-05 01:00:00+00:00,5072.0,4618.7955642607085,4451.620041041086,4785.971087480332
2025-07-05 02:00:00+00:00,5025.5,4636.5897435595425,4469.414220339919,4803.765266779165
2025-07-05 03:00:00+00:00,4986.0,4747.929231424332,4580.753708204708,4915.104754643955
2025-07-05 04:00:00+00:00,5442.5,5039.277834818241,4872.102311598618,5206.453358037865
2025-07-05 05:00:00+00:00,5678.25,5386.336589042118,5219.1610658224945,5553.512112261741
2025-07-05 06:00:00+00:00,5991.0,5634.4640399168775,5467.288516697254,5801.6395631365
2025-07-05 07:00:00+00:00,6200.5,5837.099590287382,5669.924067067759,6004.275113507005
2025-07-05 08:00:00+00:00,6084.75,5875.248144594858,5708.072621375235,6042.423667814482
2025-07-05 09:00:00+00:00,6047.75,5788.3702520877405,5621.194728868118,5955.545775307364
2025-07-05 10:00:00+00:00,5886.75,5682.674143948971,5515.498620729347,5849.849667168593
2025-07-05 11:00:00+00:00,5741.25,5528.474250574964,5361.298727355341,5695.6497737945865
2025-07-05 12:00:00+00:00,5516.0,5353.380109366351,5186.204586146727,5520.555632585973
2025-07-05 13:00:00+00:00,5433.75,5234.507602599163,5067.33207937954,5401.683125818787
2025-07-05 14:00:00+00:00,5338.0,5185.195621403806,5018.020098184184,5352.37114462343
2025-07-05 15:00:00+00:00,5324.5,5248.177312015343,5081.00178879572,5415.352835234966
2025-07-05 16:00:00+00:00,5626.75,5395.36746642755,5228.191943207927,5562.542989647173
2025-07-05 17:00:00+00:00,5849.25,5405.518517085469,5238.342993865846,5572.694040305092
2025-07-05 18:00:00+00:00,5769.75,5300.430199341295,5133.254676121671,5467.6057225609175
2025-07-05 19:00:00+00:00,5539.25,5217.328397516657,5050.152874297034,5384.50392073628
2025-07-05 20:00:00+00:00,5392.0,5115.55500955881,4948.379486339186,5282.7305327784325
2025-07-05 21:00:00+00:00,5141.5,4820.639362723094,4653.463839503471,4987.814885942717
2025-07-05 22:00:00+00:00,4819.75,4496.777909972775,4329.602386753151,4663.953433192398
2025-07-05 23:00:00+00:00,4651.25,4224.430382493581,4057.2548592739577,4391.605905713204
2025-07-06 00:00:00+00:00,4503.0,4096.88904347244,3929.713520252816,4264.064566692063
2025-07-06 01:00:00+00:00,4349.5,3984.662747347856,3817.487224128233,4151.838270567479
2025-07-06 02:00:00+00:00,4343.5,3935.902456455014,3768.726933235391,4103.077979674637
2025-07-06 03:00:00+00:00,4370.5,3940.5337787575386,3773.3582555379153,4107.709301977162
2025-07-06 04:00:00+00:00,4523.0,4056.621353169275,3889.445829949652,4223.796876388898
2025-07-06 05:00:00+00:00,4803.5,4308.069230539397,4140.893707319774,4475.24475375902
2025-07-06 06:00:00+00:00,5175.0,4697.011455522072,4529.835932302449,4864.1869787416945
2025-07-06 07:00:00+00:00,5333.75,4998.469360973162,4831.293837753539,5165.644884192785
2025-07-06 08:00:00+00:00,5259.5,5260.7653052996975,5093.589782080075,5427.940828519321
2025-07-06 09:00:00+00:00,5398.0,5468.144029863253,5300.9685066436305,5635.319553082877
2025-07-06 10:00:00+00:00,5301.75,5472.530264224271,5305.3547410046485,5639.705787443895
2025-07-06 11:00:00+00:00,5718.0,5379.431210230512,5212.255687010888,5546.606733450135
2025-07-06 12:00:00+00:00,5306.5,5266.9563337712425,5099.780810551619,5434.131856990865
2025-07-06 13:00:00+00:00,4821.25,5169.414030188857,5002.238506969234,5336.58955340848
2025-07-06 14:00:00+00:00,4955.75,5210.571733247556,5043.396210027933,5377.747256467179
2025-07-06 15:00:00+00:00,5609.5,5386.938773363458,5219.763250143834,5554.11429658308
2025-07-06 16:00:00+00:00,5764.0,5543.6180227908,5376.442499571176,5710.793546010423
2025-07-06 17:00:00+00:00,5615.75,5574.5035731086045,5407.328049888982,5741.679096328228
2025-07-06 18:00:00+00:00,5395.0,5508.226218995251,5341.050695775628,5675.401742214874
2025-07-06 19:00:00+00:00,5434.0,5453.516089815571,5286.340566595948,5620.691613035195
2025-07-06 20:00:00+00:00,5524.25,5389.560220248806,5222.384697029183,5556.735743468429
2025-07-06 21:00:00+00:00,5289.5,5122.300741694829,4955.125218475207,5289.476264914452
2025-07-06 22:00:00+00:00,5044.75,4842.14051693453,4674.964993714906,5009.316040154153
2025-07-06 23:00:00+00:00,4853.25,4545.41387213005,4378.238348910427,4712.5893953496725
2025-07-07 00:00:00+00:00,4740.0,4717.941361243122,4550.765838023499,4885.116884462745
2025-07-07 01:00:00+00:00,4788.75,4716.2432667847725,4549.067743565149,4883.418790004395
2025-07-07 02:00:00+00:00,4939.25,4940.845036355999,4773.669513136375,5108.0205595756215
2025-07-07 03:00:00+00:00,5480.75,5519.471784891516,5352.296261671893,5686.647308111139
2025-07-07 04:00:00+00:00,6701.25,6685.6817039438,6518.506180724177,6852.857227163424
2025-07-07 05:00:00+00:00,7587.75,7428.328532774448,7261.153009554824,7595.504055994071
2025-07-07 06:00:00+00:00,8152.25,7874.021641349714,7706.846118130091,8041.197164569337
2025-07-07 07:00:00+00:00,8095.25,7943.64577887735,7776.470255657726,8110.821302096972
2025-07-07 08:00:00+00:00,8379.75,8010.280607902489,7843.105084682866,8177.456131122111
2025-07-07 09:00:00+00:00,8378.75,7990.642700245769,7823.467177026146,8157.818223465392
2025-07-07 10:00:00+00:00,8143.5,7795.7611981436985,7628.585674924075,7962.936721363321
2025-07-07 11:00:00+00:00,7856.5,7655.7104046722,7488.534881452577,7822.885927891823
2025-07-07 12:00:00+00:00,7501.75,7463.255225905102,7296.079702685478,7630.430749124725
2025-07-07 13:00:00+00:00,7487.0,7304.824841704229,7137.649318484605,7472.0003649238515
2025-07-07 14:00:00+00:00,7530.0,7179.7043094161945,7012.528786196572,7346.879832635818
2025-07-07 15:00:00+00:00,7516.0,7197.990352073293,7030.81482885367,7365.165875292916
2025-07-07 16:00:00+00:00,7322.0,7218.184714872902,7051.009191653279,7385.360238092525
2025-07-07 17:00:00+00:00,7196.25,7163.309462237106,6996.133939017483,7330.484985456729
2025-07-07 18:00:00+00:00,6970.75,6937.458596034821,6770.2830728151985,7104.634119254444
2025-07-07 19:00:00+00:00,6783.25,6669.738755836255,6502.5632326166315,6836.914279055878
2025-07-07 20:00:00+00:00,6384.0,6204.1931981925245,6037.017674972902,6371.368721412147
2025-07-07 21:00:00+00:00,5915.75,5735.384221229557,5568.208698009933,5902.55974444918
2025-07-07 22:00:00+00:00,5587.0,5323.910734805808,5156.735211586184,5491.086258025431
2025-07-07 23:00:00+00:00,5435.5,5043.5981985911285,4876.422675371506,5210.773721810752
2025-07-08 00:00:00+00:00,5294.0,4898.803411948481,4731.627888728857,5065.978935168104
2025-07-08 01:00:00+00:00,5263.75,4910.274565774847,4743.0990425552245,5077.45008899447
2025-07-08 02:00:00+00:00,5427.25,5108.489641000472,4941.314117780848,5275.665164220095
2025-07-08 03:00:00+00:00,5855.5,5593.888716829578,5426.713193609954,5761.064240049201
2025-07-08 04:00:00+00:00,6985.25,6661.673785575373,6494.498262355749,6828.8493087949955
2025-07-08 05:00:00+00:00,7759.25,7437.853110064081,7270.677586844457,7605.028633283704
2025-07-08 06:00:00+00:00,8263.25,7878.932314954376,7711.756791734753,8046.107838174
2025-07-08 07:00:00+00:00,8386.0,7997.126160592337,7829.9506373727145,8164.30168381196
2025-07-08 08:00:00+00:00,8384.5,8128.556415205959,7961.380891986335,8295.731938425582
2025-07-08 09:00:00+00:00,7980.25,8119.833554544445,7952.658031324821,8287.009077764069
2025-07-08 10:00:00+00:00,8337.5,7907.251602038973,7740.07607881935,8074.427125258597
2025-07-08 11:00:00+00:00,7789.0,7707.623498883058,7540.4479756634355,7874.799022102681
2025-07-08 12:00:00+00:00,7383.5,7506.157239236291,7338.981716016668,7673.332762455914
2025-07-08 13:00:00+00:00,7164.75,7337.80251627629,7170.626993056667,7504.9780394959125
2025-07-08 14:00:00+00:00,7265.0,7127.5516812645365,6960.376158044913,7294.727204484159
2025-07-08 15:00:00+00:00,7227.0,7094.679891004947,6927.504367785324,7261.85541422457
2025-07-08 16:00:00+00:00,7275.0,7113.415361376607,6946.239838156983,7280.590884596229
2025-07-08 17:00:00+00:00,7186.0,7061.972573752748,6894.797050533125,7229.148096972371
2025-07-08 18:00:00+00:00,6953.25,6841.7943940662035,6674.618870846581,7008.969917285826
2025-07-08 19:00:00+00:00,6726.5,6594.312087929322,6427.136564709699,6761.487611148946
2025-07-08 20:00:00+00:00,6312.75,6152.015887720437,5984.840364500814,6319.19141094006
2025-07-08 21:00:00+00:00,5873.75,5701.744775267975,5534.569252048352,5868.920298487597
2025-07-08 22:00:00+00:00,5579.0,5327.428185842273,5160.25266262265,5494.603709061897
2025-07-08 23:00:00+00:00,5377.0,5037.2823140721375,4870.106790852515,5204.457837291761
2025-07-09 00:00:00+00:00,5257.0,4854.470594457867,4687.295071238244,5021.64611767749
2025-07-09 01:00:00+00:00,5294.0,4847.855995176932,4680.680471957308,5015.031518396555
2025-07-09 02:00:00+00:00,5411.5,4999.616719462271,4832.4411962426475,5166.792242681894
2025-07-09 03:00:00+00:00,5765.5,5476.9579811701415,5309.782457950518,5644.133504389764
2025-07-09 04:00:00+00:00,6792.75,6489.529795437412,6322.354272217789,6656.705318657036
2025-07-09 05:00:00+00:00,7606.0,7266.675887926663,7099.50036470704,7433.8514111462855
2025-07-09 06:00:00+00:00,7884.75,7646.363591257998,7479.188068038375,7813.539114477621
2025-07-09 07:00:00+00:00,7747.75,7683.649085109528,7516.473561889905,7850.824608329151
2025-07-09 08:00:00+00:00,8099.0,7707.482066832227,7540.3065436126035,7874.65759005185
2025-07-09 09:00:00+00:00,8074.25,7669.864353564128,7502.688830344504,7837.0398767837505
2025-07-09 10:00:00+00:00,7632.5,7520.033309580205,7352.857786360582,7687.208832799829
2025-07-09 11:00:00+00:00,7531.0,7375.590638339412,7208.415115119789,7542.766161559036
2025-07-09 12:00:00+00:00,7041.75,7197.579219167927,7030.403695948303,7364.754742387549
2025-07-09 13:00:00+00:00,7103.25,7096.737380672161,6929.561857452538,7263.9129038917845
2025-07-09 14:00:00+00:00,7024.0,6991.145404835234,6823.9698816156115,7158.320928054858
2025-07-09 15:00:00+00:00,6989.25,7011.051418316422,6843.875895096799,7178.226941536045
2025-07-09 16:00:00+00:00,7057.25,7036.183200373173,6869.0076771535505,7203.358723592796
2025-07-09 17:00:00+00:00,7223.25,7008.282310574456,6841.106787354832,7175.457833794078
2025-07-09 18:00:00+00:00,7061.25,6834.202638422663,6667.027115203039,7001.378161642286
2025-07-09 19:00:00+00:00,6830.75,6602.055421323272,6434.879898103648,6769.230944542895
2025-07-09 20:00:00+00:00,6500.0,6141.45844747994,5974.282924260317,6308.633970699563
2025-07-09 21:00:00+00:00,6004.5,5703.685270249456,5536.509747029832,5870.860793469079
2025-07-09 22:00:00+00:00,5668.5,5313.315844607711,5146.140321388088,5480.491367827334
2025-07-09 23:00:00+00:00,5407.5,4998.230371171174,4831.054847951551,5165.405894390797
2025-07-10 00:00:00+00:00,5263.25,4830.93474883033,4663.759225610707,4998.110272049954
2025-07-10 01:00:00+00:00,5289.75,4815.007477039133,4647.831953819509,4982.183000258756
2025-07-10 02:00:00+00:00,5320.75,4964.345344975728,4797.169821756104,5131.520868195351
2025-07-10 03:00:00+00:00,5727.0,5333.256200431488,5166.080677211865,5500.431723651111
2025-07-10 04:00:00+00:00,6735.5,6199.498307921435,6032.322784701812,6366.673831141059
2025-07-10 05:00:00+00:00,7471.0,6967.467177000014,6800.291653780391,7134.642700219637
2025-07-10 06:00:00+00:00,7761.25,7435.027135916219,7267.851612696596,7602.202659135843
2025-07-10 07:00:00+00:00,7559.0,7518.50693769183,7351.331414472206,7685.682460911453
2025-07-10 08:00:00+00:00,7529.25,7565.720938683022,7398.545415463398,7732.896461902645
2025-07-10 09:00:00+00:00,7443.0,7533.497602782623,7366.3220795629995,7700.673126002246
2025-07-10 10:00:00+00:00,7172.25,7356.98535580333,7189.809832583707,7524.160879022954
2025-07-10 11:00:00+00:00,7093.5,7215.937483531461,7048.761960311838,7383.113006751085
2025-07-10 12:00:00+00:00,6931.75,7064.135402587985,6896.959879368361,7231.310925807607
2025-07-10 13:00:00+00:00,6861.5,6935.077004715975,6767.901481496352,7102.252527935599
2025-07-10 14:00:00+00:00,6756.0,6839.834083564632,6672.6585603450085,7007.009606784255
2025-07-10 15:00:00+00:00,6834.5,6853.824426956101,6686.648903736478,7020.999950175724
2025-07-10 16:00:00+00:00,6969.0,6863.635686301862,6696.460163082238,7030.811209521485
2025-07-10 17:00:00+00:00,7185.25,6792.984555423363,6625.80903220374,6960.160078642986
2025-07-10 18:00:00+00:00,7210.75,6600.834881413748,6433.659358194125,6768.010404633372
2025-07-10 19:00:00+00:00,6959.0,6362.405632976129,6195.230109756505,6529.581156195752
2025-07-10 20:00:00+00:00,6564.25,5908.7120412790455,5741.536518059422,6075.887564498668
2025-07-10 21:00:00+00:00,6061.25,5504.8545398562255,5337.679016636602,5672.030063075848
2025-07-10 22:00:00+00:00,5665.75,5147.214599606141,4980.039076386518,5314.390122825764
2025-07-10 23:00:00+00:00,5439.5,4875.600500915298,4708.424977695675,5042.776024134921
2025-07-11 00:00:00+00:00,5376.25,4704.181502376396,4537.005979156773,4871.357025596019
2025-07-11 01:00:00+00:00,5371.0,4676.098085217851,4508.922561998228,4843.273608437474
2025-07-11 02:00:00+00:00,5481.5,4775.828875427505,4608.653352207883,4943.004398647129
2025-07-11 03:00:00+00:00,5895.5,5084.519556084957,4917.344032865334,5251.69507930458
2025-07-11 04:00:00+00:00,6890.75,5824.310878143741,5657.1353549241185,5991.486401363364
2025-07-11 05:00:00+00:00,7586.0,6557.609283005396,6390.433759785773,6724.78480622502
2025-07-11 06:00:00+00:00,7891.25,7005.042882362981,6837.867359143358,7172.218405582604
2025-07-11 07:00:00+00:00,7876.0,7206.90318648063,7039.7276632610065,7374.078709700253
2025-07-11 08:00:00+00:00,7758.75,7294.293857754491,7127.118334534868,7461.469380974115
2025-07-11 09:00:00+00:00,7764.25,7310.660613312292,7143.485090092669,7477.836136531915
2025-07-11 10:00:00+00:00,7482.5,7141.841805237358,6974.666282017735,7309.017328456982
2025-07-11 11:00:00+00:00,6805.0,6978.547442590738,6811.371919371115,7145.722965810361
2025-07-11 12:00:00+00:00,6756.5,6774.570202632911,6607.394679413288,6941.745725852535
2025-07-11 13:00:00+00:00,6571.0,6647.993623272156,6480.818100052532,6815.1691464917785
2025-07-11 14:00:00+00:00,6394.75,6573.540390035349,6406.364866815727,6740.715913254973
2025-07-11 15:00:00+00:00,6511.5,6548.930784826891,6381.755261607267,6716.106308046514
2025-07-11 16:00:00+00:00,6493.5,6553.833187328671,6386.657664109048,6721.008710548294
2025-07-11 17:00:00+00:00,6640.5,6453.473252636037,6286.297729416413,6620.64877585566
2025-07-11 18:00:00+00:00,6726.5,6234.398771290425,6067.223248070803,6401.574294510049
2025-07-11 19:00:00+00:00,6419.0,6007.306809661307,5840.131286441683,6174.48233288093
2025-07-11 20:00:00+00:00,6067.5,5657.579570141543,5490.40404692192,5824.7550933611665
2025-07-11 21:00:00+00:00,5622.25,5251.824399165367,5084.648875945744,5418.99992238499
2025-07-11 22:00:00+00:00,5311.25,4941.191420566677,4774.015897347054,5108.366943786301
2025-07-11 23:00:00+00:00,5034.5,4636.256163233923,4469.080640014299,4803.431686453546
2025-07-12 00:00:00+00:00,4859.25,4415.267325403767,4248.091802184144,4582.442848623391
2025-07-12 01:00:00+00:00,4795.25,4308.019708990983,4140.844185771361,4475.195232210607
2025-07-12 02:00:00+00:00,4748.5,4328.881495985465,4161.705972765842,4496.057019205088
2025-07-12 03:00:00+00:00,4764.75,4432.534168017228,4265.358644797604,4599.709691236851
2025-07-12 04:00:00+00:00,5011.0,4635.541730461745,4468.366207242121,4802.717253681368
2025-07-12 05:00:00+00:00,5398.5,4919.512557912375,4752.337034692752,5086.688081131999
2025-07-12 06:00:00+00:00,5783.75,5231.840774738858,5064.665251519235,5399.016297958481
2025-07-12 07:00:00+00:00,5806.25,5386.136066171871,5218.960542952248,5553.311589391495
2025-07-12 08:00:00+00:00,5640.25,5502.347243759776,5335.171720540153,5669.522766979399
2025-07-12 09:00:00+00:00,5673.5,5467.263160838774,5300.08763761915,5634.438684058397
2025-07-12 10:00:00+00:00,5378.75,5355.213456164358,5188.037932944735,5522.388979383981
2025-07-12 11:00:00+00:00,5270.25,5187.979380830766,5020.803857611143,5355.15490405039
2025-07-12 12:00:00+00:00,5163.0,5002.8003019153075,4835.624778695685,5169.975825134931
2025-07-12 13:00:00+00:00,5062.0,4886.537368183044,4719.361844963421,5053.712891402667
2025-07-12 14:00:00+00:00,5195.5,4911.833761400935,4744.658238181312,5079.009284620559
2025-07-12 15:00:00+00:00,5208.0,5046.31547775875,4879.139954539127,5213.491000978373
2025-07-12 16:00:00+00:00,5163.5,5227.347416431217,5060.171893211595,5394.52293965084
2025-07-12 17:00:00+00:00,5358.5,5238.326107747102,5071.150584527479,5405.501630966724
2025-07-12 18:00:00+00:00,5522.5,5167.096472516191,4999.920949296568,5334.271995735815
2025-07-12 19:00:00+00:00,5391.0,5182.369459755121,5015.193936535498,5349.544982974745
2025-07-12 20:00:00+00:00,5246.5,5014.4904918763905,4847.314968656768,5181.666015096014
2025-07-12 21:00:00+00:00,4930.25,4654.546392109371,4487.370868889748,4821.721915328993
2025-07-12 22:00:00+00:00,4645.25,4330.687162153892,4163.511638934269,4497.862685373515
2025-07-12 23:00:00+00:00,4439.75,4116.458682193144,3949.2831589735215,4283.634205412767
2025-07-13 00:00:00+00:00,4277.25,3929.4620532922286,3762.2865300726053,4096.637576511852
2025-07-13 01:00:00+00:00,4198.0,3851.130070034333,3683.9545468147103,4018.3055932539564
2025-07-13 02:00:00+00:00,4159.0,3838.2804131064945,3671.104889886871,4005.455936326118
2025-07-13 03:00:00+00:00,4171.5,3857.6642578403935,3690.4887346207706,4024.839781060017
2025-07-13 04:00:00+00:00,4298.5,3979.8583320980297,3812.6828088784064,4147.0338553176525
2025-07-13 05:00:00+00:00,4577.75,4162.982333010343,3995.8068097907203,4330.1578562299665
2025-07-13 06:00:00+00:00,5048.25,4413.039106673935,4245.863583454311,4580.214629893558
2025-07-13 07:00:00+00:00,5169.0,4681.316269599536,4514.140746379913,4848.491792819159
2025-07-13 08:00:00+00:00,4930.5,4860.359759876392,4693.184236656768,5027.535283096015
2025-07-13 09:00:00+00:00,4730.75,4915.446104000106,4748.270580780483,5082.62162721973
2025-07-13 10:00:00+00:00,4720.75,4820.945873283112,4653.770350063489,4988.121396502735
2025-07-13 11:00:00+00:00,4762.0,4661.589471842673,4494.413948623051,4828.764995062296
2025-07-13 12:00:00+00:00,4872.0,4517.206506727906,4350.030983508283,4684.382029947529
2025-07-13 13:00:00+00:00,4706.5,4450.587993570151,4283.412470350529,4617.763516789775
2025-07-13 14:00:00+00:00,4617.25,4501.626690608716,4334.451167389093,4668.8022138283395
2025-07-13 15:00:00+00:00,4907.25,4663.2023975471075,4496.026874327485,4830.377920766731
2025-07-13 16:00:00+00:00,5171.5,4875.981846027296,4708.8063228076735,5043.157369246919
2025-07-13 17:00:00+00:00,5585.5,4977.683572267933,4810.50804904831,5144.859095487556
2025-07-13 18:00:00+00:00,5764.75,5070.260232873696,4903.084709654072,5237.435756093319
2025-07-13 19:00:00+00:00,5783.0,5148.7032526244275,4981.527729404805,5315.87877584405
2025-07-13 20:00:00+00:00,5876.5,5055.64082008275,4888.465296863127,5222.816343302373
2025-07-13 21:00:00+00:00,5518.0,4808.345068898004,4641.16954567838,4975.520592117627
2025-07-13 22:00:00+00:00,5309.75,4513.0766323252465,4345.901109105623,4680.252155544869
2025-07-13 23:00:00+00:00,5080.0,4271.239524657247,4104.064001437624,4438.415047876871
2025-07-14 00:00:00+00:00,5003.5,4906.065804361023,4738.8902811414,5073.241327580647
2025-07-14 01:00:00+00:00,5024.75,4900.833942858959,4733.658419639336,5068.009466078582
2025-07-14 02:00:00+00:00,5100.75,5099.9721891027675,4932.796665883145,5267.14771232239
2025-07-14 03:00:00+00:00,5693.5,5617.394068513988,5450.218545294365,5784.569591733611
2025-07-14 04:00:00+00:00,6822.0,6704.085668183921,6536.9101449642985,6871.261191403545
2025-07-14 05:00:00+00:00,7901.5,7455.061026369581,7287.885503149957,7622.236549589204
2025-07-14 06:00:00+00:00,8422.25,7921.002348593073,7753.8268253734495,8088.177871812696
2025-07-14 07:00:00+00:00,8732.5,8111.007285918026,7943.8317626984035,8278.18280913765
2025-07-14 08:00:00+00:00,8857.5,8324.61765808316,8157.442134863538,8491.793181302784
2025-07-14 09:00:00+00:00,9193.75,8388.83257929517,8221.657056075546,8556.008102514792
2025-07-14 10:00:00+00:00,8293.0,8261.649674084552,8094.4741508649295,8428.825197304175
2025-07-14 11:00:00+00:00,8380.75,8114.354770434386,7947.179247214763,8281.53029365401
2025-07-14 12:00:00+00:00,7892.75,7937.622663667955,7770.447140448332,8104.798186887579
2025-07-14 13:00:00+00:00,7721.75,7790.246309701986,7623.0707864823635,7957.421832921609
2025-07-14 14:00:00+00:00,7794.25,7614.114147184015,7446.938623964392,7781.2896704036375
2025-07-14 15:00:00+00:00,7232.75,7560.69039881892,7393.514875599297,7727.8659220385425
2025-07-14 16:00:00+00:00,7620.5,7521.809217660539,7354.633694440915,7688.984740880162
2025-07-14 17:00:00+00:00,7498.5,7432.145645613605,7264.970122393982,7599.321168833228
2025-07-14 18:00:00+00:00,7374.75,7188.218121219994,7021.04259800037,7355.393644439617
2025-07-14 19:00:00+00:00,7170.25,6907.21423029061,6740.038707070988,7074.389753510234
2025-07-14 20:00:00+00:00,6732.0,6481.8387121110345,6314.663188891411,6649.014235330657
2025-07-14 21:00:00+00:00,6116.5,5985.949389857554,5818.773866637931,6153.124913077177
2025-07-14 22:00:00+00:00,5831.5,5522.48182982143,5355.306306601808,5689.657353041054
2025-07-14 23:00:00+00:00,5644.5,5202.611430953704,5035.435907734081,5369.786954173327
2025-07-15 00:00:00+00:00,5491.25,5020.2487628816125,4853.07323966199,5187.424286101236
2025-07-15 01:00:00+00:00,5491.75,5002.390440687366,4835.214917467743,5169.565963906989
2025-07-15 02:00:00+00:00,5612.25,5112.442834017662,4945.267310798039,5279.618357237285
2025-07-15 03:00:00+00:00,6000.75,5605.867164453538,5438.691641233914,5773.042687673161
2025-07-15 04:00:00+00:00,6969.75,6615.63501672611,6448.459493506487,6782.810539945733
2025-07-15 05:00:00+00:00,7826.75,7375.963050698947,7208.787527479324,7543.13857391857
2025-07-15 06:00:00+00:00,8276.75,7779.396872715277,7612.221349495653,7946.5723959349
2025-07-15 07:00:00+00:00,8283.0,7783.409688883159,7616.234165663536,7950.585212102783
2025-07-15 08:00:00+00:00,8292.25,7845.754653123406,7678.579129903782,8012.9301763430285
2025-07-15 09:00:00+00:00,7686.75,7891.114160795659,7723.938637576035,8058.289684015282
2025-07-15 10:00:00+00:00,7729.0,7703.34591331039,7536.170390090767,7870.5214365300135
2025-07-15 11:00:00+00:00,7615.5,7571.460612530336,7404.285089310713,7738.636135749959
2025-07-15 12:00:00+00:00,7570.0,7412.564420767712,7245.3888975480895,7579.739943987336
2025-07-15 13:00:00+00:00,7185.5,7294.833156469788,7127.6576332501645,7462.008679689411
2025-07-15 14:00:00+00:00,7047.25,7187.3876239339,7020.212100714277,7354.5631471535235
2025-07-15 15:00:00+00:00,7295.25,7204.446974828905,7037.271451609281,7371.622498048528
2025-07-15 16:00:00+00:00,7321.0,7215.873740907437,7048.698217687814,7383.04926412706
2025-07-15 17:00:00+00:00,7277.5,7174.829892737669,7007.654369518045,7342.005415957292
2025-07-15 18:00:00+00:00,7116.75,6957.902768212911,6790.727244993288,7125.078291432534
2025-07-15 19:00:00+00:00,6952.5,6700.526345904101,6533.350822684478,6867.7018691237245
2025-07-15 20:00:00+00:00,6407.0,6227.239684890108,6060.064161670484,6394.415208109731
2025-07-15 21:00:00+00:00,5953.5,5789.44385090594,5622.268327686317,5956.619374125563
2025-07-15 22:00:00+00:00,5678.0,5409.263960437348,5242.088437217725,5576.439483656972
2025-07-15 23:00:00+00:00,5460.75,5085.4521812441235,4918.276658024501,5252.627704463746
2025-07-16 00:00:00+00:00,5306.0,4912.577881957278,4745.402358737655,5079.753405176902
2025-07-16 01:00:00+00:00,5332.5,4911.69564183584,4744.520118616217,5078.871165055463
2025-07-16 02:00:00+00:00,5406.5,5034.063060612008,4866.887537392385,5201.238583831631
2025-07-16 03:00:00+00:00,5816.0,5481.096661872036,5313.921138652412,5648.272185091659
2025-07-16 04:00:00+00:00,6915.25,6508.781135585641,6341.605612366018,6675.956658805265
2025-07-16 05:00:00+00:00,7766.25,7329.411659570896,7162.236136351273,7496.587182790519
2025-07-16 06:00:00+00:00,8068.75,7778.517336410918,7611.341813191295,7945.692859630541
2025-07-16 07:00:00+00:00,7822.25,7832.941406128626,7665.765882909003,8000.116929348249
2025-07-16 08:00:00+00:00,8067.25,7924.292330424724,7757.1168072051005,8091.467853644347
2025-07-16 09:00:00+00:00,8154.25,7919.584910598045,7752.409387378422,8086.760433817669
2025-07-16 10:00:00+00:00,7772.25,7752.886500194767,7585.710976975144,7920.062023414391
2025-07-16 11:00:00+00:00,8319.5,7615.058650029683,7447.883126810059,7782.234173249306
2025-07-16 12:00:00+00:00,7779.75,7461.372132501618,7294.196609281995,7628.5476557212405
2025-07-16 13:00:00+00:00,7469.25,7305.614543003644,7138.43901978402,7472.790066223267
2025-07-16 14:00:00+00:00,7188.25,7157.940053341942,6990.764530122319,7325.115576561565
2025-07-16 15:00:00+00:00,7468.0,7146.915577498973,6979.740054279349,7314.091100718596
2025-07-16 16:00:00+00:00,7384.0,7131.052785416729,6963.877262197107,7298.228308636353
2025-07-16 17:00:00+00:00,7509.0,7042.01344055616,6874.837917336537,7209.188963775783
2025-07-16 18:00:00+00:00,7206.25,6811.17544996976,6643.999926750137,6978.350973189383
2025-07-16 19:00:00+00:00,6986.0,6572.797137421285,6405.621614201662,6739.9726606409085
2025-07-16 20:00:00+00:00,6638.0,6138.554859420775,5971.379336201151,6305.730382640398
2025-07-16 21:00:00+00:00,6173.25,5782.8071131100605,5615.631589890437,5949.982636329683
2025-07-16 22:00:00+00:00,5609.5,5391.152626012061,5223.977102792437,5558.328149231684
2025-07-16 23:00:00+00:00,5412.25,5080.028075613863,4912.852552394239,5247.203598833486
2025-07-17 00:00:00+00:00,5320.0,4909.239222879636,4742.063699660013,5076.41474609926
2025-07-17 01:00:00+00:00,5304.0,4884.611897374992,4717.436374155369,5051.7874205946155
2025-07-17 02:00:00+00:00,5418.25,5024.179492738122,4857.003969518499,5191.355015957744
2025-07-17 03:00:00+00:00,5790.5,5439.368215886418,5272.192692666794,5606.54373910604
2025-07-17 04:00:00+00:00,6791.5,6367.144869450982,6199.969346231359,6534.3203926706055
2025-07-17 05:00:00+00:00,7531.0,7122.4580623292295,6955.282539109606,7289.633585548852
2025-07-17 06:00:00+00:00,7956.5,7536.436215290958,7369.260692071335,7703.611738510581
2025-07-17 07:00:00+00:00,7994.25,7618.967078485188,7451.791555265565,7786.142601704812
2025-07-17 08:00:00+00:00,7832.5,7650.570872071763,7483.395348852139,7817.746395291386
2025-07-17 09:00:00+00:00,7529.0,7579.205906162028,7412.030382942406,7746.381429381652
2025-07-17 10:00:00+00:00,7218.25,7399.403112937349,7232.227589717725,7566.578636156972
2025-07-17 11:00:00+00:00,7073.25,7258.057981597852,7090.882458378228,7425.233504817475
2025-07-17 12:00:00+00:00,6941.75,7081.60968199156,6914.434158771936,7248.785205211183
2025-07-17 13:00:00+00:00,6546.75,6950.633520614311,6783.457997394688,7117.809043833934
2025-07-17 14:00:00+00:00,6434.75,6866.757480431342,6699.581957211719,7033.933003650965
2025-07-17 15:00:00+00:00,6716.25,6850.257799638902,6683.082276419279,7017.433322858526
2025-07-17 16:00:00+00:00,6907.5,6860.649246175981,6693.473722956358,7027.824769395605
2025-07-17 17:00:00+00:00,7167.25,6794.425053948763,6627.24953072914,6961.600577168387
2025-07-17 18:00:00+00:00,7302.0,6588.463810442615,6421.288287222992,6755.639333662238
2025-07-17 19:00:00+00:00,7026.5,6349.311327923406,6182.135804703783,6516.486851143029
2025-07-17 20:00:00+00:00,6633.75,5974.331276343343,5807.15575312372,6141.506799562967
2025-07-17 21:00:00+00:00,6113.75,5615.425530300646,5448.250007081023,5782.6010535202695
2025-07-17 22:00:00+00:00,5785.25,5238.242222571966,5071.066699352342,5405.4177457915885
2025-07-17 23:00:00+00:00,5550.5,4944.5286300444795,4777.353106824857,5111.704153264102
2025-07-18 00:00:00+00:00,5409.0,4805.837173265779,4638.661650046155,4973.012696485402
2025-07-18 01:00:00+00:00,5386.25,4800.298913590346,4633.123390370723,4967.47443680997
2025-07-18 02:00:00+00:00,5529.5,4960.887644219753,4793.71212100013,5128.063167439376
2025-07-18 03:00:00+00:00,5933.75,5347.813098446888,5180.637575227265,5514.988621666512
2025-07-18 04:00:00+00:00,6853.75,6341.545358718778,6174.369835499155,6508.7208819384
2025-07-18 05:00:00+00:00,7576.25,7118.2510346233585,6951.075511403736,7285.426557842981
2025-07-18 06:00:00+00:00,7922.0,7522.129044752198,7354.953521532575,7689.304567971821
2025-07-18 07:00:00+00:00,7759.5,7569.790665654219,7402.615142434595,7736.966188873842
2025-07-18 08:00:00+00:00,7709.75,7579.477691585252,7412.302168365629,7746.653214804875
2025-07-18 09:00:00+00:00,7650.75,7539.935036366218,7372.759513146595,7707.110559585841
2025-07-18 10:00:00+00:00,7240.0,7380.810740763271,7213.635217543648,7547.986263982893
2025-07-18 11:00:00+00:00,6979.0,7164.435219108898,6997.259695889275,7331.610742328521
2025-07-18 12:00:00+00:00,6609.0,6982.712468433855,6815.536945214232,7149.887991653478
2025-07-18 13:00:00+00:00,6579.75,6859.520079107149,6692.3445558875255,7026.695602326772
2025-07-18 14:00:00+00:00,6620.0,6764.128233305186,6596.952710085563,6931.30375652481
2025-07-18 15:00:00+00:00,6784.25,6791.565085677859,6624.3895624582365,6958.740608897483
2025-07-18 16:00:00+00:00,6761.5,6823.733787171274,6656.5582639516515,6990.909310390897
2025-07-18 17:00:00+00:00,6915.5,6775.859751398273,6608.684228178649,6943.035274617896
2025-07-18 18:00:00+00:00,7015.5,6560.314941484455,6393.139418264832,6727.490464704078
2025-07-18 19:00:00+00:00,6786.75,6309.925502487332,6142.749979267709,6477.101025706955
2025-07-18 20:00:00+00:00,6382.75,5935.8300370032675,5768.654513783645,6103.00556022289
2025-07-18 21:00:00+00:00,5909.0,5579.619814431081,5412.444291211457,5746.795337650704
2025-07-18 22:00:00+00:00,5517.25,5197.30947996633,5030.133956746707,5364.485003185953
2025-07-18 23:00:00+00:00,5174.25,4905.4165683672445,4738.241045147622,5072.592091586868
2025-07-19 00:00:00+00:00,4956.75,4693.050335478518,4525.874812258895,4860.225858698141
2025-07-19 01:00:00+00:00,4887.25,4552.620867626199,4385.445344406575,4719.796390845821
2025-07-19 02:00:00+00:00,4876.0,4541.767926442993,4374.59240322337,4708.943449662616
2025-07-19 03:00:00+00:00,4887.5,4655.187975611277,4488.012452391653,4822.3634988308995
2025-07-19 04:00:00+00:00,5026.0,4935.382739664301,4768.207216444677,5102.558262883924
2025-07-19 05:00:00+00:00,5327.25,5277.631279141715,5110.455755922092,5444.806802361339
2025-07-19 06:00:00+00:00,5753.25,5548.120987031554,5380.9454638119305,5715.296510251177
2025-07-19 07:00:00+00:00,5934.75,5757.91030399344,5590.734780773817,5925.085827213063
2025-07-19 08:00:00+00:00,5857.25,5826.129640020472,5658.954116800849,5993.305163240096
2025-07-19 09:00:00+00:00,5908.5,5792.915198376711,5625.739675157088,5960.090721596334
2025-07-19 10:00:00+00:00,5808.5,5689.396314756203,5522.220791536579,5856.5718379758255
2025-07-19 11:00:00+00:00,5459.0,5529.405438813227,5362.229915593604,5696.58096203285
2025-07-19 12:00:00+00:00,5823.5,5415.7397702375465,5248.564247017924,5582.91529345717
2025-07-19 13:00:00+00:00,5731.75,5329.5175753285275,5162.342052108905,5496.69309854815
2025-07-19 14:00:00+00:00,5969.25,5341.988027308291,5174.812504088668,5509.163550527915
2025-07-19 15:00:00+00:00,5905.5,5513.213047143419,5346.0375239237965,5680.388570363043
2025-07-19 16:00:00+00:00,5568.25,5620.675411039924,5453.4998878203005,5787.850934259547
2025-07-19 17:00:00+00:00,5673.75,5598.085873334332,5430.910350114709,5765.261396553955
2025-07-19 18:00:00+00:00,5699.25,5464.806964124803,5297.631440905179,5631.982487344426
2025-07-19 19:00:00+00:00,5634.5,5348.899652262747,5181.724129043124,5516.07517548237
2025-07-19 20:00:00+00:00,5392.5,5152.049099596401,4984.873576376778,5319.224622816024
2025-07-19 21:00:00+00:00,5149.5,4907.551283985569,4740.375760765946,5074.726807205193
2025-07-19 22:00:00+00:00,4894.0,4570.867791294877,4403.692268075254,4738.043314514501
2025-07-19 23:00:00+00:00,4640.5,4272.830351115723,4105.654827896099,4440.005874335346
2025-07-20 00:00:00+00:00,4520.5,4104.176701502034,3937.001178282411,4271.352224721657
2025-07-20 01:00:00+00:00,4465.5,3990.9596452474416,3823.7841220278183,4158.135168467064
2025-07-20 02:00:00+00:00,4431.25,4006.212142929558,3839.0366197099347,4173.387666149181
2025-07-20 03:00:00+00:00,4461.25,4056.2461158332385,3889.070592613615,4223.421639052862
2025-07-20 04:00:00+00:00,4547.0,4200.038109334382,4032.8625861147593,4367.213632554005
2025-07-20 05:00:00+00:00,4844.75,4443.672326620017,4276.496803400394,4610.847849839641
2025-07-20 06:00:00+00:00,5106.25,4758.739734936179,4591.564211716556,4925.915258155803
2025-07-20 07:00:00+00:00,5266.25,4950.240226353553,4783.06470313393,5117.415749573177
2025-07-20 08:00:00+00:00,5419.25,5042.883780112634,4875.708256893011,5210.059303332257
2025-07-20 09:00:00+00:00,5161.0,5093.882080172998,4926.706556953375,5261.057603392621
2025-07-20 10:00:00+00:00,5430.0,4981.169072502116,4813.9935492824925,5148.344595721739
2025-07-20 11:00:00+00:00,5401.25,4828.5447149308975,4661.369191711274,4995.72023815052
2025-07-20 12:00:00+00:00,5199.25,4730.562184114218,4563.3866608945955,4897.737707333841
2025-07-20 13:00:00+00:00,5255.0,4687.188605559994,4520.0130823403715,4854.364128779617
2025-07-20 14:00:00+00:00,4892.25,4753.606796434676,4586.431273215053,4920.7823196542995
2025-07-20 15:00:00+00:00,5493.5,4960.413246258954,4793.23772303933,5127.588769478577
2025-07-20 16:00:00+00:00,6086.0,5203.84446911423,5036.6689458946075,5371.019992333853
2025-07-20 17:00:00+00:00,5938.25,5267.700756586057,5100.525233366433,5434.87627980568
2025-07-20 18:00:00+00:00,5558.25,5215.888801124414,5048.7132779047915,5383.064324344037
2025-07-20 19:00:00+00:00,5821.0,5212.3420318827675,5045.166508663144,5379.51755510239
2025-07-20 20:00:00+00:00,6055.75,5218.903045443188,5051.727522223565,5386.078568662811
2025-07-20 21:00:00+00:00,5671.25,5067.442320619082,4900.2667973994585,5234.617843838705
2025-07-20 22:00:00+00:00,5437.25,4783.181266561602,4616.005743341979,4950.3567897812245
2025-07-20 23:00:00+00:00,5171.0,4465.5214010761,4298.345877856476,4632.696924295723
2025-07-21 00:00:00+00:00,5054.5,5022.700047302362,4855.524524082738,5189.875570521985
2025-07-21 01:00:00+00:00,5083.0,5017.542800180412,4850.367276960788,5184.718323400035
2025-07-21 02:00:00+00:00,5210.25,5198.738972138863,5031.563448919239,5365.9144953584855
2025-07-21 03:00:00+00:00,5738.75,5782.321495722024,5615.1459725024015,5949.497018941648
2025-07-21 04:00:00+00:00,6951.0,6849.61226556927,6682.436742349647,7016.787788788893
2025-07-21 05:00:00+00:00,7987.25,7596.026878448827,7428.851355229204,7763.20240166845
2025-07-21 06:00:00+00:00,8506.5,8017.108932271796,7849.933409052173,8184.284455491419
2025-07-21 07:00:00+00:00,8846.0,8182.0630926283375,8014.887569408715,8349.23861584796
2025-07-21 08:00:00+00:00,8790.75,8357.219648510583,8190.04412529096,8524.395171730206
2025-07-21 09:00:00+00:00,8884.75,8484.406389660886,8317.230866441261,8651.581912880509
2025-07-21 10:00:00+00:00,8776.25,8351.978601652867,8184.803078433244,8519.15412487249
2025-07-21 11:00:00+00:00,8190.5,8168.395416185968,8001.219892966345,8335.570939405592
2025-07-21 12:00:00+00:00,7869.0,7926.005771438234,7758.83024821861,8093.181294657857
2025-07-21 13:00:00+00:00,7999.0,7763.915715721368,7596.740192501745,7931.0912389409905
2025-07-21 14:00:00+00:00,7968.25,7613.061501811326,7445.885978591703,7780.23702503095
2025-07-21 15:00:00+00:00,7486.0,7560.668912180896,7393.493388961273,7727.84443540052
2025-07-21 16:00:00+00:00,7243.5,7523.247089889714,7356.071566670091,7690.422613109336
2025-07-21 17:00:00+00:00,7501.0,7416.6684536093135,7249.492930389691,7583.843976828937
2025-07-21 18:00:00+00:00,7380.5,7185.055677856121,7017.8801546364975,7352.231201075744
2025-07-21 19:00:00+00:00,7060.0,6904.390537142311,6737.215013922688,7071.5660603619335
2025-07-21 20:00:00+00:00,6587.0,6463.95301187671,6296.777488657087,6631.1285350963335
2025-07-21 21:00:00+00:00,6040.75,6015.826066622351,5848.6505434027285,6183.001589841975
2025-07-21 22:00:00+00:00,5542.5,5592.953382493824,5425.777859274202,5760.128905713447
2025-07-21 23:00:00+00:00,5329.75,5234.436017547798,5067.260494328174,5401.611540767421
2025-07-22 00:00:00+00:00,5267.25,5036.640093876967,4869.464570657343,5203.815617096589
2025-07-22 01:00:00+00:00,5222.75,5000.2427398262535,4833.067216606631,5167.418263045876
2025-07-22 02:00:00+00:00,5333.75,5123.31679314276,4956.141269923137,5290.4923163623835
2025-07-22 03:00:00+00:00,5904.75,5632.058549854482,5464.88302663486,5799.234073074105
2025-07-22 04:00:00+00:00,6956.75,6664.593587323919,6497.418064104296,6831.7691105435415
2025-07-22 05:00:00+00:00,7865.25,7436.568637999995,7269.393114780372,7603.744161219618
2025-07-22 06:00:00+00:00,8195.0,7872.661757484315,7705.486234264692,8039.837280703939
2025-07-22 07:00:00+00:00,8350.25,7995.485125230911,7828.309602011287,8162.660648450534
2025-07-22 08:00:00+00:00,8517.75,8070.598130170886,7903.422606951262,8237.77365339051
2025-07-22 09:00:00+00:00,8255.0,8069.076800606291,7901.901277386668,8236.252323825915
2025-07-22 10:00:00+00:00,8021.5,7834.003134159594,7666.827610939971,8001.178657379218
2025-07-22 11:00:00+00:00,7543.5,7657.20544444523,7490.029921225607,7824.3809676648525
2025-07-22 12:00:00+00:00,7522.75,7449.821911582529,7282.646388362906,7616.997434802152
2025-07-22 13:00:00+00:00,7558.25,7311.761833766922,7144.586310547299,7478.937356986545
2025-07-22 14:00:00+00:00,7277.75,7146.306443919637,6979.130920700014,7313.48196713926
2025-07-22 15:00:00+00:00,7095.5,7139.959969036319,6972.784445816696,7307.135492255942
2025-07-22 16:00:00+00:00,6969.25,7151.481214547957,6984.305691328334,7318.65673776758
2025-07-22 17:00:00+00:00,7000.5,7105.713920837484,6938.538397617861,7272.889444057107
2025-07-22 18:00:00+00:00,7064.0,6903.258379615648,6736.082856396025,7070.4339028352715
2025-07-22 19:00:00+00:00,6818.0,6692.057872018047,6524.882348798425,6859.233395237671
2025-07-22 20:00:00+00:00,6530.5,6205.742678190877,6038.567154971254,6372.9182014105
2025-07-22 21:00:00+00:00,5983.75,5733.495665018115,5566.320141798491,5900.671188237738
2025-07-22 22:00:00+00:00,5712.5,5326.958279664389,5159.782756444766,5494.133802884013
2025-07-22 23:00:00+00:00,5422.75,5022.620948802209,4855.445425582585,5189.7964720218315
2025-07-23 00:00:00+00:00,5310.25,4857.162560153753,4689.98703693413,5024.338083373375
2025-07-23 01:00:00+00:00,5318.0,4844.32723922917,4677.151716009546,5011.502762448793
2025-07-23 02:00:00+00:00,5445.0,4957.8397200900745,4790.664196870452,5125.015243309697
2025-07-23 03:00:00+00:00,5880.75,5419.360534690344,5252.185011470721,5586.536057909967
2025-07-23 04:00:00+00:00,6886.75,6437.400058411768,6270.224535192146,6604.575581631391
2025-07-23 05:00:00+00:00,7702.25,7245.409902713226,7078.234379493602,7412.585425932849
2025-07-23 06:00:00+00:00,8181.5,7648.139266990604,7480.96374377098,7815.314790210226
2025-07-23 07:00:00+00:00,8027.25,7681.275295343568,7514.099772123945,7848.450818563191
2025-07-23 08:00:00+00:00,7951.75,7689.920178792512,7522.744655572888,7857.095702012135
2025-07-23 09:00:00+00:00,7886.75,7628.147845026052,7460.972321806429,7795.323368245676
2025-07-23 10:00:00+00:00,7601.5,7463.740166350622,7296.564643130999,7630.915689570245
2025-07-23 11:00:00+00:00,7176.25,7343.276817331763,7176.10129411214,7510.4523405513855
2025-07-23 12:00:00+00:00,7174.0,7175.594684277908,7008.419161058285,7342.770207497531
2025-07-23 13:00:00+00:00,7001.25,7058.040561305974,6890.865038086351,7225.216084525598
2025-07-23 14:00:00+00:00,7067.5,6954.20530731482,6787.029784095197,7121.380830534444
2025-07-23 15:00:00+00:00,7291.75,6974.434596503391,6807.259073283768,7141.610119723015
2025-07-23 16:00:00+00:00,7330.5,6973.2344558650575,6806.058932645435,7140.409979084681
2025-07-23 17:00:00+00:00,7404.25,6935.066480958687,6767.890957739064,7102.24200417831
2025-07-23 18:00:00+00:00,7290.25,6718.094704644952,6550.919181425328,6885.270227864575
2025-07-23 19:00:00+00:00,7056.25,6482.501583739262,6315.326060519639,6649.677106958885
2025-07-23 20:00:00+00:00,6559.0,6016.5317145648805,5849.356191345258,6183.707237784503
2025-07-23 21:00:00+00:00,6167.25,5586.046968206091,5418.871444986467,5753.222491425714
2025-07-23 22:00:00+00:00,5857.5,5204.851095639295,5037.675572419672,5372.026618858918
2025-07-23 23:00:00+00:00,5594.0,4945.244842997396,4778.069319777773,5112.420366217018
2025-07-24 00:00:00+00:00,5475.0,4817.981474578476,4650.805951358852,4985.156997798099
2025-07-24 01:00:00+00:00,5442.0,4810.189651007627,4643.014127788003,4977.36517422725
2025-07-24 02:00:00+00:00,5453.0,4922.380462681456,4755.204939461833,5089.555985901079
2025-07-24 03:00:00+00:00,5872.25,5338.109258537817,5170.9337353181945,5505.28478175744
2025-07-24 04:00:00+00:00,6904.75,6316.197268530752,6149.021745311129,6483.372791750375
2025-07-24 05:00:00+00:00,7752.0,7093.244793807252,6926.069270587629,7260.420317026876
2025-07-24 06:00:00+00:00,8315.5,7542.4120738980655,7375.236550678443,7709.587597117688
2025-07-24 07:00:00+00:00,8422.25,7714.137929923114,7546.962406703491,7881.313453142737
2025-07-24 08:00:00+00:00,6333.0,7815.50433197267,7648.328808753047,7982.679855192293
2025-07-24 09:00:00+00:00,8506.25,7861.153936655948,7693.978413436325,8028.329459875571
2025-07-24 10:00:00+00:00,8061.25,7691.582398628584,7524.406875408961,7858.757921848208
2025-07-24 11:00:00+00:00,8219.25,7581.711883695906,7414.536360476282,7748.887406915529
2025-07-24 12:00:00+00:00,7930.25,7464.9330541858835,7297.757530966261,7632.108577405506
2025-07-24 13:00:00+00:00,7594.75,7321.239037491419,7154.063514271796,7488.414560711042
2025-07-24 14:00:00+00:00,7266.25,7148.212213919463,6981.03669069984,7315.387737139086
2025-07-24 15:00:00+00:00,7506.75,7124.813196157349,6957.637672937726,7291.988719376972
2025-07-24 16:00:00+00:00,7614.25,7096.961465246167,6929.785942026544,7264.136988465791
2025-07-24 17:00:00+00:00,7441.5,7041.000694511176,6873.825171291553,7208.176217730799
2025-07-24 18:00:00+00:00,7291.25,6818.275083876404,6651.099560656781,6985.450607096028
2025-07-24 19:00:00+00:00,7057.25,6572.924955558983,6405.749432339359,6740.100478778606
2025-07-24 20:00:00+00:00,6555.75,6058.889692377044,5891.714169157421,6226.065215596667
2025-07-24 21:00:00+00:00,6154.0,5629.323187736798,5462.147664517174,5796.498710956421
2025-07-24 22:00:00+00:00,5828.5,5241.074033943621,5073.898510723997,5408.2495571632435
2025-07-24 23:00:00+00:00,5567.75,4945.667531195777,4778.492007976154,5112.843054415401
2025-07-25 00:00:00+00:00,5461.75,4791.743001469721,4624.567478250098,4958.918524689344
2025-07-25 01:00:00+00:00,5481.5,4800.035733931966,4632.860210712343,4967.21125715159
2025-07-25 02:00:00+00:00,5608.75,4907.673337616832,4740.497814397209,5074.848860836455
2025-07-25 03:00:00+00:00,6055.5,5306.874800578051,5139.699277358428,5474.050323797674
2025-07-25 04:00:00+00:00,7020.0,6119.916309784808,5952.740786565184,6287.091833004431
2025-07-25 05:00:00+00:00,7886.5,6967.488720991911,6800.313197772288,7134.6642442115335
2025-07-25 06:00:00+00:00,8289.5,7458.879723493591,7291.704200273968,7626.055246713215
2025-07-25 07:00:00+00:00,8379.5,7645.840675663115,7478.665152443492,7813.016198882738
2025-07-25 08:00:00+00:00,8683.0,7758.224272620303,7591.048749400679,7925.399795839926
2025-07-25 09:00:00+00:00,8631.0,7803.221817451309,7636.046294231686,7970.397340670933
2025-07-25 10:00:00+00:00,8278.5,7610.847608362094,7443.672085142472,7778.023131581718
2025-07-25 11:00:00+00:00,7868.25,7421.645368599971,7254.4698453803485,7588.820891819594
2025-07-25 12:00:00+00:00,7204.0,7223.39194235005,7056.216419130427,7390.567465569673
2025-07-25 13:00:00+00:00,7310.25,7049.70090599363,6882.525382774007,7216.876429213254
2025-07-25 14:00:00+00:00,7440.0,6902.582639069555,6735.407115849932,7069.758162289178
2025-07-25 15:00:00+00:00,7363.5,6922.593017365315,6755.417494145692,7089.768540584939
2025-07-25 16:00:00+00:00,7261.5,6915.158336011295,6747.982812791673,7082.333859230919
2025-07-25 17:00:00+00:00,7121.0,6839.4096493269935,6672.234126107371,7006.585172546616
2025-07-25 18:00:00+00:00,6744.25,6587.0311988373915,6419.855675617769,6754.206722057014
2025-07-25 19:00:00+00:00,6568.0,6349.980714201577,6182.805190981954,6517.156237421201
2025-07-25 20:00:00+00:00,6173.75,5876.412018202926,5709.236494983304,6043.58754142255
2025-07-25 21:00:00+00:00,5769.75,5440.697415726856,5273.521892507232,5607.872938946479
2025-07-25 22:00:00+00:00,5462.25,5040.487624343918,4873.312101124295,5207.66314756354
2025-07-25 23:00:00+00:00,5167.5,4720.610972518605,4553.435449298981,4887.786495738228
2025-07-26 00:00:00+00:00,4983.75,4500.445218495914,4333.269695276291,4667.620741715537
2025-07-26 01:00:00+00:00,4925.25,4346.158252129937,4178.982728910313,4513.33377534956
2025-07-26 02:00:00+00:00,4867.25,4310.797308421445,4143.621785201822,4477.972831641068
2025-07-26 03:00:00+00:00,4902.25,4434.689801035753,4267.51427781613,4601.8653242553755
2025-07-26 04:00:00+00:00,5092.0,4636.942971330193,4469.76744811057,4804.118494549816
2025-07-26 05:00:00+00:00,5623.75,4921.927296373582,4754.751773153958,5089.102819593205
2025-07-26 06:00:00+00:00,6013.75,5292.230482771254,5125.054959551631,5459.406005990877
2025-07-26 07:00:00+00:00,6128.25,5615.353090887299,5448.177567667676,5782.528614106922
2025-07-26 08:00:00+00:00,6162.25,5923.461583904174,5756.286060684551,6090.637107123797
2025-07-26 09:00:00+00:00,6034.5,5878.943481668026,5711.767958448403,6046.11900488765
2025-07-26 10:00:00+00:00,5684.0,5728.549423833229,5561.373900613606,5895.724947052852
2025-07-26 11:00:00+00:00,5821.0,5507.148630796733,5339.973107577111,5674.324154016357
2025-07-26 12:00:00+00:00,5793.0,5299.681563883744,5132.5060406641205,5466.857087103367
2025-07-26 13:00:00+00:00,5680.25,5144.252938351232,4977.077415131608,5311.428461570855
2025-07-26 14:00:00+00:00,5318.25,5170.868100233194,5003.692577013571,5338.043623452817
2025-07-26 15:00:00+00:00,5878.25,5292.536505640332,5125.360982420709,5459.712028859954
2025-07-26 16:00:00+00:00,5967.25,5357.271221872956,5190.095698653333,5524.4467450925795
2025-07-26 17:00:00+00:00,5901.5,5342.5516306458285,5175.376107426205,5509.727153865451
2025-07-26 18:00:00+00:00,5654.0,5251.474830896549,5084.299307676926,5418.650354116172
2025-07-26 19:00:00+00:00,5597.75,5201.832137625292,5034.656614405669,5369.007660844914
2025-07-26 20:00:00+00:00,5313.5,4998.666575206682,4831.491051987059,5165.842098426306
2025-07-26 21:00:00+00:00,4983.0,4713.554661782458,4546.379138562836,4880.730185002081
2025-07-26 22:00:00+00:00,4583.0,4396.2361422622835,4229.06061904266,4563.411665481906
2025-07-26 23:00:00+00:00,4327.5,4151.72369103089,3984.5481678112674,4318.899214250514
2025-07-27 00:00:00+00:00,4200.75,3964.700654334576,3797.5251311149527,4131.876177554199
2025-07-27 01:00:00+00:00,4197.25,3855.7640498187598,3688.5885265991365,4022.939573038383
2025-07-27 02:00:00+00:00,4182.0,3834.4010908996192,3667.225567679996,4001.576614119242
2025-07-27 03:00:00+00:00,4231.0,3876.2680250202397,3709.0925018006164,4043.4435482398626
2025-07-27 04:00:00+00:00,4298.75,3939.0818769805664,3771.906353760943,4106.257400200189
2025-07-27 05:00:00+00:00,4618.25,4166.604719903256,3999.429196683633,4333.780243122879
2025-07-27 06:00:00+00:00,5069.25,4427.936454242805,4260.760931023181,4595.111977462428
2025-07-27 07:00:00+00:00,5302.75,4710.34771014264,4543.172186923017,4877.5232333622625
2025-07-27 08:00:00+00:00,5312.75,5012.7529920796405,4845.577468860018,5179.928515299263
2025-07-27 09:00:00+00:00,5216.5,5183.264125698794,5016.088602479171,5350.439648918416
2025-07-27 10:00:00+00:00,5396.5,5121.406208113688,4954.230684894064,5288.581731333311
2025-07-27 11:00:00+00:00,5385.75,4961.606601642418,4794.4310784227955,5128.782124862042
2025-07-27 12:00:00+00:00,5104.0,4843.780964475711,4676.605441256087,5010.956487695334
2025-07-27 13:00:00+00:00,4980.25,4786.319744283949,4619.144221064326,4953.495267503572
2025-07-27 14:00:00+00:00,5208.0,4814.58580361343,4647.410280393806,4981.761326833052
2025-07-27 15:00:00+00:00,5538.75,5026.8473476241015,4859.671824404478,5194.022870843724
2025-07-27 16:00:00+00:00,5568.5,5204.649168889484,5037.473645669861,5371.824692109108
2025-07-27 17:00:00+00:00,5663.25,5243.611924854065,5076.4364016344425,5410.787448073689
2025-07-27 18:00:00+00:00,5580.0,5191.547922910059,5024.372399690436,5358.723446129682
2025-07-27 19:00:00+00:00,5576.5,5219.668687479703,5052.49316426008,5386.844210699326
2025-07-27 20:00:00+00:00,5408.5,5205.3742984280525,5038.19877520843,5372.549821647675
2025-07-27 21:00:00+00:00,5123.75,5065.366070416973,4898.1905471973505,5232.541593636597
2025-07-27 22:00:00+00:00,4889.5,4767.676992701006,4600.5014694813835,4934.852515920629
2025-07-27 23:00:00+00:00,4719.25,4460.082250909225,4292.906727689602,4627.257774128849
2025-07-28 00:00:00+00:00,4639.25,4585.349369477888,4418.173846258265,4752.524892697512
2025-07-28 01:00:00+00:00,4666.25,4567.908588273751,4400.733065054128,4735.084111493374
2025-07-28 02:00:00+00:00,4821.0,4696.3526799973015,4529.177156777678,4863.528203216924
2025-07-28 03:00:00+00:00,5434.5,5244.298669215905,5077.123145996281,5411.474192435528
2025-07-28 04:00:00+00:00,6514.0,6304.491412267823,6137.315889048199,6471.666935487446
2025-07-28 05:00:00+00:00,7425.25,7099.148364287327,6931.972841067704,7266.323887506951
2025-07-28 06:00:00+00:00,7923.5,7625.778498604863,7458.60297538524,7792.954021824486
2025-07-28 07:00:00+00:00,7921.75,7800.430461809005,7633.254938589382,7967.605985028627
2025-07-28 08:00:00+00:00,8228.5,7908.595779644202,7741.420256424578,8075.7713028638245
2025-07-28 09:00:00+00:00,8398.5,7964.770232088277,7797.594708868654,8131.945755307901
2025-07-28 10:00:00+00:00,8182.75,7836.352501435555,7669.176978215931,8003.528024655177
2025-07-28 11:00:00+00:00,7816.0,7692.807523522403,7525.63200030278,7859.983046742027
2025-07-28 12:00:00+00:00,7653.0,7487.715876788927,7320.540353569304,7654.89140000855
2025-07-28 13:00:00+00:00,7574.75,7322.6934250100785,7155.517901790456,7489.868948229702
2025-07-28 14:00:00+00:00,7357.0,7149.793770486134,6982.618247266511,7316.969293705757
2025-07-28 15:00:00+00:00,7304.0,7145.422932706952,6978.24740948733,7312.598455926576
2025-07-28 16:00:00+00:00,7188.75,7144.4829280528165,6977.307404833194,7311.65845127244
2025-07-28 17:00:00+00:00,7156.0,7089.562637791446,6922.387114571823,7256.73816101107
2025-07-28 18:00:00+00:00,6865.0,6880.132198309738,6712.956675090115,7047.3077215293615
2025-07-28 19:00:00+00:00,6761.0,6633.729472883317,6466.553949663694,6800.9049961029405
2025-07-28 20:00:00+00:00,6237.75,6251.522349220414,6084.34682600079,6418.697872440037
2025-07-28 21:00:00+00:00,5814.5,5868.018582150138,5700.843058930515,6035.194105369762
2025-07-28 22:00:00+00:00,5529.0,5423.327653338236,5256.152130118612,5590.503176557859
2025-07-28 23:00:00+00:00,5277.5,5083.923466128639,4916.747942909016,5251.098989348262
2025-07-29 00:00:00+00:00,5157.0,4919.347166212154,4752.171642992531,5086.522689431777
2025-07-29 01:00:00+00:00,5194.75,4920.889562126891,4753.714038907268,5088.065085346515
2025-07-29 02:00:00+00:00,5298.5,5025.567028087815,4858.391504868191,5192.742551307438
2025-07-29 03:00:00+00:00,5777.25,5507.66070789832,5340.485184678696,5674.836231117943
2025-07-29 04:00:00+00:00,6834.5,6571.951113513695,6404.775590294073,6739.126636733318
2025-07-29 05:00:00+00:00,7715.75,7348.618634342608,7181.443111122985,7515.794157562232
2025-07-29 06:00:00+00:00,8281.0,7833.7440745532485,7666.568551333625,8000.919597772871
2025-07-29 07:00:00+00:00,8197.25,7949.542937356348,7782.367414136725,8116.718460575971
2025-07-29 08:00:00+00:00,8027.25,7979.608757765039,7812.433234545415,8146.784280984662
2025-07-29 09:00:00+00:00,7902.75,7900.5913408714505,7733.415817651827,8067.766864091073
2025-07-29 10:00:00+00:00,7648.5,7694.137579074109,7526.962055854487,7861.313102293733
2025-07-29 11:00:00+00:00,7578.25,7504.330101354947,7337.154578135324,7671.50562457457
2025-07-29 12:00:00+00:00,7095.0,7339.395274881714,7172.219751662091,7506.570798101337
2025-07-29 13:00:00+00:00,6759.25,7142.194771590247,6975.019248370623,7309.37029480987
2025-07-29 14:00:00+00:00,6926.75,7016.692621410778,6849.517098191155,7183.868144630402
2025-07-29 15:00:00+00:00,7271.75,7027.893922669864,6860.718399450241,7195.069445889487
2025-07-29 16:00:00+00:00,7111.0,7061.054625297533,6893.87910207791,7228.230148517156
2025-07-29 17:00:00+00:00,7154.5,7042.139667846994,6874.964144627371,7209.3151910666165
2025-07-29 18:00:00+00:00,7150.25,6831.221031638093,6664.0455084184705,6998.396554857716
2025-07-29 19:00:00+00:00,6950.0,6645.846404388787,6478.670881169164,6813.021927608411
2025-07-29 20:00:00+00:00,6470.0,6275.236231029325,6108.060707809702,6442.4117542489485
2025-07-29 21:00:00+00:00,5903.25,5882.679610215453,5715.504086995829,6049.855133435076
2025-07-29 22:00:00+00:00,5590.0,5429.671633967789,5262.496110748165,5596.8471571874115
2025-07-29 23:00:00+00:00,5337.25,5081.548764984737,4914.3732417651145,5248.724288204361
2025-07-30 00:00:00+00:00,5288.5,4917.712692458724,4750.537169239101,5084.8882156783475
2025-07-30 01:00:00+00:00,5300.75,4920.475602150889,4753.3000789312655,5087.651125370512
2025-07-30 02:00:00+00:00,5370.0,5018.6217336945665,4851.446210474944,5185.797256914189
2025-07-30 03:00:00+00:00,5763.25,5506.128139908846,5338.952616689222,5673.3036631284685
2025-07-30 04:00:00+00:00,6799.0,6593.1464501508435,6425.970926931221,6760.321973370466
2025-07-30 05:00:00+00:00,7700.25,7412.1639782472375,7244.988455027615,7579.33950146686
2025-07-30 06:00:00+00:00,8302.5,7882.130553373786,7714.955030154162,8049.306076593409
2025-07-30 07:00:00+00:00,8590.0,8005.419936455568,7838.244413235945,8172.595459675191
2025-07-30 08:00:00+00:00,8555.75,8211.112777360588,8043.937254140964,8378.28830058021
2025-07-30 09:00:00+00:00,8705.25,8261.91140919564,8094.735885976016,8429.086932415263
2025-07-30 10:00:00+00:00,8416.5,8119.094583966974,7951.91906074735,8286.270107186598
2025-07-30 11:00:00+00:00,8280.0,7960.393195998722,7793.217672779099,8127.568719218346
2025-07-30 12:00:00+00:00,7899.5,7758.311374573654,7591.135851354031,7925.4868977932765
2025-07-30 13:00:00+00:00,7571.25,7586.650224139587,7419.474700919965,7753.82574735921
2025-07-30 14:00:00+00:00,7234.5,7416.960427963676,7249.784904744053,7584.1359511833
2025-07-30 15:00:00+00:00,7083.0,7365.799678573609,7198.624155353986,7532.975201793232
2025-07-30 16:00:00+00:00,7218.75,7320.895817743079,7153.720294523456,7488.071340962702
2025-07-30 17:00:00+00:00,7065.5,7257.122511764332,7089.946988544708,7424.2980349839545
2025-07-30 18:00:00+00:00,6941.25,7000.921650334849,6833.746127115226,7168.097173554473
2025-07-30 19:00:00+00:00,6835.75,6768.754138778596,6601.578615558973,6935.92966199822
2025-07-30 20:00:00+00:00,6405.75,6426.443994135979,6259.268470916356,6593.619517355602
2025-07-30 21:00:00+00:00,5837.5,6027.4741011454635,5860.298577925841,6194.649624365086
2025-07-30 22:00:00+00:00,5443.0,5602.567613257387,5435.392090037764,5769.74313647701
2025-07-30 23:00:00+00:00,5231.25,5251.469538626913,5084.294015407289,5418.645061846536
2025-07-31 00:00:00+00:00,5132.75,5071.943346259443,4904.7678230398205,5239.118869479066
2025-07-31 01:00:00+00:00,5101.5,5040.760771745767,4873.585248526144,5207.93629496539
2025-07-31 02:00:00+00:00,5181.25,5113.116742752111,4945.9412195324885,5280.292265971735
2025-07-31 03:00:00+00:00,5632.25,5588.548178602846,5421.372655383222,5755.723701822469
2025-07-31 04:00:00+00:00,6504.5,6644.829627018884,6477.654103799261,6812.005150238507
2025-07-31 05:00:00+00:00,7438.25,7425.811855438537,7258.636332218914,7592.98737865816
2025-07-31 06:00:00+00:00,7882.75,7840.4817919766665,7673.306268757044,8007.657315196289
2025-07-31 07:00:00+00:00,7858.5,7944.0860973035515,7776.910574083928,8111.261620523174
2025-07-31 08:00:00+00:00,7780.5,7985.337252413772,7818.161729194148,8152.512775633395
2025-07-31 09:00:00+00:00,7730.25,7932.581245631953,7765.405722412329,8099.7567688515755
2025-07-31 10:00:00+00:00,8077.25,7746.502517473993,7579.32699425437,7913.678040693616
2025-07-31 11:00:00+00:00,8063.5,7556.723718318379,7389.548195098755,7723.899241538002
2025-07-31 12:00:00+00:00,7505.5,7401.262480618689,7234.086957399066,7568.4380038383115
2025-07-31 13:00:00+00:00,7171.0,7258.129581869462,7090.954058649839,7425.3051050890845
2025-07-31 14:00:00+00:00,6829.75,7108.174656169142,6940.999132949518,7275.350179388764
2025-07-31 15:00:00+00:00,6801.75,7111.447721783755,6944.272198564132,7278.623245003378
2025-07-31 16:00:00+00:00,6903.75,7114.563973444823,6947.388450225199,7281.739496664446
2025-07-31 17:00:00+00:00,7196.75,7067.512729657368,6900.337206437745,7234.688252876992
2025-07-31 18:00:00+00:00,7018.0,6864.085522195353,6696.909998975731,7031.261045414977
2025-07-31 19:00:00+00:00,6848.25,6631.553782035508,6464.378258815886,6798.729305255132
2025-07-31 20:00:00+00:00,6415.25,6152.246454792026,5985.070931572403,6319.42197801165
2025-07-31 21:00:00+00:00,6002.5,5700.1035584441715,5532.928035224548,5867.279081663794
2025-07-31 22:00:00+00:00,5585.5,5319.112877977171,5151.937354757547,5486.2884011967935
2025-07-31 23:00:00+00:00,5247.0,4997.5126660928345,4830.337142873212,5164.688189312457
2025-08-01 00:00:00+00:00,5357.25,4821.7210865225425,4654.545563302919,4988.896609742165
2025-08-01 01:00:00+00:00,5321.75,4798.593618177685,4631.418094958062,4965.769141397308
2025-08-01 02:00:00+00:00,5385.75,4909.646201566072,4742.470678346448,5076.821724785695
2025-08-01 03:00:00+00:00,5870.0,5329.360269877218,5162.1847466575955,5496.535793096842
2025-08-01 04:00:00+00:00,6687.25,6212.640086388013,6045.46456316839,6379.815609607635
2025-08-01 05:00:00+00:00,7378.25,6992.638250842574,6825.462727622951,7159.813774062197
2025-08-01 06:00:00+00:00,8010.0,7457.671032705534,7290.4955094859115,7624.846555925158
2025-08-01 07:00:00+00:00,7831.25,7632.9041230459525,7465.72859982633,7800.079646265576
2025-08-01 08:00:00+00:00,7713.25,7713.729649536851,7546.554126317228,7880.905172756475
2025-08-01 09:00:00+00:00,7471.5,7665.925556682821,7498.750033463198,7833.101079902444
2025-08-01 10:00:00+00:00,7508.75,7433.997802704621,7266.822279484997,7601.173325924244
2025-08-01 11:00:00+00:00,7629.0,7241.409282301407,7074.233759081784,7408.584805521031
2025-08-01 12:00:00+00:00,6730.0,7019.202671351948,6852.027148132325,7186.378194571572
2025-08-01 13:00:00+00:00,6567.25,6853.9585742117815,6686.783050992158,7021.134097431404
2025-08-01 14:00:00+00:00,6720.5,6721.019180812851,6553.843657593227,6888.194704032474
2025-08-01 15:00:00+00:00,6924.5,6755.989071856016,6588.8135486363935,6923.16459507564
2025-08-01 16:00:00+00:00,6886.0,6753.813259912397,6586.637736692774,6920.98878313202
2025-08-01 17:00:00+00:00,6778.0,6637.500396056065,6470.3248728364415,6804.675919275688
2025-08-01 18:00:00+00:00,6547.5,6343.671559690686,6176.496036471063,6510.847082910309
2025-08-01 19:00:00+00:00,6305.0,6156.962393617287,5989.786870397664,6324.137916836909
2025-08-01 20:00:00+00:00,5821.75,5740.209145688118,5573.033622468494,5907.384668907741
2025-08-01 21:00:00+00:00,5424.75,5318.137381437723,5150.9618582181,5485.312904657346
2025-08-01 22:00:00+00:00,5079.5,4963.674597619862,4796.499074400239,5130.850120839485
2025-08-01 23:00:00+00:00,4772.5,4684.892748813943,4517.71722559432,4852.068272033566
2025-08-02 00:00:00+00:00,4611.75,4465.67771914926,4298.502195929637,4632.853242368883
2025-08-02 01:00:00+00:00,4600.25,4334.1551042136325,4166.97958099401,4501.330627433255
2025-08-02 02:00:00+00:00,4551.75,4316.576157505058,4149.400634285435,4483.751680724681
2025-08-02 03:00:00+00:00,4630.75,4452.675551226177,4285.500028006553,4619.8510744458
2025-08-02 04:00:00+00:00,4803.0,4629.641886161573,4462.466362941949,4796.817409381196
2025-08-02 05:00:00+00:00,5153.75,4939.9955369543,4772.820013734678,5107.171060173923
2025-08-02 06:00:00+00:00,5525.0,5316.536455206139,5149.360931986516,5483.711978425763
2025-08-02 07:00:00+00:00,5817.5,5677.089903318522,5509.914380098899,5844.265426538145
2025-08-02 08:00:00+00:00,6143.25,6022.110755930058,5854.935232710435,6189.286279149681
2025-08-02 09:00:00+00:00,6318.0,6067.311246837646,5900.135723618023,6234.4867700572695
2025-08-02 10:00:00+00:00,6069.5,6026.666194091699,5859.4906708720755,6193.841717311322
2025-08-02 11:00:00+00:00,5617.5,5812.154994201531,5644.979470981907,5979.330517421154
2025-08-02 12:00:00+00:00,5251.75,5587.5362791930365,5420.360755973414,5754.711802412659
2025-08-02 13:00:00+00:00,5597.75,5406.435046328962,5239.259523109338,5573.610569548585
2025-08-02 14:00:00+00:00,5417.75,5326.708797197329,5159.533273977706,5493.884320416952
2025-08-02 15:00:00+00:00,5408.25,5468.224697073301,5301.049173853678,5635.400220292924
2025-08-02 16:00:00+00:00,5237.5,5578.069353910713,5410.89383069109,5745.244877130336
2025-08-02 17:00:00+00:00,5281.0,5568.816793803833,5401.641270584209,5735.992317023456
2025-08-02 18:00:00+00:00,5206.75,5436.70541824592,5269.529895026297,5603.8809414655425
2025-08-02 19:00:00+00:00,5229.25,5301.635979253512,5134.460456033889,5468.811502473136
2025-08-02 20:00:00+00:00,4943.0,5060.274225906006,4893.098702686383,5227.44974912563
2025-08-02 21:00:00+00:00,4684.25,4740.612121381561,4573.436598161938,4907.787644601184
2025-08-02 22:00:00+00:00,4372.5,4417.136541876882,4249.961018657259,4584.312065096505
2025-08-02 23:00:00+00:00,4250.0,4186.901887948295,4019.7263647286713,4354.077411167918
2025-08-03 00:00:00+00:00,4136.75,4013.167484092102,3845.9919608724786,4180.343007311725
2025-08-03 01:00:00+00:00,4083.75,3959.295823397989,3792.1203001783656,4126.471346617613
2025-08-03 02:00:00+00:00,4142.5,3937.088217978267,3769.912694758644,4104.26374119789
2025-08-03 03:00:00+00:00,4146.75,3964.3587077651177,3797.1831845454944,4131.53423098474
2025-08-03 04:00:00+00:00,4201.0,4035.061707769905,3867.886184550282,4202.237230989528
2025-08-03 05:00:00+00:00,4477.0,4290.110107545774,4122.934584326151,4457.285630765397
2025-08-03 06:00:00+00:00,4712.25,4594.580932371709,4427.405409152086,4761.756455591332
2025-08-03 07:00:00+00:00,5004.25,4926.128665277809,4758.953142058186,5093.304188497433
2025-08-03 08:00:00+00:00,5243.5,5216.650907583752,5049.475384364128,5383.826430803375
2025-08-03 09:00:00+00:00,5574.25,5437.04537098023,5269.869847760607,5604.220894199852
2025-08-03 10:00:00+00:00,5019.0,5343.890911665846,5176.715388446223,5511.066434885469
2025-08-03 11:00:00+00:00,4778.75,5158.574995641974,4991.39947242235,5325.750518861597
2025-08-03 12:00:00+00:00,4779.5,4991.299298683936,4824.123775464313,5158.47482190356
2025-08-03 13:00:00+00:00,4636.0,4845.863895770581,4678.688372550958,5013.039418990204
2025-08-03 14:00:00+00:00,4748.75,4876.330691417606,4709.155168197983,5043.506214637229
2025-08-03 15:00:00+00:00,4791.5,5069.688949121494,4902.5134259018705,5236.864472341117
2025-08-03 16:00:00+00:00,5128.5,5276.46509949169,5109.289576272067,5443.640622711313
2025-08-03 17:00:00+00:00,5168.25,5321.61982034621,5154.444297126587,5488.795343565834
2025-08-03 18:00:00+00:00,5193.75,5316.526738561862,5149.351215342239,5483.7022617814855
2025-08-03 19:00:00+00:00,5288.5,5295.47494087432,5128.299417654697,5462.650464093944
2025-08-03 20:00:00+00:00,5117.75,5151.009369630752,4983.833846411129,5318.184892850375
2025-08-03 21:00:00+00:00,4910.0,4887.942823996767,4720.767300777144,5055.11834721639
2025-08-03 22:00:00+00:00,4681.5,4596.077411311946,4428.901888092323,4763.252934531569
2025-08-03 23:00:00+00:00,4420.0,4352.843217383997,4185.667694164374,4520.01874060362
