date,gas_50hz_actual,hard_coal_50hz_actual,lignite_50hz_actual,renewables_50hz_actual,gas_50hz_fitted,hard_coal_50hz_fitted,lignite_50hz_fitted,renewables_50hz_fitted,gas_50hz_lower,hard_coal_50hz_lower,lignite_50hz_lower,renewables_50hz_lower,gas_50hz_upper,hard_coal_50hz_upper,lignite_50hz_upper,renewables_50hz_upper
2025-02-08 00:00:00+00:00,,,,,1757.3331250668748,483.543746192091,4262.381268973577,350.6654838943625,1487.619174107143,451.3622569444444,4622.549603174602,516.1400446428571,1487.619174107143,451.3622569444444,4622.549603174602,516.1400446428571
2025-02-08 01:00:00+00:00,,,,,1773.93622041634,485.72122851785616,4242.608387327626,364.9285008228031,1487.619174107143,451.3622569444444,4622.549603174602,516.1400446428571,1487.619174107143,451.3622569444444,4622.549603174602,516.1400446428571
2025-02-08 02:00:00+00:00,,,,,1783.5227666539224,487.2129502585765,4270.875781982134,379.1915177512436,1487.619174107143,451.3622569444444,4622.549603174602,516.1400446428571,1487.619174107143,451.3622569444444,4622.549603174602,516.1400446428571
2025-02-08 03:00:00+00:00,,,,,1781.901767686993,487.010769064735,4232.567552818403,393.4545346796841,1487.619174107143,451.3622569444444,4622.549603174602,516.1400446428571,1487.619174107143,451.3622569444444,4622.549603174602,516.1400446428571
2025-02-08 04:00:00+00:00,,,,,1785.1026484562792,487.2786996800388,4270.6183800257295,407.71755160812467,1487.619174107143,451.3622569444444,4622.549603174602,516.1400446428571,1487.619174107143,451.3622569444444,4622.549603174602,516.1400446428571
2025-02-08 05:00:00+00:00,,,,,1797.1367777781193,488.13155191723314,4378.217803572141,421.9805685365652,1487.619174107143,451.3622569444444,4622.549603174602,516.1400446428571,1487.619174107143,451.3622569444444,4622.549603174602,516.1400446428571
2025-02-08 06:00:00+00:00,,,,,1797.0291000578509,487.84547908437537,4551.2545098759065,436.2435854650057,1487.619174107143,451.3622569444444,4622.549603174602,516.1400446428571,1487.619174107143,451.3622569444444,4622.549603174602,516.1400446428571
2025-02-08 07:00:00+00:00,,,,,1811.1938727574106,489.7818708852075,4537.47318201801,450.5066023934462,1487.619174107143,451.3622569444444,4622.549603174602,516.1400446428571,1487.619174107143,451.3622569444444,4622.549603174602,516.1400446428571
2025-02-08 08:00:00+00:00,,,,,1805.5724165742968,488.51573663024993,4457.721965471153,464.76961932188675,1487.619174107143,451.3622569444444,4622.549603174602,516.1400446428571,1487.619174107143,451.3622569444444,4622.549603174602,516.1400446428571
2025-02-08 09:00:00+00:00,,,,,1775.3880498561543,482.85236117689453,4426.0849472059135,479.03263625032724,1487.619174107143,451.3622569444444,4622.549603174602,516.1400446428571,1487.619174107143,451.3622569444444,4622.549603174602,516.1400446428571
2025-02-08 10:00:00+00:00,,,,,1738.816664137114,476.6533274426379,4336.94236130371,493.2956531787678,1487.619174107143,451.3622569444444,4622.549603174602,516.1400446428571,1487.619174107143,451.3622569444444,4622.549603174602,516.1400446428571
2025-02-08 11:00:00+00:00,,,,,1684.6663955138565,468.6643995151942,4285.330604062402,507.55867010720834,1487.619174107143,451.3622569444444,4622.549603174602,516.1400446428571,1487.619174107143,451.3622569444444,4622.549603174602,516.1400446428571
2025-02-08 12:00:00+00:00,,,,,1665.6977002323367,465.41275651156633,4204.060282069145,521.8216870356489,1487.619174107143,451.3622569444444,4622.549603174602,516.1400446428571,1487.619174107143,451.3622569444444,4622.549603174602,516.1400446428571
2025-02-08 13:00:00+00:00,,,,,1667.195606991329,465.0438470614923,4396.890568254836,536.0847039640894,1487.619174107143,451.3622569444444,4622.549603174602,516.1400446428571,1487.619174107143,451.3622569444444,4622.549603174602,516.1400446428571
2025-02-08 14:00:00+00:00,,,,,1686.6537015072631,467.0546553466429,4559.751394356915,550.3477208925299,1487.619174107143,451.3622569444444,4622.549603174602,516.1400446428571,1487.619174107143,451.3622569444444,4622.549603174602,516.1400446428571
2025-02-08 15:00:00+00:00,,,,,1710.5436437315873,469.610862869818,4698.19396430948,564.6107378209704,1487.619174107143,451.3622569444444,4622.549603174602,516.1400446428571,1487.619174107143,451.3622569444444,4622.549603174602,516.1400446428571
2025-02-08 16:00:00+00:00,,,,,1737.4844341458431,472.79740724089635,4820.888265137953,578.873754749411,1487.619174107143,451.3622569444444,4622.549603174602,516.1400446428571,1487.619174107143,451.3622569444444,4622.549603174602,516.1400446428571
2025-02-08 17:00:00+00:00,,,,,1766.400464894439,476.97731953485777,4859.6387985757565,593.1367716778515,1487.619174107143,451.3622569444444,4622.549603174602,516.1400446428571,1487.619174107143,451.3622569444444,4622.549603174602,516.1400446428571
2025-02-08 18:00:00+00:00,,,,,1784.673578098888,480.33770610421647,4853.647554851342,607.399788606292,1487.619174107143,451.3622569444444,4622.549603174602,516.1400446428571,1487.619174107143,451.3622569444444,4622.549603174602,516.1400446428571
2025-02-08 19:00:00+00:00,,,,,1796.8598043979844,482.05201857999054,4835.699275286866,621.6628055347325,1487.619174107143,451.3622569444444,4622.549603174602,516.1400446428571,1487.619174107143,451.3622569444444,4622.549603174602,516.1400446428571
2025-02-08 20:00:00+00:00,,,,,1804.815317469437,484.1119111967318,4817.088278878038,635.9258224631731,1487.619174107143,451.3622569444444,4622.549603174602,516.1400446428571,1487.619174107143,451.3622569444444,4622.549603174602,516.1400446428571
2025-02-08 21:00:00+00:00,,,,,1811.3278635892646,485.55711537468886,4819.747308784538,650.1888393916136,1487.619174107143,451.3622569444444,4622.549603174602,516.1400446428571,1487.619174107143,451.3622569444444,4622.549603174602,516.1400446428571
2025-02-08 22:00:00+00:00,,,,,1805.1031404185708,485.28213161702354,4815.959524698717,664.451856320054,1487.619174107143,451.3622569444444,4622.549603174602,516.1400446428571,1487.619174107143,451.3622569444444,4622.549603174602,516.1400446428571
2025-02-08 23:00:00+00:00,,,,,1805.9357767591905,486.1396076788935,4765.0813974205985,678.7148732484947,1487.619174107143,451.3622569444444,4622.549603174602,516.1400446428571,1487.619174107143,451.3622569444444,4622.549603174602,516.1400446428571
2025-02-09 00:00:00+00:00,,,,,1779.3389746732983,485.6021579750307,4735.594679590134,350.6654838943625,1487.619174107143,451.3622569444444,4622.549603174602,516.1400446428571,1487.619174107143,451.3622569444444,4622.549603174602,516.1400446428571
2025-02-09 01:00:00+00:00,,,,,1778.0433953552288,485.1567308907411,4712.118157838096,364.9285008228031,1487.619174107143,451.3622569444444,4622.549603174602,516.1400446428571,1487.619174107143,451.3622569444444,4622.549603174602,516.1400446428571
2025-02-09 02:00:00+00:00,,,,,1782.192280169824,486.0208733109131,4683.08479337761,379.1915177512436,1487.619174107143,451.3622569444444,4622.549603174602,516.1400446428571,1487.619174107143,451.3622569444444,4622.549603174602,516.1400446428571
2025-02-09 03:00:00+00:00,,,,,1789.379670256789,486.8974114766227,4697.905703610376,393.4545346796841,1487.619174107143,451.3622569444444,4622.549603174602,516.1400446428571,1487.619174107143,451.3622569444444,4622.549603174602,516.1400446428571
2025-02-09 04:00:00+00:00,,,,,1795.1156771165993,487.91781844288994,4672.757586315802,407.71755160812467,1487.619174107143,451.3622569444444,4622.549603174602,516.1400446428571,1487.619174107143,451.3622569444444,4622.549603174602,516.1400446428571
2025-02-09 05:00:00+00:00,,,,,1816.6539349130867,490.04819584657383,4666.63848710113,421.9805685365652,1487.619174107143,451.3622569444444,4622.549603174602,516.1400446428571,1487.619174107143,451.3622569444444,4622.549603174602,516.1400446428571
2025-02-09 06:00:00+00:00,,,,,1839.6259953510248,492.37248562230707,4762.696019055917,436.2435854650057,1487.619174107143,451.3622569444444,4622.549603174602,516.1400446428571,1487.619174107143,451.3622569444444,4622.549603174602,516.1400446428571
2025-02-09 07:00:00+00:00,,,,,1843.1901901224066,493.2915926015749,4775.331138746355,450.5066023934462,1487.619174107143,451.3622569444444,4622.549603174602,516.1400446428571,1487.619174107143,451.3622569444444,4622.549603174602,516.1400446428571
2025-02-09 08:00:00+00:00,,,,,1838.1512940598373,491.4721514266294,4797.545927822988,464.76961932188675,1487.619174107143,451.3622569444444,4622.549603174602,516.1400446428571,1487.619174107143,451.3622569444444,4622.549603174602,516.1400446428571
2025-02-09 09:00:00+00:00,,,,,1835.6041736821571,490.0091305403802,4790.631654986528,479.03263625032724,1487.619174107143,451.3622569444444,4622.549603174602,516.1400446428571,1487.619174107143,451.3622569444444,4622.549603174602,516.1400446428571
2025-02-09 10:00:00+00:00,,,,,1801.0185078051004,484.06862115494914,4698.494206325804,493.2956531787678,1487.619174107143,451.3622569444444,4622.549603174602,516.1400446428571,1487.619174107143,451.3622569444444,4622.549603174602,516.1400446428571
2025-02-09 11:00:00+00:00,,,,,1748.4116711298302,476.7416026283277,4628.652647638977,507.55867010720834,1487.619174107143,451.3622569444444,4622.549603174602,516.1400446428571,1487.619174107143,451.3622569444444,4622.549603174602,516.1400446428571
2025-02-09 12:00:00+00:00,,,,,1719.2233253897189,472.3777019351201,4567.542254708271,521.8216870356489,1487.619174107143,451.3622569444444,4622.549603174602,516.1400446428571,1487.619174107143,451.3622569444444,4622.549603174602,516.1400446428571
2025-02-09 13:00:00+00:00,,,,,1697.494764531216,468.5208459344665,4583.845283521568,536.0847039640894,1487.619174107143,451.3622569444444,4622.549603174602,516.1400446428571,1487.619174107143,451.3622569444444,4622.549603174602,516.1400446428571
2025-02-09 14:00:00+00:00,,,,,1714.724194267529,470.67402629316484,4627.074065899338,550.3477208925299,1487.619174107143,451.3622569444444,4622.549603174602,516.1400446428571,1487.619174107143,451.3622569444444,4622.549603174602,516.1400446428571
2025-02-09 15:00:00+00:00,,,,,1735.9708080452801,473.2621138990594,4793.300787789006,564.6107378209704,1487.619174107143,451.3622569444444,4622.549603174602,516.1400446428571,1487.619174107143,451.3622569444444,4622.549603174602,516.1400446428571
2025-02-09 16:00:00+00:00,,,,,1778.6227887017258,478.79914982169583,4874.0355289481495,578.873754749411,1487.619174107143,451.3622569444444,4622.549603174602,516.1400446428571,1487.619174107143,451.3622569444444,4622.549603174602,516.1400446428571
2025-02-09 17:00:00+00:00,,,,,1798.6478923528298,481.7297419162064,4821.8178917072055,593.1367716778515,1487.619174107143,451.3622569444444,4622.549603174602,516.1400446428571,1487.619174107143,451.3622569444444,4622.549603174602,516.1400446428571
2025-02-09 18:00:00+00:00,,,,,1805.9192330541177,483.4138951881646,4790.339315532808,607.399788606292,1487.619174107143,451.3622569444444,4622.549603174602,516.1400446428571,1487.619174107143,451.3622569444444,4622.549603174602,516.1400446428571
2025-02-09 19:00:00+00:00,,,,,1815.697536065268,485.29622394223986,4728.564778521994,621.6628055347325,1487.619174107143,451.3622569444444,4622.549603174602,516.1400446428571,1487.619174107143,451.3622569444444,4622.549603174602,516.1400446428571
2025-02-09 20:00:00+00:00,,,,,1819.6645721101547,485.9995680802581,4654.68320026008,635.9258224631731,1487.619174107143,451.3622569444444,4622.549603174602,516.1400446428571,1487.619174107143,451.3622569444444,4622.549603174602,516.1400446428571
2025-02-09 21:00:00+00:00,,,,,1823.2271881451775,486.58736774708655,4628.089740213703,650.1888393916136,1487.619174107143,451.3622569444444,4622.549603174602,516.1400446428571,1487.619174107143,451.3622569444444,4622.549603174602,516.1400446428571
2025-02-09 22:00:00+00:00,,,,,1812.802111684449,485.70961558201225,4605.402547661636,664.451856320054,1487.619174107143,451.3622569444444,4622.549603174602,516.1400446428571,1487.619174107143,451.3622569444444,4622.549603174602,516.1400446428571
2025-02-09 23:00:00+00:00,,,,,1814.6458915294247,486.42457883557034,4540.75127340109,678.7148732484947,1487.619174107143,451.3622569444444,4622.549603174602,516.1400446428571,1487.619174107143,451.3622569444444,4622.549603174602,516.1400446428571
2025-02-10 00:00:00+00:00,,,,,1791.3075601142764,486.7190932419675,4507.220638898354,350.6654838943625,1487.619174107143,451.3622569444444,4622.549603174602,516.1400446428571,1487.619174107143,451.3622569444444,4622.549603174602,516.1400446428571
2025-02-10 01:00:00+00:00,,,,,1781.0086029864801,485.0829505306352,4476.551116181082,364.9285008228031,1487.619174107143,451.3622569444444,4622.549603174602,516.1400446428571,1487.619174107143,451.3622569444444,4622.549603174602,516.1400446428571
2025-02-10 02:00:00+00:00,,,,,1787.654698799994,485.7390587920696,4491.040367561551,379.1915177512436,1487.619174107143,451.3622569444444,4622.549603174602,516.1400446428571,1487.619174107143,451.3622569444444,4622.549603174602,516.1400446428571
2025-02-10 03:00:00+00:00,,,,,1792.5420725982908,486.0057686369166,4504.771488319245,393.4545346796841,1487.619174107143,451.3622569444444,4622.549603174602,516.1400446428571,1487.619174107143,451.3622569444444,4622.549603174602,516.1400446428571
2025-02-10 04:00:00+00:00,,,,,1812.6471043403646,487.76701050656976,4612.962212101726,407.71755160812467,1487.619174107143,451.3622569444444,4622.549603174602,516.1400446428571,1487.619174107143,451.3622569444444,4622.549603174602,516.1400446428571
2025-02-10 05:00:00+00:00,,,,,1843.9717237556924,490.87165328699854,4704.545914342738,421.9805685365652,1487.619174107143,451.3622569444444,4622.549603174602,516.1400446428571,1487.619174107143,451.3622569444444,4622.549603174602,516.1400446428571
2025-02-10 06:00:00+00:00,,,,,1870.4445143583926,493.48527192361945,4824.961446512863,436.2435854650057,1487.619174107143,451.3622569444444,4622.549603174602,516.1400446428571,1487.619174107143,451.3622569444444,4622.549603174602,516.1400446428571
2025-02-10 07:00:00+00:00,,,,,1888.3452735040662,495.70357713946345,4828.558303757142,450.5066023934462,1487.619174107143,451.3622569444444,4622.549603174602,516.1400446428571,1487.619174107143,451.3622569444444,4622.549603174602,516.1400446428571
2025-02-10 08:00:00+00:00,,,,,1884.043496828197,495.1276146232709,4805.101524852627,464.76961932188675,1487.619174107143,451.3622569444444,4622.549603174602,516.1400446428571,1487.619174107143,451.3622569444444,4622.549603174602,516.1400446428571
2025-02-10 09:00:00+00:00,,,,,1859.8816994868776,492.97574738092305,4691.149927438302,479.03263625032724,1487.619174107143,451.3622569444444,4622.549603174602,516.1400446428571,1487.619174107143,451.3622569444444,4622.549603174602,516.1400446428571
2025-02-10 10:00:00+00:00,,,,,1815.7916695926067,486.89906445499713,4525.925842551801,493.2956531787678,1487.619174107143,451.3622569444444,4622.549603174602,516.1400446428571,1487.619174107143,451.3622569444444,4622.549603174602,516.1400446428571
2025-02-10 11:00:00+00:00,,,,,1792.5097896735522,483.75789601084267,4421.909637822225,507.55867010720834,1487.619174107143,451.3622569444444,4622.549603174602,516.1400446428571,1487.619174107143,451.3622569444444,4622.549603174602,516.1400446428571
2025-02-10 12:00:00+00:00,,,,,1779.7088309378228,481.1447965250303,4368.995876456302,521.8216870356489,1487.619174107143,451.3622569444444,4622.549603174602,516.1400446428571,1487.619174107143,451.3622569444444,4622.549603174602,516.1400446428571
2025-02-10 13:00:00+00:00,,,,,1774.9172086612025,480.37430438528963,4421.03414749223,536.0847039640894,1487.619174107143,451.3622569444444,4622.549603174602,516.1400446428571,1487.619174107143,451.3622569444444,4622.549603174602,516.1400446428571
2025-02-10 14:00:00+00:00,,,,,1770.5338599406819,478.88513340677997,4539.154851206969,550.3477208925299,1487.619174107143,451.3622569444444,4622.549603174602,516.1400446428571,1487.619174107143,451.3622569444444,4622.549603174602,516.1400446428571
2025-02-10 15:00:00+00:00,,,,,1797.8686920131902,482.1332940179377,4696.5848477692325,564.6107378209704,1487.619174107143,451.3622569444444,4622.549603174602,516.1400446428571,1487.619174107143,451.3622569444444,4622.549603174602,516.1400446428571
2025-02-10 16:00:00+00:00,,,,,1834.1522735834244,486.83117453207547,4800.319285678046,578.873754749411,1487.619174107143,451.3622569444444,4622.549603174602,516.1400446428571,1487.619174107143,451.3622569444444,4622.549603174602,516.1400446428571
2025-02-10 17:00:00+00:00,,,,,1858.7106419785243,489.9956682248036,4744.286626874086,593.1367716778515,1487.619174107143,451.3622569444444,4622.549603174602,516.1400446428571,1487.619174107143,451.3622569444444,4622.549603174602,516.1400446428571
2025-02-10 18:00:00+00:00,,,,,1877.4474002116983,492.3348928791099,4689.732225772062,607.399788606292,1487.619174107143,451.3622569444444,4622.549603174602,516.1400446428571,1487.619174107143,451.3622569444444,4622.549603174602,516.1400446428571
2025-02-10 19:00:00+00:00,,,,,1871.1377421176562,492.59344289140665,4633.995069819526,621.6628055347325,1487.619174107143,451.3622569444444,4622.549603174602,516.1400446428571,1487.619174107143,451.3622569444444,4622.549603174602,516.1400446428571
2025-02-10 20:00:00+00:00,,,,,1873.3412088269693,493.6749387938568,4562.600108615923,635.9258224631731,1487.619174107143,451.3622569444444,4622.549603174602,516.1400446428571,1487.619174107143,451.3622569444444,4622.549603174602,516.1400446428571
2025-02-10 21:00:00+00:00,,,,,1863.7714107199652,493.0504253755427,4488.951125485714,650.1888393916136,1487.619174107143,451.3622569444444,4622.549603174602,516.1400446428571,1487.619174107143,451.3622569444444,4622.549603174602,516.1400446428571
2025-02-10 22:00:00+00:00,,,,,1860.3807947325563,493.5112796616862,4431.52888182338,664.451856320054,1487.619174107143,451.3622569444444,4622.549603174602,516.1400446428571,1487.619174107143,451.3622569444444,4622.549603174602,516.1400446428571
2025-02-10 23:00:00+00:00,,,,,1852.8233607654838,493.14168219595484,4370.842005957648,678.7148732484947,1487.619174107143,451.3622569444444,4622.549603174602,516.1400446428571,1487.619174107143,451.3622569444444,4622.549603174602,516.1400446428571
2025-02-11 00:00:00+00:00,,,,,1826.633049196674,493.0516822896148,4379.695566131488,350.6654838943625,1487.619174107143,451.3622569444444,4622.549603174602,516.1400446428571,1487.619174107143,451.3622569444444,4622.549603174602,516.1400446428571
2025-02-11 01:00:00+00:00,,,,,1835.0101497705105,494.4350851380823,4315.5053972235,364.9285008228031,1487.619174107143,451.3622569444444,4622.549603174602,516.1400446428571,1487.619174107143,451.3622569444444,4622.549603174602,516.1400446428571
2025-02-11 02:00:00+00:00,,,,,1845.958480100267,496.0775454099586,4347.919971759792,379.1915177512436,1487.619174107143,451.3622569444444,4622.549603174602,516.1400446428571,1487.619174107143,451.3622569444444,4622.549603174602,516.1400446428571
2025-02-11 03:00:00+00:00,,,,,1861.1133234596682,497.57932048979114,4352.040086150318,393.4545346796841,1487.619174107143,451.3622569444444,4622.549603174602,516.1400446428571,1487.619174107143,451.3622569444444,4622.549603174602,516.1400446428571
2025-02-11 04:00:00+00:00,,,,,1890.1955852564506,500.6400013205259,4432.922532582241,407.71755160812467,1487.619174107143,451.3622569444444,4622.549603174602,516.1400446428571,1487.619174107143,451.3622569444444,4622.549603174602,516.1400446428571
2025-02-11 05:00:00+00:00,,,,,1930.0053866969533,504.0052117270512,4568.510485906762,421.9805685365652,1487.619174107143,451.3622569444444,4622.549603174602,516.1400446428571,1487.619174107143,451.3622569444444,4622.549603174602,516.1400446428571
2025-02-11 06:00:00+00:00,,,,,1947.1766331920717,505.07392482695997,4689.696724966982,436.2435854650057,1487.619174107143,451.3622569444444,4622.549603174602,516.1400446428571,1487.619174107143,451.3622569444444,4622.549603174602,516.1400446428571
2025-02-11 07:00:00+00:00,,,,,1960.9749496221818,506.83277651196363,4673.05255070776,450.5066023934462,1487.619174107143,451.3622569444444,4622.549603174602,516.1400446428571,1487.619174107143,451.3622569444444,4622.549603174602,516.1400446428571
2025-02-11 08:00:00+00:00,,,,,1936.1822564222462,503.3293617290467,4593.253314032488,464.76961932188675,1487.619174107143,451.3622569444444,4622.549603174602,516.1400446428571,1487.619174107143,451.3622569444444,4622.549603174602,516.1400446428571
2025-02-11 09:00:00+00:00,,,,,1924.583622267794,501.7051654572977,4487.9258539953225,479.03263625032724,1487.619174107143,451.3622569444444,4622.549603174602,516.1400446428571,1487.619174107143,451.3622569444444,4622.549603174602,516.1400446428571
2025-02-11 10:00:00+00:00,,,,,1907.4804634304414,498.9447627348075,4372.420761999459,493.2956531787678,1487.619174107143,451.3622569444444,4622.549603174602,516.1400446428571,1487.619174107143,451.3622569444444,4622.549603174602,516.1400446428571
2025-02-11 11:00:00+00:00,,,,,1862.1336677377437,492.26681764856824,4314.70712593344,507.55867010720834,1487.619174107143,451.3622569444444,4622.549603174602,516.1400446428571,1487.619174107143,451.3622569444444,4622.549603174602,516.1400446428571
2025-02-11 12:00:00+00:00,,,,,1844.1777049089048,489.27880283532005,4364.316322406937,521.8216870356489,1487.619174107143,451.3622569444444,4622.549603174602,516.1400446428571,1487.619174107143,451.3622569444444,4622.549603174602,516.1400446428571
2025-02-11 13:00:00+00:00,,,,,1844.3787122000606,488.93309862334013,4421.163375278004,536.0847039640894,1487.619174107143,451.3622569444444,4622.549603174602,516.1400446428571,1487.619174107143,451.3622569444444,4622.549603174602,516.1400446428571
2025-02-11 14:00:00+00:00,,,,,1853.1518974528199,489.69259366551705,4545.153620310966,550.3477208925299,1487.619174107143,451.3622569444444,4622.549603174602,516.1400446428571,1487.619174107143,451.3622569444444,4622.549603174602,516.1400446428571
2025-02-11 15:00:00+00:00,,,,,1878.0599517680678,492.57699502405467,4695.558536358812,564.6107378209704,1487.619174107143,451.3622569444444,4622.549603174602,516.1400446428571,1487.619174107143,451.3622569444444,4622.549603174602,516.1400446428571
2025-02-11 16:00:00+00:00,,,,,1900.9034196220955,495.4279678948743,4802.732995080691,578.873754749411,1487.619174107143,451.3622569444444,4622.549603174602,516.1400446428571,1487.619174107143,451.3622569444444,4622.549603174602,516.1400446428571
2025-02-11 17:00:00+00:00,,,,,1921.4476478102001,498.1813287156842,4788.813464498911,593.1367716778515,1487.619174107143,451.3622569444444,4622.549603174602,516.1400446428571,1487.619174107143,451.3622569444444,4622.549603174602,516.1400446428571
2025-02-11 18:00:00+00:00,,,,,1931.2484257844928,499.7855591654553,4780.650993406191,607.399788606292,1487.619174107143,451.3622569444444,4622.549603174602,516.1400446428571,1487.619174107143,451.3622569444444,4622.549603174602,516.1400446428571
2025-02-11 19:00:00+00:00,,,,,1929.9421187554785,500.95919812199327,4629.491713059556,621.6628055347325,1487.619174107143,451.3622569444444,4622.549603174602,516.1400446428571,1487.619174107143,451.3622569444444,4622.549603174602,516.1400446428571
2025-02-11 20:00:00+00:00,,,,,1934.7404891623032,502.66004794629794,4566.196179485421,635.9258224631731,1487.619174107143,451.3622569444444,4622.549603174602,516.1400446428571,1487.619174107143,451.3622569444444,4622.549603174602,516.1400446428571
2025-02-11 21:00:00+00:00,,,,,1927.4024950230084,502.3013631392358,4524.6949836982285,650.1888393916136,1487.619174107143,451.3622569444444,4622.549603174602,516.1400446428571,1487.619174107143,451.3622569444444,4622.549603174602,516.1400446428571
2025-02-11 22:00:00+00:00,,,,,1923.6315304252664,502.5595828738455,4541.662651410589,664.451856320054,1487.619174107143,451.3622569444444,4622.549603174602,516.1400446428571,1487.619174107143,451.3622569444444,4622.549603174602,516.1400446428571
2025-02-11 23:00:00+00:00,,,,,1911.0584690492833,501.7684638166745,4455.68167452242,678.7148732484947,1487.619174107143,451.3622569444444,4622.549603174602,516.1400446428571,1487.619174107143,451.3622569444444,4622.549603174602,516.1400446428571
2025-02-12 00:00:00+00:00,,,,,1890.5583558026474,502.0779061651767,4430.275990065666,350.6654838943625,1487.619174107143,451.3622569444444,4622.549603174602,516.1400446428571,1487.619174107143,451.3622569444444,4622.549603174602,516.1400446428571
2025-02-12 01:00:00+00:00,,,,,1891.691813772039,502.4812356761653,4439.3241324959145,364.9285008228031,1487.619174107143,451.3622569444444,4622.549603174602,516.1400446428571,1487.619174107143,451.3622569444444,4622.549603174602,516.1400446428571
2025-02-12 02:00:00+00:00,,,,,1901.8838286565713,503.71469544418403,4457.317713520672,379.1915177512436,1487.619174107143,451.3622569444444,4622.549603174602,516.1400446428571,1487.619174107143,451.3622569444444,4622.549603174602,516.1400446428571
2025-02-12 03:00:00+00:00,,,,,1914.3674962641292,505.05338256689606,4519.233620360751,393.4545346796841,1487.619174107143,451.3622569444444,4622.549603174602,516.1400446428571,1487.619174107143,451.3622569444444,4622.549603174602,516.1400446428571
2025-02-12 04:00:00+00:00,,,,,1934.7055850745933,506.6304604532694,4632.004380438045,407.71755160812467,1487.619174107143,451.3622569444444,4622.549603174602,516.1400446428571,1487.619174107143,451.3622569444444,4622.549603174602,516.1400446428571
2025-02-12 05:00:00+00:00,,,,,1956.1082496525776,508.0840604550249,4800.293808767244,421.9805685365652,1487.619174107143,451.3622569444444,4622.549603174602,516.1400446428571,1487.619174107143,451.3622569444444,4622.549603174602,516.1400446428571
2025-02-12 06:00:00+00:00,,,,,1976.0948746453573,509.91515933399995,5048.155141166446,436.2435854650057,1487.619174107143,451.3622569444444,4622.549603174602,516.1400446428571,1487.619174107143,451.3622569444444,4622.549603174602,516.1400446428571
2025-02-12 07:00:00+00:00,,,,,1986.75439029776,511.1844726875247,5000.318306640223,450.5066023934462,1487.619174107143,451.3622569444444,4622.549603174602,516.1400446428571,1487.619174107143,451.3622569444444,4622.549603174602,516.1400446428571
2025-02-12 08:00:00+00:00,,,,,1965.2630080554352,508.25164276915837,4932.593962241145,464.76961932188675,1487.619174107143,451.3622569444444,4622.549603174602,516.1400446428571,1487.619174107143,451.3622569444444,4622.549603174602,516.1400446428571
2025-02-12 09:00:00+00:00,,,,,1940.9096157751214,505.33046811738615,4893.542642072109,479.03263625032724,1487.619174107143,451.3622569444444,4622.549603174602,516.1400446428571,1487.619174107143,451.3622569444444,4622.549603174602,516.1400446428571
2025-02-12 10:00:00+00:00,,,,,1903.0389874212403,499.9383233962294,4855.167667844907,493.2956531787678,1487.619174107143,451.3622569444444,4622.549603174602,516.1400446428571,1487.619174107143,451.3622569444444,4622.549603174602,516.1400446428571
2025-02-12 11:00:00+00:00,,,,,1878.1862224001077,496.648879523209,4827.133899329409,507.55867010720834,1487.619174107143,451.3622569444444,4622.549603174602,516.1400446428571,1487.619174107143,451.3622569444444,4622.549603174602,516.1400446428571
2025-02-12 12:00:00+00:00,,,,,1855.1272721883456,492.9858734802012,4876.387815093316,521.8216870356489,1487.619174107143,451.3622569444444,4622.549603174602,516.1400446428571,1487.619174107143,451.3622569444444,4622.549603174602,516.1400446428571
2025-02-12 13:00:00+00:00,,,,,1836.1823987033495,490.2915507362862,4850.964640909798,536.0847039640894,1487.619174107143,451.3622569444444,4622.549603174602,516.1400446428571,1487.619174107143,451.3622569444444,4622.549603174602,516.1400446428571
2025-02-12 14:00:00+00:00,,,,,1841.5814848498367,490.40628950571664,4927.932136678909,550.3477208925299,1487.619174107143,451.3622569444444,4622.549603174602,516.1400446428571,1487.619174107143,451.3622569444444,4622.549603174602,516.1400446428571
2025-02-12 15:00:00+00:00,,,,,1848.3558569104646,490.66871933810825,5014.67326550098,564.6107378209704,1487.619174107143,451.3622569444444,4622.549603174602,516.1400446428571,1487.619174107143,451.3622569444444,4622.549603174602,516.1400446428571
2025-02-12 16:00:00+00:00,,,,,1865.0629541882336,492.07777233673517,5101.694310199012,578.873754749411,1487.619174107143,451.3622569444444,4622.549603174602,516.1400446428571,1487.619174107143,451.3622569444444,4622.549603174602,516.1400446428571
2025-02-12 17:00:00+00:00,,,,,1891.185173403931,495.1928386462968,5200.654435982144,593.1367716778515,1487.619174107143,451.3622569444444,4622.549603174602,516.1400446428571,1487.619174107143,451.3622569444444,4622.549603174602,516.1400446428571
2025-02-12 18:00:00+00:00,,,,,1910.5339975599131,498.12084947076124,5207.408862081953,607.399788606292,1487.619174107143,451.3622569444444,4622.549603174602,516.1400446428571,1487.619174107143,451.3622569444444,4622.549603174602,516.1400446428571
2025-02-12 19:00:00+00:00,,,,,1895.173140791639,496.53561903091816,5144.563339572358,621.6628055347325,1487.619174107143,451.3622569444444,4622.549603174602,516.1400446428571,1487.619174107143,451.3622569444444,4622.549603174602,516.1400446428571
2025-02-12 20:00:00+00:00,,,,,1897.446057101944,497.20097142003885,5055.567635999439,635.9258224631731,1487.619174107143,451.3622569444444,4622.549603174602,516.1400446428571,1487.619174107143,451.3622569444444,4622.549603174602,516.1400446428571
2025-02-12 21:00:00+00:00,,,,,1893.0960492462254,497.1626810470088,5012.916806909079,650.1888393916136,1487.619174107143,451.3622569444444,4622.549603174602,516.1400446428571,1487.619174107143,451.3622569444444,4622.549603174602,516.1400446428571
2025-02-12 22:00:00+00:00,,,,,1883.7269076112848,496.8343671557258,4959.701303204406,664.451856320054,1487.619174107143,451.3622569444444,4622.549603174602,516.1400446428571,1487.619174107143,451.3622569444444,4622.549603174602,516.1400446428571
2025-02-12 23:00:00+00:00,,,,,1873.5062714158416,496.3248385488654,4952.400958158682,678.7148732484947,1487.619174107143,451.3622569444444,4622.549603174602,516.1400446428571,1487.619174107143,451.3622569444444,4622.549603174602,516.1400446428571
2025-02-13 00:00:00+00:00,,,,,1859.2259457350324,497.8634437800855,4941.853674852161,350.6654838943625,1487.619174107143,451.3622569444444,4622.549603174602,516.1400446428571,1487.619174107143,451.3622569444444,4622.549603174602,516.1400446428571
2025-02-13 01:00:00+00:00,,,,,1861.8111035799147,498.66307717254887,4896.335830493489,364.9285008228031,1487.619174107143,451.3622569444444,4622.549603174602,516.1400446428571,1487.619174107143,451.3622569444444,4622.549603174602,516.1400446428571
2025-02-13 02:00:00+00:00,,,,,1863.6516486261685,498.44388319583726,4981.6014749747965,379.1915177512436,1487.619174107143,451.3622569444444,4622.549603174602,516.1400446428571,1487.619174107143,451.3622569444444,4622.549603174602,516.1400446428571
2025-02-13 03:00:00+00:00,,,,,1875.1736594584254,499.6781025514448,5029.011478472114,393.4545346796841,1487.619174107143,451.3622569444444,4622.549603174602,516.1400446428571,1487.619174107143,451.3622569444444,4622.549603174602,516.1400446428571
2025-02-13 04:00:00+00:00,,,,,1898.4239205235867,502.02550504699127,5169.481776233283,407.71755160812467,1487.619174107143,451.3622569444444,4622.549603174602,516.1400446428571,1487.619174107143,451.3622569444444,4622.549603174602,516.1400446428571
2025-02-13 05:00:00+00:00,,,,,1923.1942244576112,503.9240956538051,5299.879206762752,421.9805685365652,1487.619174107143,451.3622569444444,4622.549603174602,516.1400446428571,1487.619174107143,451.3622569444444,4622.549603174602,516.1400446428571
2025-02-13 06:00:00+00:00,,,,,1951.5953128738565,506.7494340438993,5366.944204506243,436.2435854650057,1487.619174107143,451.3622569444444,4622.549603174602,516.1400446428571,1487.619174107143,451.3622569444444,4622.549603174602,516.1400446428571
2025-02-13 07:00:00+00:00,,,,,1915.3064530893746,498.60222848890885,5321.707905561814,450.5066023934462,1487.619174107143,451.3622569444444,4622.549603174602,516.1400446428571,1487.619174107143,451.3622569444444,4622.549603174602,516.1400446428571
2025-02-13 08:00:00+00:00,,,,,1893.4569568778766,495.7591673675487,5274.643856453451,464.76961932188675,1487.619174107143,451.3622569444444,4622.549603174602,516.1400446428571,1487.619174107143,451.3622569444444,4622.549603174602,516.1400446428571
2025-02-13 09:00:00+00:00,,,,,1874.2911359357518,493.2765095258579,5244.60567023156,479.03263625032724,1487.619174107143,451.3622569444444,4622.549603174602,516.1400446428571,1487.619174107143,451.3622569444444,4622.549603174602,516.1400446428571
2025-02-13 10:00:00+00:00,,,,,1852.031128116394,489.6470925686544,5213.254034858563,493.2956531787678,1487.619174107143,451.3622569444444,4622.549603174602,516.1400446428571,1487.619174107143,451.3622569444444,4622.549603174602,516.1400446428571
2025-02-13 11:00:00+00:00,,,,,1799.1212376522196,482.79173262635675,4991.988585187537,507.55867010720834,1487.619174107143,451.3622569444444,4622.549603174602,516.1400446428571,1487.619174107143,451.3622569444444,4622.549603174602,516.1400446428571
2025-02-13 12:00:00+00:00,,,,,1778.0163841273713,478.9349057356821,5033.9331153791845,521.8216870356489,1487.619174107143,451.3622569444444,4622.549603174602,516.1400446428571,1487.619174107143,451.3622569444444,4622.549603174602,516.1400446428571
2025-02-13 13:00:00+00:00,,,,,1805.92732212597,483.16601968862665,5068.359525704027,536.0847039640894,1487.619174107143,451.3622569444444,4622.549603174602,516.1400446428571,1487.619174107143,451.3622569444444,4622.549603174602,516.1400446428571
2025-02-13 14:00:00+00:00,,,,,1817.7301214766835,484.8484732105329,5079.095364288621,550.3477208925299,1487.619174107143,451.3622569444444,4622.549603174602,516.1400446428571,1487.619174107143,451.3622569444444,4622.549603174602,516.1400446428571
2025-02-13 15:00:00+00:00,,,,,1834.501770646383,486.5293098319545,5196.067654860921,564.6107378209704,1487.619174107143,451.3622569444444,4622.549603174602,516.1400446428571,1487.619174107143,451.3622569444444,4622.549603174602,516.1400446428571
2025-02-13 16:00:00+00:00,,,,,1861.0344749558622,489.543917090522,5338.034880935614,578.873754749411,1487.619174107143,451.3622569444444,4622.549603174602,516.1400446428571,1487.619174107143,451.3622569444444,4622.549603174602,516.1400446428571
2025-02-13 17:00:00+00:00,,,,,1889.2127473488752,492.97675890708064,5321.26983454211,593.1367716778515,1487.619174107143,451.3622569444444,4622.549603174602,516.1400446428571,1487.619174107143,451.3622569444444,4622.549603174602,516.1400446428571
2025-02-13 18:00:00+00:00,,,,,1889.8317389239965,492.97449417308917,5295.79366886284,607.399788606292,1487.619174107143,451.3622569444444,4622.549603174602,516.1400446428571,1487.619174107143,451.3622569444444,4622.549603174602,516.1400446428571
2025-02-13 19:00:00+00:00,,,,,1882.6618723708905,492.3805373781321,5186.3162707880565,621.6628055347325,1487.619174107143,451.3622569444444,4622.549603174602,516.1400446428571,1487.619174107143,451.3622569444444,4622.549603174602,516.1400446428571
2025-02-13 20:00:00+00:00,,,,,1877.5737399403345,492.35301281499943,5134.667857115069,635.9258224631731,1487.619174107143,451.3622569444444,4622.549603174602,516.1400446428571,1487.619174107143,451.3622569444444,4622.549603174602,516.1400446428571
2025-02-13 21:00:00+00:00,,,,,1869.801357103483,491.85989516420756,5046.6009648971285,650.1888393916136,1487.619174107143,451.3622569444444,4622.549603174602,516.1400446428571,1487.619174107143,451.3622569444444,4622.549603174602,516.1400446428571
2025-02-13 22:00:00+00:00,,,,,1854.9708080104076,490.36168171873396,5009.25235070055,664.451856320054,1487.619174107143,451.3622569444444,4622.549603174602,516.1400446428571,1487.619174107143,451.3622569444444,4622.549603174602,516.1400446428571
2025-02-13 23:00:00+00:00,,,,,1845.0776802164762,489.6560929493544,4921.156700342433,678.7148732484947,1487.619174107143,451.3622569444444,4622.549603174602,516.1400446428571,1487.619174107143,451.3622569444444,4622.549603174602,516.1400446428571
2025-02-14 00:00:00+00:00,,,,,1815.452449992214,488.9082307586065,4857.0646986492575,350.6654838943625,1487.619174107143,451.3622569444444,4622.549603174602,516.1400446428571,1487.619174107143,451.3622569444444,4622.549603174602,516.1400446428571
2025-02-14 01:00:00+00:00,,,,,1809.8871405963362,488.27360666752946,4889.269117933815,364.9285008228031,1487.619174107143,451.3622569444444,4622.549603174602,516.1400446428571,1487.619174107143,451.3622569444444,4622.549603174602,516.1400446428571
2025-02-14 02:00:00+00:00,,,,,1821.1766130617957,489.709918291022,4901.238497954646,379.1915177512436,1487.619174107143,451.3622569444444,4622.549603174602,516.1400446428571,1487.619174107143,451.3622569444444,4622.549603174602,516.1400446428571
2025-02-14 03:00:00+00:00,,,,,1827.7309090586332,490.4447578354254,4923.470839171632,393.4545346796841,1487.619174107143,451.3622569444444,4622.549603174602,516.1400446428571,1487.619174107143,451.3622569444444,4622.549603174602,516.1400446428571
2025-02-14 04:00:00+00:00,,,,,1851.9049066880566,493.4572903627768,5001.618671882311,407.71755160812467,1487.619174107143,451.3622569444444,4622.549603174602,516.1400446428571,1487.619174107143,451.3622569444444,4622.549603174602,516.1400446428571
2025-02-14 05:00:00+00:00,,,,,1888.2255370864386,497.10090623097955,5176.841422402285,421.9805685365652,1487.619174107143,451.3622569444444,4622.549603174602,516.1400446428571,1487.619174107143,451.3622569444444,4622.549603174602,516.1400446428571
2025-02-14 06:00:00+00:00,,,,,1910.6829093115089,499.3774553367286,5271.905996762378,436.2435854650057,1487.619174107143,451.3622569444444,4622.549603174602,516.1400446428571,1487.619174107143,451.3622569444444,4622.549603174602,516.1400446428571
2025-02-14 07:00:00+00:00,,,,,1917.7531713423098,500.3273812390348,5210.108908236405,450.5066023934462,1487.619174107143,451.3622569444444,4622.549603174602,516.1400446428571,1487.619174107143,451.3622569444444,4622.549603174602,516.1400446428571
2025-02-14 08:00:00+00:00,,,,,1910.0457998491552,499.21888956805884,5126.077087944319,464.76961932188675,1487.619174107143,451.3622569444444,4622.549603174602,516.1400446428571,1487.619174107143,451.3622569444444,4622.549603174602,516.1400446428571
2025-02-14 09:00:00+00:00,,,,,1901.3223634263227,498.86200949411955,5066.327969438026,479.03263625032724,1487.619174107143,451.3622569444444,4622.549603174602,516.1400446428571,1487.619174107143,451.3622569444444,4622.549603174602,516.1400446428571
2025-02-14 10:00:00+00:00,,,,,1881.1538916239792,496.1579995965761,5103.791801874271,493.2956531787678,1487.619174107143,451.3622569444444,4622.549603174602,516.1400446428571,1487.619174107143,451.3622569444444,4622.549603174602,516.1400446428571
2025-02-14 11:00:00+00:00,,,,,1841.4072830337877,490.6338865560297,4987.639646737446,507.55867010720834,1487.619174107143,451.3622569444444,4622.549603174602,516.1400446428571,1487.619174107143,451.3622569444444,4622.549603174602,516.1400446428571
2025-02-14 12:00:00+00:00,,,,,1823.2025928666158,487.7761597149009,4897.875714062454,521.8216870356489,1487.619174107143,451.3622569444444,4622.549603174602,516.1400446428571,1487.619174107143,451.3622569444444,4622.549603174602,516.1400446428571
2025-02-14 13:00:00+00:00,,,,,1812.2850327020672,484.62604689805147,5023.871196830591,536.0847039640894,1487.619174107143,451.3622569444444,4622.549603174602,516.1400446428571,1487.619174107143,451.3622569444444,4622.549603174602,516.1400446428571
2025-02-14 14:00:00+00:00,,,,,1841.5703864025506,488.0831365156139,5058.832214978691,550.3477208925299,1487.619174107143,451.3622569444444,4622.549603174602,516.1400446428571,1487.619174107143,451.3622569444444,4622.549603174602,516.1400446428571
2025-02-14 15:00:00+00:00,,,,,1859.396405316011,489.7528915193761,5132.76335868173,564.6107378209704,1487.619174107143,451.3622569444444,4622.549603174602,516.1400446428571,1487.619174107143,451.3622569444444,4622.549603174602,516.1400446428571
2025-02-14 16:00:00+00:00,,,,,1890.167058255242,493.56381287667784,5218.373980004338,578.873754749411,1487.619174107143,451.3622569444444,4622.549603174602,516.1400446428571,1487.619174107143,451.3622569444444,4622.549603174602,516.1400446428571
2025-02-14 17:00:00+00:00,,,,,1899.3435026540096,494.5967839635241,5202.093382439021,593.1367716778515,1487.619174107143,451.3622569444444,4622.549603174602,516.1400446428571,1487.619174107143,451.3622569444444,4622.549603174602,516.1400446428571
2025-02-14 18:00:00+00:00,,,,,1889.1179346463841,493.5592000908598,5147.824387530581,607.399788606292,1487.619174107143,451.3622569444444,4622.549603174602,516.1400446428571,1487.619174107143,451.3622569444444,4622.549603174602,516.1400446428571
2025-02-14 19:00:00+00:00,,,,,1883.3469600035037,493.42258179825063,5031.048006482287,621.6628055347325,1487.619174107143,451.3622569444444,4622.549603174602,516.1400446428571,1487.619174107143,451.3622569444444,4622.549603174602,516.1400446428571
2025-02-14 20:00:00+00:00,,,,,1885.6129149890678,494.2025660309419,4925.973697654253,635.9258224631731,1487.619174107143,451.3622569444444,4622.549603174602,516.1400446428571,1487.619174107143,451.3622569444444,4622.549603174602,516.1400446428571
2025-02-14 21:00:00+00:00,,,,,1879.110831162939,494.0870727640546,4870.44072691879,650.1888393916136,1487.619174107143,451.3622569444444,4622.549603174602,516.1400446428571,1487.619174107143,451.3622569444444,4622.549603174602,516.1400446428571
2025-02-14 22:00:00+00:00,,,,,1879.4061543586774,494.6740318235221,4810.521334134888,664.451856320054,1487.619174107143,451.3622569444444,4622.549603174602,516.1400446428571,1487.619174107143,451.3622569444444,4622.549603174602,516.1400446428571
2025-02-14 23:00:00+00:00,,,,,1875.9709196255017,495.0421066481897,4765.482535431014,678.7148732484947,1487.619174107143,451.3622569444444,4622.549603174602,516.1400446428571,1487.619174107143,451.3622569444444,4622.549603174602,516.1400446428571
