date,wind_onshore_tenn_actual,wind_onshore_tenn_fitted,wind_onshore_tenn_lower,wind_onshore_tenn_upper
2025-07-10 00:00:00+00:00,1224.5,1936.3996893205363,-1284.5393636650178,5147.553641606489
2025-07-10 01:00:00+00:00,969.75,1716.7401596482928,-1497.1536234191399,4927.204604837794
2025-07-10 02:00:00+00:00,844.25,1202.002698936677,-2012.3577411180077,4415.346717746663
2025-07-10 03:00:00+00:00,868.75,611.9512020487437,-2599.978108878414,3820.309199431459
2025-07-10 04:00:00+00:00,774.0,232.5727887859557,-2989.7425456922592,3439.2313914023352
2025-07-10 05:00:00+00:00,529.75,-95.96860212414504,-3315.8059447194064,3115.6072633607496
2025-07-10 06:00:00+00:00,346.5,-518.6351796860954,-3729.2258936110175,2699.0817256580995
2025-07-10 07:00:00+00:00,382.5,-863.6082494681268,-4080.654615261141,2350.386791973415
2025-07-10 08:00:00+00:00,602.0,-1358.6114512543536,-4575.348911051997,1855.1052090462235
2025-07-10 09:00:00+00:00,866.25,-31.350419878577668,-3237.777062549305,3198.83499294418
2025-07-10 10:00:00+00:00,1189.5,1669.4807255193468,-1543.941433857386,4880.86062087053
2025-07-10 11:00:00+00:00,1736.75,3150.256795503574,-69.4409483762056,6359.079491426868
2025-07-10 12:00:00+00:00,2297.25,3711.2873470029804,489.64481826459814,6919.74624334799
2025-07-10 13:00:00+00:00,2900.75,2967.924975531864,-249.61513974797526,6171.911056860197
2025-07-10 14:00:00+00:00,3339.0,3575.7964269173735,352.34960100681747,6782.223973195909
2025-07-10 15:00:00+00:00,3668.0,3309.5094769839266,87.5227438286056,6523.547236968574
2025-07-10 16:00:00+00:00,3920.0,3300.7546604275126,84.07132245002504,6508.403310088885
2025-07-10 17:00:00+00:00,3822.0,3512.1858033995504,302.8681267794209,6727.199809727532
2025-07-10 18:00:00+00:00,3164.75,3310.169984666695,90.75958657043793,6526.3422787770805
2025-07-10 19:00:00+00:00,2519.5,3457.7849807365083,239.9936159085628,6677.3434919917145
2025-07-10 20:00:00+00:00,2282.5,4099.579944287116,882.4847938810981,7310.8359976489155
2025-07-10 21:00:00+00:00,2382.0,4201.80123309724,984.9229663395972,7409.0211812001935
2025-07-10 22:00:00+00:00,2251.0,4464.602254746487,1249.5910814756135,7665.619568391032
2025-07-10 23:00:00+00:00,1910.0,4518.459179191842,1298.6748220702002,7731.164619543399
2025-07-11 00:00:00+00:00,1446.5,4262.23899417335,1045.7780571355042,7470.522666366802
2025-07-11 01:00:00+00:00,1159.75,3308.3537758821635,94.82200130797992,6513.644007048585
2025-07-11 02:00:00+00:00,1017.75,3066.187547821979,-149.74619760362384,6271.09895422703
2025-07-11 03:00:00+00:00,1175.5,2884.4143990610664,-336.7828993604071,6092.522470035437
2025-07-11 04:00:00+00:00,1142.0,2826.728644188549,-389.97063383018394,6029.459239297295
2025-07-11 05:00:00+00:00,854.5,2540.5834068228737,-683.7839455295589,5747.5399503918725
2025-07-11 06:00:00+00:00,861.25,2500.946123172605,-726.5265874291117,5708.056138663328
2025-07-11 07:00:00+00:00,1350.25,3978.986833873989,767.0882385203904,7189.148913292967
2025-07-11 08:00:00+00:00,1890.5,3587.6231793756997,371.5459016436007,6802.263277828753
2025-07-11 09:00:00+00:00,2108.5,3133.097846460682,-88.79789558714674,6340.296134245045
2025-07-11 10:00:00+00:00,2485.25,3059.699254125115,-157.5776853113539,6264.096988530324
2025-07-11 11:00:00+00:00,2717.25,3073.0332100475384,-140.82266665761472,6282.900403042439
2025-07-11 12:00:00+00:00,2948.25,3146.7359673205588,-68.01417593008591,6354.506243165714
2025-07-11 13:00:00+00:00,3613.75,2885.8000759933534,-331.3022989583851,6093.151151400534
2025-07-11 14:00:00+00:00,4132.75,3128.2743499578432,-87.82281563934157,6335.215652449779
2025-07-11 15:00:00+00:00,4610.0,3936.3042740667634,721.7491233584096,7142.114511811875
2025-07-11 16:00:00+00:00,4749.0,4592.396303291504,1379.077306701468,7804.065531688002
2025-07-11 17:00:00+00:00,4691.0,4521.463726284371,1309.3134093736007,7735.126045885855
2025-07-11 18:00:00+00:00,4289.5,4443.307026068768,1230.1283186815272,7658.70051658827
2025-07-11 19:00:00+00:00,3789.75,5417.391848118943,2206.7226276679717,8637.936131160655
2025-07-11 20:00:00+00:00,3097.0,4428.089971706897,1213.4672523862719,7633.71574588795
2025-07-11 21:00:00+00:00,2629.2499999999995,2748.0676232511623,-470.2591988190543,5961.154944625695
2025-07-11 22:00:00+00:00,2259.25,3033.772617869552,-188.51285380590434,6236.72063822619
2025-07-11 23:00:00+00:00,1971.7500000000005,3374.8495292884136,162.05144034184832,6580.212547848834
2025-07-12 00:00:00+00:00,1848.75,4531.203080402491,1316.2492914327704,7734.4314626503
2025-07-12 01:00:00+00:00,2325.5,4025.337460639447,811.4607896787047,7245.212383202824
2025-07-12 02:00:00+00:00,3138.75,4232.761578376186,1027.0338862449162,7452.671252717529
2025-07-12 03:00:00+00:00,3937.75,4575.125750867216,1359.6982633867838,7790.948476894762
2025-07-12 04:00:00+00:00,4096.0,5815.456358661659,2594.551122765248,9017.010616153053
2025-07-12 05:00:00+00:00,3718.5,6702.89201665594,3481.485372826958,9906.454456484975
2025-07-12 06:00:00+00:00,3753.75,6786.398219965677,3571.3990773642017,9996.716176720807
2025-07-12 07:00:00+00:00,4069.75,6655.482744672783,3444.6916071353116,9862.739328332713
2025-07-12 08:00:00+00:00,4656.5,5868.357787812541,2644.8024762585082,9085.840895275498
2025-07-12 09:00:00+00:00,4707.0,5137.739212763297,1918.3418979430176,8350.786674811254
2025-07-12 10:00:00+00:00,4276.5,5033.37571665715,1809.9556841157282,8247.715551431384
2025-07-12 11:00:00+00:00,3727.5,5398.3633653817515,2172.153264093313,8609.80011124537
2025-07-12 12:00:00+00:00,3381.0,4886.632133020899,1669.970678288445,8104.493869944037
2025-07-12 13:00:00+00:00,3648.75,5689.43865050568,2479.6022224290236,8909.074347160127
2025-07-12 14:00:00+00:00,3447.75,4773.115337445516,1552.759894668864,7991.161145023023
2025-07-12 15:00:00+00:00,2907.25,4525.765139486962,1308.469260873001,7744.041891903631
2025-07-12 16:00:00+00:00,2475.0,5227.273336970307,2009.0421729381433,8442.592975184643
2025-07-12 17:00:00+00:00,2229.75,4988.326776845763,1770.92114783646,8201.464860145581
2025-07-12 18:00:00+00:00,2064.25,3983.658556589161,765.2170164210766,7193.043991837761
2025-07-12 19:00:00+00:00,1861.25,3403.929026639719,186.29727674786318,6623.881396261162
2025-07-12 20:00:00+00:00,1629.25,2988.66608925552,-225.39959248545438,6202.304866379216
2025-07-12 21:00:00+00:00,1491.0,3575.75045371733,363.7156551644066,6787.712933174704
2025-07-12 22:00:00+00:00,1429.75,3364.4607476252295,154.0384680494626,6577.3466125721325
2025-07-12 23:00:00+00:00,1585.5,3316.871973504188,105.44457452950337,6534.613555729805
2025-07-13 00:00:00+00:00,1536.25,3029.938131773995,-183.67304194324788,6240.645965929249
2025-07-13 01:00:00+00:00,1503.0,3012.9459605542575,-190.28263355691524,6225.032993319484
2025-07-13 02:00:00+00:00,1629.25,3454.5638801978157,244.28077434452825,6664.855143740149
2025-07-13 03:00:00+00:00,1992.5,3454.7581402061332,240.4733020237145,6666.170614645773
2025-07-13 04:00:00+00:00,1867.0,3665.9491293879764,450.2757524861345,6877.907737072385
2025-07-13 05:00:00+00:00,1414.25,3606.2111664282384,387.36795686176447,6814.494366338346
2025-07-13 06:00:00+00:00,995.25,3030.1260909919124,-188.25699767963488,6238.906369130468
2025-07-13 07:00:00+00:00,916.75,3993.7216332326693,776.3685628097201,7207.81103944232
2025-07-13 08:00:00+00:00,918.25,3383.10763492443,173.67850319645095,6595.894453221819
2025-07-13 09:00:00+00:00,1085.5,2881.31476373276,-327.31030726648623,6094.870307461066
2025-07-13 10:00:00+00:00,1512.0000000000005,2559.1516642618253,-656.1331805252003,5777.369474996967
2025-07-13 11:00:00+00:00,1559.75,3006.6205533492016,-208.0843093097992,6216.830025328752
2025-07-13 12:00:00+00:00,1531.7500000000005,3446.3579342502635,233.06801155567155,6652.648207655448
2025-07-13 13:00:00+00:00,1655.75,2863.0972023252725,-351.3292597267209,6082.952278374706
2025-07-13 14:00:00+00:00,1593.75,1199.2371963864662,-2015.5090635896777,4422.275642511504
2025-07-13 15:00:00+00:00,1673.25,747.7368760758127,-2462.9859514183136,3963.056175702869
2025-07-13 16:00:00+00:00,1414.5,1890.5077253813188,-1328.0661266833104,5108.80503914124
2025-07-13 17:00:00+00:00,1017.0,1379.181262779196,-1836.3590987911502,4598.145106450733
2025-07-13 18:00:00+00:00,734.5,723.4716949681197,-2492.763554539827,3938.405516517379
2025-07-13 19:00:00+00:00,587.5,962.989356557975,-2251.3609377010453,4183.266141384664
2025-07-13 20:00:00+00:00,549.5,744.1522858170074,-2465.700054456058,3959.5089215180383
2025-07-13 21:00:00+00:00,544.5,410.547814864326,-2805.0919845382796,3621.720027964646
2025-07-13 22:00:00+00:00,432.75,642.222329220961,-2565.194379324569,3852.6899381426224
2025-07-13 23:00:00+00:00,489.2500000000009,351.03492186811764,-2856.886503561338,3560.8146318933395
2025-07-14 00:00:00+00:00,529.5,-21.109645315108537,-3230.75194334719,3197.214813286465
2025-07-14 01:00:00+00:00,620.75,387.8711503882878,-2821.8486008034397,3602.4523953699863
2025-07-14 02:00:00+00:00,840.5,-1827.3976310424714,-5045.6485461988905,1396.1914374125536
2025-07-14 03:00:00+00:00,1063.75,-1830.3273600596885,-5042.577469962836,1392.4410297102804
2025-07-14 04:00:00+00:00,1064.25,-1572.518731645374,-4786.5918898440195,1646.8154284738312
2025-07-14 05:00:00+00:00,946.4999999999991,-1703.6360412364947,-4918.504898706486,1517.4159531188943
2025-07-14 06:00:00+00:00,719.5,-1086.2994181523964,-4302.808786015021,2127.672243160474
2025-07-14 07:00:00+00:00,785.25,-1927.4840308586236,-5144.930420089657,1292.1937380534164
2025-07-14 08:00:00+00:00,1196.5,-1912.8527986794516,-5133.013277350707,1309.2268075879165
2025-07-14 09:00:00+00:00,1697.25,-2689.341909702094,-5908.954164811374,535.1395132511288
2025-07-14 10:00:00+00:00,1922.25,-2253.5410959682085,-5470.965843977479,969.8167142841758
2025-07-14 11:00:00+00:00,1936.5,-1614.0988851338143,-4831.544306437665,1608.5986983795483
2025-07-14 12:00:00+00:00,2129.25,-591.658072420304,-3797.7990787196577,2638.0394276087704
2025-07-14 13:00:00+00:00,2531.75,-2668.6262604899457,-5867.923349554543,573.4602649792487
2025-07-14 14:00:00+00:00,2898.25,-283.2264162626625,-3492.9582679989635,2943.067185514427
2025-07-14 15:00:00+00:00,2874.0000000000005,203.43731149233645,-3013.6587156384285,3444.417920731232
2025-07-14 16:00:00+00:00,2825.25,-938.5556195470872,-4142.985950118087,2287.411188448398
2025-07-14 17:00:00+00:00,2357.75,-606.4116307794966,-3823.457282707779,2607.1187940975765
2025-07-14 18:00:00+00:00,1948.75,-621.1973617343347,-3819.1401182531354,2614.9980611765227
2025-07-14 19:00:00+00:00,1813.25,-796.5975236639415,-4019.6466819115285,2413.597959165299
2025-07-14 20:00:00+00:00,1572.4999999999995,-669.1818432249565,-3878.216229252408,2551.9107476434774
2025-07-14 21:00:00+00:00,1338.25,-149.3356652130915,-3350.717446567982,3066.5502663425696
2025-07-14 22:00:00+00:00,1259.5,1205.426082107766,-2009.5767493416415,4422.141336996638
2025-07-14 23:00:00+00:00,1426.25,892.278484946175,-2328.2839405374734,4115.856324791412
2025-07-15 00:00:00+00:00,1592.5,2173.9651670214002,-1046.1790636261267,5393.329891815852
2025-07-15 01:00:00+00:00,2095.25,2552.422862686106,-662.3817420707055,5760.7945172717145
2025-07-15 02:00:00+00:00,2660.5,2653.70548356772,-564.1578665532988,5864.628115348051
2025-07-15 03:00:00+00:00,2924.5,3056.5374940851393,-162.73862241394545,6266.503022290337
2025-07-15 04:00:00+00:00,3854.5,2848.242563437551,-371.29202550485843,6055.3801499932515
2025-07-15 05:00:00+00:00,4026.0,3445.280249689879,225.8655857602471,6643.739689355872
2025-07-15 06:00:00+00:00,4241.0,3412.762924031988,205.4673689818319,6636.425333582125
2025-07-15 07:00:00+00:00,4720.0,3308.639014929016,92.71062642644301,6514.8007988230875
2025-07-15 08:00:00+00:00,4832.5,4550.594106118683,1335.0216635792985,7755.0120052279835
2025-07-15 09:00:00+00:00,4369.0,4435.400395429107,1209.316048235537,7663.428927110477
2025-07-15 10:00:00+00:00,4411.0,3236.9840849365064,21.63841791652976,6448.946222102335
2025-07-15 11:00:00+00:00,5295.5,4195.588179923686,988.0760424854834,7416.794650218859
2025-07-15 12:00:00+00:00,5739.25,3510.1262702786153,298.6412233787205,6728.408352851666
2025-07-15 13:00:00+00:00,6028.5,4018.5218987055164,810.8542971073675,7236.972847257079
2025-07-15 14:00:00+00:00,6093.75,3892.2977499528133,677.1845705486367,7112.367784996709
2025-07-15 15:00:00+00:00,5726.0,3556.522209191799,349.47086770540864,6780.848725973279
2025-07-15 16:00:00+00:00,4198.25,2960.6527505544177,-245.88310009937868,6179.45416959721
2025-07-15 17:00:00+00:00,2894.25,2664.1274203207513,-541.5405651312312,5878.47969946407
2025-07-15 18:00:00+00:00,1747.0,1415.5496672119953,-1789.5107323398097,4637.337075015032
2025-07-15 19:00:00+00:00,1186.0,1493.5717847239175,-1715.354351285312,4704.138889005148
2025-07-15 20:00:00+00:00,1037.0,1741.0229625282082,-1472.3049163616943,4949.206223297191
2025-07-15 21:00:00+00:00,1169.5,1561.7908517023066,-1648.1267219670935,4774.653054779595
2025-07-15 22:00:00+00:00,1547.0,1288.064193160596,-1925.6792948142047,4497.038443048805
2025-07-15 23:00:00+00:00,1820.25,2741.00467481529,-483.8485449535374,5942.212579683666
2025-07-16 00:00:00+00:00,2329.0,2650.74368671747,-570.5612522268266,5856.510721785292
2025-07-16 01:00:00+00:00,2940.0,2974.8025961173253,-237.14001145457496,6194.1464982782645
2025-07-16 02:00:00+00:00,3079.25,3852.096638704271,636.2431096592281,7060.892075455009
2025-07-16 03:00:00+00:00,3247.5,3659.5845454496202,442.43021586148916,6865.891615644815
2025-07-16 04:00:00+00:00,3300.75,4052.1104012116366,824.2577194225951,7256.955196355297
2025-07-16 05:00:00+00:00,3174.25,4571.31097662375,1352.1980269014039,7787.7590875084825
2025-07-16 06:00:00+00:00,2291.5,2932.375299399825,-282.5480106777659,6156.322952220876
2025-07-16 07:00:00+00:00,1992.5,2239.393581593497,-971.3797043990717,5456.513362755484
2025-07-16 08:00:00+00:00,2072.0,1284.7149042670071,-1922.7772087567182,4502.800865366561
2025-07-16 09:00:00+00:00,1942.25,760.9572854770713,-2452.324814873992,3978.2055472492684
2025-07-16 10:00:00+00:00,1861.25,377.71628128002703,-2834.0575514052543,3596.4051311021694
2025-07-16 11:00:00+00:00,2109.75,-760.3936158285287,-3963.6548171454506,2457.7873070868727
2025-07-16 12:00:00+00:00,2553.25,829.071903155087,-2385.629399801782,4048.4072909569727
2025-07-16 13:00:00+00:00,2791.25,322.7703763324207,-2888.046549106315,3532.4502205068648
2025-07-16 14:00:00+00:00,3184.25,479.9130160731411,-2726.888146481715,3700.8212541812845
2025-07-16 15:00:00+00:00,3749.5,1071.885388810797,-2139.288307754883,4288.845416022136
2025-07-16 16:00:00+00:00,3901.0,2264.5066527956837,-949.2414604100259,5477.981284717405
2025-07-16 17:00:00+00:00,3756.5,2531.6651582652767,-692.0037679174411,5740.182139093367
2025-07-16 18:00:00+00:00,3507.0,2758.6554488618344,-457.9228467929215,5960.168037770883
2025-07-16 19:00:00+00:00,3290.4999999999995,2930.7556043587883,-283.1932027994517,6140.887853573252
2025-07-16 20:00:00+00:00,3671.5,2682.7495110141763,-531.1371232802148,5888.879905692094
2025-07-16 21:00:00+00:00,4245.5,3264.8900494297886,45.78969173391306,6465.617818580381
2025-07-16 22:00:00+00:00,4283.5,3276.814638872356,64.70329326064075,6485.088442685501
2025-07-16 23:00:00+00:00,4157.75,3300.4601490584005,90.18051667784948,6511.154572416013
2025-07-17 00:00:00+00:00,3902.5,3344.9768511777825,132.32354168739494,6555.334729007132
2025-07-17 01:00:00+00:00,3642.5,2986.048862336165,-227.8933522289508,6200.892191751216
2025-07-17 02:00:00+00:00,3757.75,2646.971985145117,-565.576344557734,5858.367555974745
2025-07-17 03:00:00+00:00,4550.75,2602.0999279151597,-612.3795457527103,5806.246602398088
2025-07-17 04:00:00+00:00,4856.0,3865.6407250239663,644.7731400150578,7072.616105522549
2025-07-17 05:00:00+00:00,4420.0,4967.0972375246865,1750.4969049838355,8165.460514062917
2025-07-17 06:00:00+00:00,4811.25,5654.0379844150175,2433.9493230709086,8850.651506329914
2025-07-17 07:00:00+00:00,5671.25,6465.235096776731,3246.485726974286,9661.626718313863
2025-07-17 08:00:00+00:00,6041.25,6373.47816293101,3160.2365467627214,9581.913935835597
2025-07-17 09:00:00+00:00,5935.25,5621.814770717955,2409.3421533270716,8834.92883897807
2025-07-17 10:00:00+00:00,5980.75,4957.366795011733,1735.4186867883595,8158.642354111293
2025-07-17 11:00:00+00:00,6485.0,5791.260203208623,2565.571032542134,9001.036278747759
2025-07-17 12:00:00+00:00,6683.25,5978.030370682588,2765.710080104005,9188.437618054373
2025-07-17 13:00:00+00:00,7239.5,6554.7031668177415,3327.0206880597593,9764.358559088076
2025-07-17 14:00:00+00:00,7235.5,6321.61522604044,3091.553249020667,9536.73969920336
2025-07-17 15:00:00+00:00,6799.75,5804.574605275335,2588.593381124903,9005.95912099572
2025-07-17 16:00:00+00:00,6297.75,5330.843172328758,2113.6281876211183,8530.507846751849
2025-07-17 17:00:00+00:00,5095.0,5182.935962390701,1966.352797737447,8386.69091010555
2025-07-17 18:00:00+00:00,3875.0,4599.774219740769,1382.6920164504318,7815.262899729578
2025-07-17 19:00:00+00:00,2905.25,4118.204243105967,891.884109326681,7326.069532220067
2025-07-17 20:00:00+00:00,2273.25,3864.8750185258723,646.8798897426195,7068.981503234662
2025-07-17 21:00:00+00:00,2087.0,3282.232262762332,58.94256453491744,6477.604920947434
2025-07-17 22:00:00+00:00,1743.5,2923.896765832775,-292.5036381174814,6131.750034783538
2025-07-17 23:00:00+00:00,1420.75,2433.291562018688,-779.1602236167691,5652.560035622569
2025-07-18 00:00:00+00:00,1124.500000000001,2460.7764048753124,-747.8428503478181,5678.597714367732
2025-07-18 01:00:00+00:00,894.5,2801.2378417396944,-407.9650651838756,6017.49224205589
2025-07-18 02:00:00+00:00,702.0,2397.8560857317043,-808.5642074518682,5613.380997890531
2025-07-18 03:00:00+00:00,560.25,2182.242449548394,-1027.120472575727,5395.74117521036
2025-07-18 04:00:00+00:00,435.5,1534.6624991009053,-1676.8988608057625,4754.351809830681
2025-07-18 05:00:00+00:00,330.75,1074.4716822682421,-2131.0013715078894,4296.565802590478
2025-07-18 06:00:00+00:00,211.0,288.5051198992023,-2927.470285277219,3520.1572494117895
2025-07-18 07:00:00+00:00,165.0,-1158.0220814086233,-4365.2106744092,2062.753330866166
2025-07-18 08:00:00+00:00,201.25,-2025.925603361513,-5236.991419141679,1192.9188575574126
2025-07-18 09:00:00+00:00,243.25,-2007.3244929277444,-5214.547370211161,1223.4796129949518
2025-07-18 10:00:00+00:00,258.5,-451.06372733629905,-3657.9302460889066,2767.335919970896
2025-07-18 11:00:00+00:00,245.75,-441.31360573539405,-3648.647555434074,2779.6550984796586
2025-07-18 12:00:00+00:00,302.5,780.6226458712417,-2437.1706249789986,4001.5203226426984
2025-07-18 13:00:00+00:00,596.5,424.9119215419796,-2816.2255765271257,3636.3393309236903
2025-07-18 14:00:00+00:00,995.0,-937.4922022838964,-4154.33609479714,2271.077868759842
2025-07-18 15:00:00+00:00,759.5,-969.1792101209367,-4182.778249410721,2249.7476405766047
2025-07-18 16:00:00+00:00,460.75,-686.3264461357148,-3900.9627331605698,2527.6695063369903
2025-07-18 17:00:00+00:00,449.5,262.7263724802715,-2959.1831984857727,3466.5210438583053
2025-07-18 18:00:00+00:00,513.5,591.5203342319201,-2624.005879911003,3805.611592845253
2025-07-18 19:00:00+00:00,557.0,-195.93857035208293,-3408.456968160146,3021.786720648363
2025-07-18 20:00:00+00:00,568.75,-259.2220683016367,-3468.5100280862407,2959.3987799437436
2025-07-18 21:00:00+00:00,591.25,-124.69385839503775,-3334.102596634615,3090.778539885709
2025-07-18 22:00:00+00:00,587.25,323.9059196046592,-2889.940414472954,3530.46354139424
2025-07-18 23:00:00+00:00,653.75,-235.52810008800589,-3451.992587622397,2972.088468750305
2025-07-19 00:00:00+00:00,736.75,399.5365893666449,-2808.24009958237,3615.121551326738
2025-07-19 01:00:00+00:00,747.75,1721.3348398753242,-1492.9189626611296,4932.49500089585
2025-07-19 02:00:00+00:00,763.75,483.58439869302947,-2724.5118465367486,3700.8788261430236
2025-07-19 03:00:00+00:00,1035.25,1207.166101570885,-2010.0716753800125,4419.525224522984
2025-07-19 04:00:00+00:00,1059.0,1446.006908242296,-1771.877170652323,4657.940395903107
2025-07-19 05:00:00+00:00,882.5,1244.823275841978,-1973.4402403157883,4452.493113281808
2025-07-19 06:00:00+00:00,438.5,812.5679196982364,-2404.295437972997,4024.276759933745
2025-07-19 07:00:00+00:00,307.5,-530.892063388399,-3743.3919363129953,2684.926949991297
2025-07-19 08:00:00+00:00,489.75,-1120.75298143086,-4335.22939416054,2097.9366532443873
2025-07-19 09:00:00+00:00,785.0,-482.9197424592112,-3698.534509983723,2737.5825843227794
2025-07-19 10:00:00+00:00,1066.75,-358.29832508345044,-3566.9820424283334,2858.655324044278
2025-07-19 11:00:00+00:00,1588.0,7.037931380290502,-3206.4682941200026,3229.6496332454135
2025-07-19 12:00:00+00:00,2105.2500000000005,204.1939356392677,-3011.3422946204682,3425.3210072444226
2025-07-19 13:00:00+00:00,2372.25,1550.9970278771461,-1664.1568387979669,4774.582357357436
2025-07-19 14:00:00+00:00,2490.75,1480.8346092453444,-1738.1896231743303,4702.6755993416455
2025-07-19 15:00:00+00:00,2318.9999999999995,2014.6603560588037,-1213.47270275732,5224.583906652622
2025-07-19 16:00:00+00:00,2243.25,2311.1880681067883,-906.957541622799,5522.605278496919
2025-07-19 17:00:00+00:00,2418.5,1909.677449775098,-1311.3907260756641,5121.002623701622
2025-07-19 18:00:00+00:00,3437.0,2051.487775543156,-1161.0809896342762,5269.613303755335
2025-07-19 19:00:00+00:00,5352.25,2650.535158928758,-570.6331366708891,5862.4233969365805
2025-07-19 20:00:00+00:00,7103.25,4742.58287856624,1520.9234936492603,7948.839092726023
2025-07-19 21:00:00+00:00,7726.25,5984.748779274316,2762.4866839248566,9194.676538435
2025-07-19 22:00:00+00:00,7318.5,5852.8233546571655,2643.4037280579287,9062.303230323143
2025-07-19 23:00:00+00:00,6333.25,5521.315426544545,2309.6174333708877,8730.814681106542
2025-07-20 00:00:00+00:00,5538.75,4846.502047449698,1628.8692662884246,8060.476531894325
2025-07-20 01:00:00+00:00,4894.25,4039.5287463068353,824.9310777147521,7264.418638609146
2025-07-20 02:00:00+00:00,4061.0,4438.755117766321,1223.1095075825697,7654.210598914429
2025-07-20 03:00:00+00:00,3519.25,4507.038436961341,1292.6939842634802,7726.61898147603
2025-07-20 04:00:00+00:00,3047.5,3877.124905161273,665.4069865186939,7097.118592106615
2025-07-20 05:00:00+00:00,2133.5,2925.892336023205,-288.9242234841331,6142.932574670104
2025-07-20 06:00:00+00:00,1248.0,2527.5389692095855,-683.2629747419096,5750.951461765499
2025-07-20 07:00:00+00:00,904.5000000000009,2160.3626666303157,-1060.2584230689881,5370.2721039070875
2025-07-20 08:00:00+00:00,927.0,1545.5632092457217,-1666.7871970515662,4765.855021381228
2025-07-20 09:00:00+00:00,1135.75,1578.1532271809592,-1645.2106411230388,4794.009758380165
2025-07-20 10:00:00+00:00,1508.75,1642.151532562084,-1583.928347155179,4856.70293627038
2025-07-20 11:00:00+00:00,1774.25,2731.4343605753047,-489.08800631685335,5947.29365369781
2025-07-20 12:00:00+00:00,1604.5,2571.7957761877965,-651.6205450164916,5786.701208931649
2025-07-20 13:00:00+00:00,1648.0,1744.2649253492032,-1473.8706120316774,4959.476505662563
2025-07-20 14:00:00+00:00,1813.0,2994.568643161214,-237.85058569829835,6209.265487661388
2025-07-20 15:00:00+00:00,1998.5,2323.576081871162,-894.5172680452706,5537.867708270133
2025-07-20 16:00:00+00:00,2177.75,1907.0630177610456,-1312.8359637791136,5131.457588814433
2025-07-20 17:00:00+00:00,2892.25,2307.9012341663947,-901.9950312664887,5507.876706211532
2025-07-20 18:00:00+00:00,3769.25,3067.7034453801593,-153.4866786765242,6274.165609776629
2025-07-20 19:00:00+00:00,4391.5,4727.424444119081,1504.7247443571746,7948.065680940355
2025-07-20 20:00:00+00:00,3931.0,3953.7052730492687,740.1511336653466,7170.978808464144
2025-07-20 21:00:00+00:00,3820.25,3115.292540269758,-110.77741213223544,6331.265126545
2025-07-20 22:00:00+00:00,3477.0,3276.8519277706514,49.90279153329266,6495.104875815462
2025-07-20 23:00:00+00:00,3580.0,3370.8133996532833,137.67134646059003,6592.949225667002
2025-07-21 00:00:00+00:00,3604.25,3698.5235176522406,465.5094587886297,6918.587681837071
2025-07-21 01:00:00+00:00,2895.75,3353.094420004909,150.82493814440568,6602.2427463326
2025-07-21 02:00:00+00:00,2292.5,2528.0956736559447,-700.4319517202102,5741.444009231498
2025-07-21 03:00:00+00:00,2333.25,4254.739027048356,1029.2051754072463,7468.9239116541685
2025-07-21 04:00:00+00:00,2326.75,3865.589464613715,635.7738433697668,7083.973578932019
2025-07-21 05:00:00+00:00,1786.0,3360.0494064502886,143.25331184122751,6568.347563838314
2025-07-21 06:00:00+00:00,1416.0,3001.529044101353,-214.89712697907999,6207.721693033535
2025-07-21 07:00:00+00:00,1012.0,2244.739094047958,-966.7106829562272,5469.3889843038
2025-07-21 08:00:00+00:00,665.25,1599.6392275826133,-1612.771594184569,4815.756687496949
2025-07-21 09:00:00+00:00,614.25,1927.889513350613,-1285.1989813625223,5152.900829125374
2025-07-21 10:00:00+00:00,878.0,1513.4864257236723,-1699.7667399323573,4734.8159861600825
2025-07-21 11:00:00+00:00,1174.25,575.822160738966,-2632.891598094021,3795.3964128987145
2025-07-21 12:00:00+00:00,1641.0,-667.7162735524489,-3870.5907098845546,2552.3132108918767
2025-07-21 13:00:00+00:00,1859.5,245.29463718927036,-2963.7578161891306,3462.547108092495
2025-07-21 14:00:00+00:00,2205.0,447.3929005609498,-2761.3356764231394,3669.6193822035552
2025-07-21 15:00:00+00:00,2648.25,1091.240672871323,-2123.315310604362,4303.509633097943
2025-07-21 16:00:00+00:00,2984.0000000000005,1504.172878600103,-1712.6401283879231,4720.856242665944
2025-07-21 17:00:00+00:00,3234.75,1630.3543595890847,-1596.1099987022872,4849.868592224098
2025-07-21 18:00:00+00:00,2490.75,2735.9289723175284,-480.93074024750604,5960.1187471617595
2025-07-21 19:00:00+00:00,1779.0,2540.1113836102354,-670.865634552647,5768.079591232857
2025-07-21 20:00:00+00:00,1928.25,1991.7142363675862,-1219.4824284917704,5202.632149589982
2025-07-21 21:00:00+00:00,2430.2499999999995,1558.8313795268446,-1654.4427182790678,4784.968175983402
2025-07-21 22:00:00+00:00,2874.75,1624.8894833186482,-1581.52847734826,4853.160328499137
2025-07-21 23:00:00+00:00,3308.25,1896.5080055604976,-1317.7665481455042,5106.894295328323
2025-07-22 00:00:00+00:00,3487.25,1012.681248621956,-2197.30291823039,4231.158278736987
2025-07-22 01:00:00+00:00,3664.25,964.1968570938297,-2249.292918560758,4180.950770247751
2025-07-22 02:00:00+00:00,3799.0,1094.8416357694941,-2116.835104728695,4305.110100613703
2025-07-22 03:00:00+00:00,3893.25,2243.919591276714,-968.6257829664164,5447.061141469486
2025-07-22 04:00:00+00:00,4205.0,1678.1833596430924,-1533.5118236514281,4896.645916614239
2025-07-22 05:00:00+00:00,4045.75,1235.3376768570179,-1975.2095382784792,4453.810561251517
2025-07-22 06:00:00+00:00,3636.75,18.6412701485242,-3202.071933749914,3239.792569639558
2025-07-22 07:00:00+00:00,3723.75,992.8062910792187,-2237.186159522147,4236.270126945588
2025-07-22 08:00:00+00:00,4083.75,897.1518191684427,-2318.6254044602465,4113.531905909399
2025-07-22 09:00:00+00:00,4500.5,1516.9110314579725,-1689.3065043113356,4741.618203365096
2025-07-22 10:00:00+00:00,5376.25,1053.134818466804,-2163.5561010442307,4265.596011750887
2025-07-22 11:00:00+00:00,5956.0,2026.9472971288837,-1194.8284495588696,5236.339326172377
2025-07-22 12:00:00+00:00,6201.75,2546.3710615923906,-672.8476557811937,5755.857309892535
2025-07-22 13:00:00+00:00,6703.25,5663.777514689107,2442.663986511282,8881.189465271997
2025-07-22 14:00:00+00:00,7179.5,4674.1039544195,1452.7236739223217,7885.5872189192305
2025-07-22 15:00:00+00:00,7090.25,5597.889401455388,2378.4023674634395,8801.164842365504
2025-07-22 16:00:00+00:00,6862.0,5670.476359132319,2445.1622775991814,8876.468605242562
2025-07-22 17:00:00+00:00,6692.25,5767.477448594343,2547.858317833977,8974.28877298011
2025-07-22 18:00:00+00:00,6802.5,6919.81030066032,3682.432846657126,10139.852275622427
2025-07-22 19:00:00+00:00,7102.5,6419.614013771711,3197.3669972970956,9631.750174788483
2025-07-22 20:00:00+00:00,8013.5,7153.32458587954,3926.7026120907294,10371.131326389956
2025-07-22 21:00:00+00:00,10086.0,8140.57018962186,4916.547483155612,11367.650650577156
2025-07-22 22:00:00+00:00,11617.0,9500.82173662092,6265.640090533748,12724.9316722806
2025-07-22 23:00:00+00:00,12632.75,9222.155909816553,5991.473870887973,12438.505291886027
2025-07-23 00:00:00+00:00,12899.0,9276.28465112677,6043.758640805026,12489.882903238617
2025-07-23 01:00:00+00:00,12407.0,9110.650161892163,5879.267445505699,12320.284455916608
2025-07-23 02:00:00+00:00,12305.0,9327.625213678422,6109.578008690263,12539.021874884034
2025-07-23 03:00:00+00:00,11938.75,8787.9113840289,5564.653702587578,12004.627969070514
2025-07-23 04:00:00+00:00,11730.5,7339.956361253698,4118.801815739162,10554.279330789726
2025-07-23 05:00:00+00:00,11068.5,8503.84042219004,5283.3142313780145,11715.699065448496
2025-07-23 06:00:00+00:00,10788.0,7867.070014975996,4647.020227649484,11076.335487676575
2025-07-23 07:00:00+00:00,10112.25,7965.61343928262,4746.277487073758,11168.446635968437
2025-07-23 08:00:00+00:00,9753.75,8121.537310801992,4888.621587846977,11332.453673953729
2025-07-23 09:00:00+00:00,9548.25,8266.200589530694,5038.791668856956,11473.930637449339
2025-07-23 10:00:00+00:00,9445.75,8659.16291487162,5436.159860395588,11870.35871268046
2025-07-23 11:00:00+00:00,9054.0,8969.194015112296,5754.790039989586,12170.447832478607
2025-07-23 12:00:00+00:00,8663.75,8035.87370501895,4811.777040558088,11239.735228364723
2025-07-23 13:00:00+00:00,8227.75,7833.63906181765,4619.250605474344,11031.564773289065
2025-07-23 14:00:00+00:00,7685.5,6993.764056316111,3776.889579009598,10199.352107861316
2025-07-23 15:00:00+00:00,6699.0,6394.0140350258125,3180.0411039537084,9590.167646632253
2025-07-23 16:00:00+00:00,5829.75,6207.404943208626,2991.8463041313858,9418.396478576313
2025-07-23 17:00:00+00:00,4568.0,5624.34360840577,2414.6993232157256,8839.152634545004
2025-07-23 18:00:00+00:00,3513.75,5259.966941193986,2046.4824375942053,8476.510800829728
2025-07-23 19:00:00+00:00,2724.75,5198.450321714514,1991.6745737833712,8419.856558255382
2025-07-23 20:00:00+00:00,2381.0,5510.436165362444,2298.725819370698,8731.4232963034
2025-07-23 21:00:00+00:00,2231.2499999999995,5308.8637754785,2093.477536505197,8520.566498397748
2025-07-23 22:00:00+00:00,2167.75,4684.966209655364,1465.9990693608465,7899.700378289568
2025-07-23 23:00:00+00:00,2010.5,4093.0293140326594,871.3462095602263,7304.733504810123
2025-07-24 00:00:00+00:00,1811.5,4147.917328572331,923.4788588927458,7347.3279190407775
2025-07-24 01:00:00+00:00,1585.25,4456.885819275538,1241.7216395020905,7665.342160287593
2025-07-24 02:00:00+00:00,1547.25,3913.7410172390023,695.1531438868815,7121.271694036592
2025-07-24 03:00:00+00:00,1834.0,3684.055376090275,469.0312286497665,6891.05033567737
2025-07-24 04:00:00+00:00,2040.0,3122.441364324947,-93.62567430717445,6330.046950273538
2025-07-24 05:00:00+00:00,1659.5,3169.398234792707,-45.01350520339747,6373.910152837821
2025-07-24 06:00:00+00:00,1174.75,2959.881425754082,-262.0246182127612,6165.60736637349
2025-07-24 07:00:00+00:00,985.9999999999991,2064.281754474097,-1152.2605349304204,5274.962210197011
2025-07-24 08:00:00+00:00,1050.249999999999,1545.5952325807102,-1669.209448302664,4751.139099591152
2025-07-24 09:00:00+00:00,1150.25,1227.6163041123236,-1983.3619493827364,4444.662498390271
2025-07-24 10:00:00+00:00,1287.25,1108.5675648155948,-2107.122911952638,4320.815295803892
2025-07-24 11:00:00+00:00,1407.0,1213.7410955231626,-2003.629222200525,4426.474724313072
2025-07-24 12:00:00+00:00,1565.75,2399.478713306595,-811.7342404572146,5620.0183794595305
2025-07-24 13:00:00+00:00,1742.75,3262.2029322695007,40.88926031905703,6483.691758321674
2025-07-24 14:00:00+00:00,2212.25,2790.4383460176564,-434.3470816585841,5995.393748337634
2025-07-24 15:00:00+00:00,2500.0,2802.2113286670265,-419.5041752103589,5995.849250097379
2025-07-24 16:00:00+00:00,2258.75,3098.414897663332,-122.23276215805072,6296.264501358784
2025-07-24 17:00:00+00:00,1888.0,2946.062929309324,-267.9062587240214,6151.2382236084195
2025-07-24 18:00:00+00:00,1445.5,2730.487054795225,-501.2694412392548,5944.113842643814
2025-07-24 19:00:00+00:00,1307.75,2159.2654507247726,-1054.31935568873,5359.686586331252
2025-07-24 20:00:00+00:00,1296.5,3418.856315775778,201.55473164067917,6615.1573462879205
2025-07-24 21:00:00+00:00,1368.75,3435.905459529514,216.19626340056857,6639.492300773175
2025-07-24 22:00:00+00:00,1241.75,3759.050935429861,542.7924216199526,6962.686481504039
2025-07-24 23:00:00+00:00,1088.0,4133.0267393771155,911.0524090617355,7335.397427155693
2025-07-25 00:00:00+00:00,1102.250000000001,3657.464458629438,441.4783400225024,6861.321792139438
2025-07-25 01:00:00+00:00,1068.25,3212.883710111796,-4.3223839509737445,6421.406732304417
2025-07-25 02:00:00+00:00,1257.0,2961.2363632390015,-255.38331021759132,6170.05484008471
2025-07-25 03:00:00+00:00,1740.75,4246.786602763844,1029.89888700752,7451.958725034107
2025-07-25 04:00:00+00:00,1760.25,4634.028449731662,1414.4435992310946,7837.737122113644
2025-07-25 05:00:00+00:00,1555.5,4521.1205078563835,1305.988626339934,7726.089746813152
2025-07-25 06:00:00+00:00,1659.25,4087.993774714341,872.9300709222089,7295.335261112341
2025-07-25 07:00:00+00:00,1796.75,3674.9170974000904,459.68684501829375,6888.383088258122
2025-07-25 08:00:00+00:00,1924.7499999999995,3545.604005871718,329.0049683142588,6757.51997629779
2025-07-25 09:00:00+00:00,1976.5,3281.8938256363176,71.22860230659171,6501.208024271823
2025-07-25 10:00:00+00:00,2011.2499999999995,3593.619757533472,379.9793107484802,6811.297189255738
2025-07-25 11:00:00+00:00,2233.0,3505.4199797063884,290.5522608827723,6723.665149729129
2025-07-25 12:00:00+00:00,2927.75,4173.49486144008,958.4913643007585,7392.528668890665
2025-07-25 13:00:00+00:00,3358.25,4494.586908323353,1278.8223124301176,7710.380760545382
2025-07-25 14:00:00+00:00,3360.25,4641.754440091923,1426.945693529833,7849.00636830241
2025-07-25 15:00:00+00:00,3511.75,4624.16104459897,1409.3628301320168,7835.403636357703
2025-07-25 16:00:00+00:00,3216.5,4802.737402031644,1587.722910669013,8013.180217908779
2025-07-25 17:00:00+00:00,2863.0,4553.328376314648,1342.2898064570772,7767.490444591249
2025-07-25 18:00:00+00:00,2263.25,3641.640919633158,428.06700320754953,6857.877755720888
2025-07-25 19:00:00+00:00,1453.25,3207.3918851536364,-7.430566163488038,6424.054091411904
2025-07-25 20:00:00+00:00,1043.25,2592.2835519167975,-621.6774096787913,5812.15061887704
2025-07-25 21:00:00+00:00,749.25,2613.9341961441237,-600.0567902777075,5827.618688994368
2025-07-25 22:00:00+00:00,695.0,2304.5924301113805,-903.4607239543402,5523.58255328151
2025-07-25 23:00:00+00:00,782.25,1602.355812711458,-1614.236314846763,4820.829552701031
2025-07-26 00:00:00+00:00,900.0,972.0029217888778,-2243.743840101105,4186.846772565797
2025-07-26 01:00:00+00:00,829.75,1180.9955228000717,-2040.7733197201214,4390.18467770847
2025-07-26 02:00:00+00:00,841.5,991.7832838675258,-2221.772090546503,4204.581333110705
2025-07-26 03:00:00+00:00,1120.0,1622.3823185264523,-1593.6443876650856,4832.477164250239
2025-07-26 04:00:00+00:00,1327.0,2767.3131535922475,-451.94638207030766,5968.919997524988
2025-07-26 05:00:00+00:00,1283.25,2862.4511590192046,-345.3228923009683,6075.090560420755
2025-07-26 06:00:00+00:00,1147.5,2767.231266647883,-443.86628501834093,5977.0452099555705
2025-07-26 07:00:00+00:00,1175.5,2880.2081514184333,-337.59738415041556,6092.010665255035
2025-07-26 08:00:00+00:00,1090.0,1911.658925693324,-1306.4014213679284,5132.097280298213
2025-07-26 09:00:00+00:00,1006.0,1696.88509182381,-1517.669079162276,4912.8009701224255
2025-07-26 10:00:00+00:00,1002.0,1675.8364950375649,-1535.7238419237965,4889.547231306739
2025-07-26 11:00:00+00:00,1139.5,1314.070993985556,-1896.5274241160232,4537.046876684659
2025-07-26 12:00:00+00:00,1277.0,1434.7896473156497,-1777.8624108129716,4659.216162991714
2025-07-26 13:00:00+00:00,1312.25,1172.2411902235954,-2036.953327808702,4391.548553104848
2025-07-26 14:00:00+00:00,1396.0,689.268903163731,-2524.5674126472104,3910.5289024705376
2025-07-26 15:00:00+00:00,1335.5,1215.4332934126933,-1991.2560914603682,4434.381275012244
2025-07-26 16:00:00+00:00,992.0,1388.397147288575,-1819.495967614048,4607.387806897433
2025-07-26 17:00:00+00:00,550.75,1052.1496043913048,-2155.786101923035,4270.717976637318
2025-07-26 18:00:00+00:00,310.0,483.7815968548666,-2732.367421027737,3707.763120649749
2025-07-26 19:00:00+00:00,266.25,158.89116731835566,-3052.2495685920494,3378.451115902005
2025-07-26 20:00:00+00:00,266.0,-746.6113877150738,-3966.449129122191,2469.1368140455465
2025-07-26 21:00:00+00:00,265.75,28.069224805236445,-3184.6703574976036,3238.7040016082356
2025-07-26 22:00:00+00:00,369.5,20.46597448031207,-3186.284478686175,3252.08158350129
2025-07-26 23:00:00+00:00,487.0,1930.7488396341714,-1293.2633289282003,5144.113017039303
2025-07-27 00:00:00+00:00,760.0,232.06858505212313,-2981.810699944963,3452.4057847628333
2025-07-27 01:00:00+00:00,973.7500000000009,1407.0264430080433,-1803.9672637612712,4615.320416734235
2025-07-27 02:00:00+00:00,1071.75,1751.1626743492989,-1466.950751708322,4959.741367017307
2025-07-27 03:00:00+00:00,1108.5,1298.0169972645062,-1916.8423434537517,4508.614963786014
2025-07-27 04:00:00+00:00,1147.75,2491.7148143330987,-734.428415940889,5696.871940894672
2025-07-27 05:00:00+00:00,1106.25,2570.4216147858806,-647.6039930428715,5775.811755355909
2025-07-27 06:00:00+00:00,933.0,1815.9900567721502,-1400.0663560576859,5033.844268509424
2025-07-27 07:00:00+00:00,891.0,1766.6598982536893,-1457.2109297269462,4975.651515447403
2025-07-27 08:00:00+00:00,833.5,1907.463666817193,-1311.8302835252553,5115.640818538035
2025-07-27 09:00:00+00:00,846.75,1423.752646079478,-1796.0890099936196,4628.431565183507
2025-07-27 10:00:00+00:00,1266.0,1716.6964457276113,-1497.344625403195,4925.502532064142
2025-07-27 11:00:00+00:00,1908.75,3519.272988717381,304.35950921616404,6730.950038968227
2025-07-27 12:00:00+00:00,2938.0,3748.438500847379,534.015239400801,6956.772122038999
2025-07-27 13:00:00+00:00,3799.5,3178.1766308908664,-38.64723562174822,6392.688184933928
2025-07-27 14:00:00+00:00,3880.75,3790.320890166967,569.7318317039753,7001.5120181952225
2025-07-27 15:00:00+00:00,4171.25,3875.887167884122,655.3367457710128,7083.336553779712
2025-07-27 16:00:00+00:00,3826.5,3800.9052396225597,592.4796320525029,7009.788522882325
2025-07-27 17:00:00+00:00,3211.25,3650.6942183867723,437.5957622716396,6866.941017613007
2025-07-27 18:00:00+00:00,2350.0,3283.7379877626067,72.4231715309761,6501.627158476432
2025-07-27 19:00:00+00:00,1775.75,3141.4689208519994,-70.6240326580928,6352.892430986648
2025-07-27 20:00:00+00:00,1776.5,3168.645179828516,-41.912358136723014,6383.383592391304
2025-07-27 21:00:00+00:00,2085.25,3088.895598459148,-128.6917333978081,6298.608825008399
2025-07-27 22:00:00+00:00,2405.0,2989.9701339997814,-223.726674886595,6201.543747222652
2025-07-27 23:00:00+00:00,2594.75,2921.2025119105124,-292.72337718928156,6133.12095771747
2025-07-28 00:00:00+00:00,2739.5,2796.675922859347,-417.5901091431124,6004.3757872043425
2025-07-28 01:00:00+00:00,2765.2500000000005,2727.688124075085,-482.3537877734025,5947.387020657545
2025-07-28 02:00:00+00:00,2507.0,2745.70386577626,-465.66803391718804,5958.802474763282
2025-07-28 03:00:00+00:00,2559.5,3006.0691259531905,-207.90381905511822,6207.517261100279
2025-07-28 04:00:00+00:00,2777.5,2776.7447235075224,-435.24022017358857,5985.675956049646
2025-07-28 05:00:00+00:00,2406.0,2545.661707157196,-665.4448155881046,5755.98180335008
2025-07-28 06:00:00+00:00,2006.0,2205.4216033353273,-1000.9410932027849,5422.047191064452
2025-07-28 07:00:00+00:00,2538.5,2874.0531856152415,-335.30003540043253,6089.9778035694835
2025-07-28 08:00:00+00:00,3279.0,3714.3708351134383,502.38764508923305,6935.873700183971
2025-07-28 09:00:00+00:00,4626.0,4111.505443616476,892.3694299354638,7322.068837364008
2025-07-28 10:00:00+00:00,5337.75,4528.169054361497,1311.4108523462446,7749.143051292336
2025-07-28 11:00:00+00:00,5987.25,5116.730897545293,1897.706627010195,8331.083358504306
2025-07-28 12:00:00+00:00,6448.5,5335.474345983897,2117.030328122805,8547.868550294554
2025-07-28 13:00:00+00:00,6768.5,5217.448141834676,2003.9633788946899,8430.067420207088
2025-07-28 14:00:00+00:00,6961.25,5196.380920171917,1978.0981869148868,8411.831886290805
2025-07-28 15:00:00+00:00,7350.5,5170.258356148421,1960.1391246358007,8384.947549404584
2025-07-28 16:00:00+00:00,6823.0,5035.787924974877,1819.990271396402,8243.629800672643
2025-07-28 17:00:00+00:00,5659.75,4861.376057924201,1647.3270704273864,8075.2317068311295
2025-07-28 18:00:00+00:00,4846.25,5397.605528871876,2181.0786396330545,8605.133076468093
2025-07-28 19:00:00+00:00,4670.25,5134.5203315800945,1920.8689524092397,8345.187960281735
2025-07-28 20:00:00+00:00,5140.5,5195.020712968371,1985.5606999496654,8402.238187332445
2025-07-28 21:00:00+00:00,5596.5,4782.780310050914,1571.6124536437442,7997.404700990789
2025-07-28 22:00:00+00:00,5839.5,4495.602349078982,1285.665772910881,7711.3109022020635
2025-07-28 23:00:00+00:00,6021.75,4879.967372749966,1665.1049828560635,8085.301076026146
2025-07-29 00:00:00+00:00,5746.25,4687.552513208188,1469.097310464876,7896.534078931669
2025-07-29 01:00:00+00:00,5428.0,4306.411610658186,1093.491079399535,7523.233314336256
2025-07-29 02:00:00+00:00,5080.75,4227.2121802587635,1017.1997436461697,7437.300864119387
2025-07-29 03:00:00+00:00,5217.0,4531.880708905643,1322.582271092816,7743.1941492113365
2025-07-29 04:00:00+00:00,4861.25,3931.510507921481,726.8834431869191,7148.381691123528
2025-07-29 05:00:00+00:00,4415.25,3853.35092319832,644.8964387572114,7065.90447426745
2025-07-29 06:00:00+00:00,4254.5,4235.765325130555,1023.3707217472011,7452.40106934909
2025-07-29 07:00:00+00:00,4680.75,4091.7599807393435,873.6879267448985,7301.900446523852
2025-07-29 08:00:00+00:00,5583.0,4650.670284414736,1429.3931742873156,7865.505418939332
2025-07-29 09:00:00+00:00,6154.25,5073.339690929861,1860.0302569413216,8293.373296032652
2025-07-29 10:00:00+00:00,6332.5,4676.5779240040965,1463.2644257585066,7895.722186883266
2025-07-29 11:00:00+00:00,6593.0,5298.177712507162,2087.1076818442352,8519.087915436367
2025-07-29 12:00:00+00:00,6454.0,6618.45146178388,3395.36972042087,9833.108645513692
2025-07-29 13:00:00+00:00,6966.75,6859.852417191414,3646.2936489892472,10062.76072510164
2025-07-29 14:00:00+00:00,7096.0,6541.8247598899015,3328.3470077006973,9760.79572499942
2025-07-29 15:00:00+00:00,6714.75,6488.731736161799,3274.4974789138973,9696.982185379115
2025-07-29 16:00:00+00:00,6149.5,7015.693695332055,3798.655342161175,10225.127127829484
2025-07-29 17:00:00+00:00,4888.5,6336.567551235828,3124.3890854874853,9546.54742744576
2025-07-29 18:00:00+00:00,3981.0,6125.773778176285,2913.379753260665,9341.013559806453
2025-07-29 19:00:00+00:00,3586.75,5646.397452485429,2441.618020946666,8863.433166274957
2025-07-29 20:00:00+00:00,3775.0,5155.102168780805,1946.74450999577,8371.542506643746
2025-07-29 21:00:00+00:00,4565.5,5257.056865219215,2042.240258012795,8468.912433510905
2025-07-29 22:00:00+00:00,5528.75,5643.580106767294,2430.0959682819703,8857.06896608329
2025-07-29 23:00:00+00:00,5460.25,5251.815997432514,2042.2331314048197,8476.805982388894
2025-07-30 00:00:00+00:00,6243.75,6804.574386453865,3585.5216879321333,10016.229251144863
2025-07-30 01:00:00+00:00,6609.75,6717.362195191977,3496.518908349538,9929.854143078277
2025-07-30 02:00:00+00:00,6188.25,6992.2327088152015,3747.705695146472,10228.674064923944
2025-07-30 03:00:00+00:00,6340.0,6777.065981697662,3558.145365793698,9983.354341767794
2025-07-30 04:00:00+00:00,6745.0,6445.73797225596,3225.424243117856,9650.19830143931
2025-07-30 05:00:00+00:00,6356.5,7537.067933610161,4285.3088341753755,10776.295834023073
2025-07-30 06:00:00+00:00,5874.5,7508.9197882050885,4285.265798482583,10726.341498974149
2025-07-30 07:00:00+00:00,6067.75,7024.527208378068,3775.4430938210835,10255.97519432231
2025-07-30 08:00:00+00:00,6343.5,6951.618942557137,3729.6977949585726,10154.664946655863
2025-07-30 09:00:00+00:00,7015.75,7379.856211298623,4156.658505885001,10589.585338663488
2025-07-30 10:00:00+00:00,8351.75,7434.727651218774,4204.994272020198,10657.654493099952
2025-07-30 11:00:00+00:00,8899.25,8165.571299147568,4929.134298211165,11381.288026891958
2025-07-30 12:00:00+00:00,9536.5,7973.381947197509,4747.150990327591,11193.2963014384
2025-07-30 13:00:00+00:00,9810.5,9296.749823608068,6058.6834452219555,12519.739644466199
2025-07-30 14:00:00+00:00,9552.25,10545.418021670843,7303.446401953692,13760.81156832197
2025-07-30 15:00:00+00:00,9404.25,10935.336097660951,7702.47314045366,14162.579517923381
2025-07-30 16:00:00+00:00,8663.75,9931.667408401274,6710.113356541811,13146.963561449571
2025-07-30 17:00:00+00:00,8100.25,9778.774913809273,6557.738295612815,12990.123129683298
2025-07-30 18:00:00+00:00,7741.75,8759.887935421124,5538.527029442002,11966.01294435542
2025-07-30 19:00:00+00:00,7504.75,8304.559560213569,5081.64417251337,11507.281538985982
2025-07-30 20:00:00+00:00,7255.5,6888.244068299544,3666.6500005442836,10102.082247932382
2025-07-30 21:00:00+00:00,7661.5,7888.674887077972,4665.849817837916,11105.59935948172
2025-07-30 22:00:00+00:00,7998.75,8036.085826014761,4813.571998189242,11257.776817162592
2025-07-30 23:00:00+00:00,7896.25,9319.098591119451,6090.161763230632,12533.438040300462
2025-07-31 00:00:00+00:00,8021.75,8938.975393918217,5712.729834579034,12150.40623600068
2025-07-31 01:00:00+00:00,8098.75,9748.717116200205,6515.243898753405,12962.286586859656
2025-07-31 02:00:00+00:00,7968.75,10248.220644665333,7030.042950608576,13466.67326295249
2025-07-31 03:00:00+00:00,7539.75,9933.835955391838,6709.149012309081,13146.724271431884
2025-07-31 04:00:00+00:00,7186.5,8979.231816253676,5751.567255652002,12200.820544745166
2025-07-31 05:00:00+00:00,6615.25,8106.756040674978,4887.384459069904,11325.22222626671
2025-07-31 06:00:00+00:00,5931.25,5588.809147365792,2366.571814779113,8810.014380055789
2025-07-31 07:00:00+00:00,6055.25,4603.122981064595,1379.7229688849993,7811.939449384758
2025-07-31 08:00:00+00:00,6717.25,5341.094015461885,2117.1175453289006,8550.505128657242
2025-07-31 09:00:00+00:00,7706.75,6452.770801199131,3234.811376648436,9657.37861665297
2025-07-31 10:00:00+00:00,8320.0,6382.469664746454,3165.632819313397,9588.8653876985
2025-07-31 11:00:00+00:00,8890.5,8104.441599631892,4874.0977731768735,11320.150796607766
2025-07-31 12:00:00+00:00,8539.5,7964.893607009564,4734.352273836591,11178.898436372878
2025-07-31 13:00:00+00:00,8256.0,7755.849514434536,4525.4408504249195,10969.234461490574
2025-07-31 14:00:00+00:00,7962.75,7526.97437525749,4315.882647481616,10741.265814224538
2025-07-31 15:00:00+00:00,7026.25,7724.241267802563,4504.118646324194,10933.550562495271
2025-07-31 16:00:00+00:00,5721.25,7428.383442048303,4207.510359771113,10638.099981513355
2025-07-31 17:00:00+00:00,4669.75,6512.238600396407,3292.087879327789,9724.020697521219
2025-07-31 18:00:00+00:00,3890.25,5500.185785391875,2280.9061759716055,8714.382904910122
2025-07-31 19:00:00+00:00,3390.25,4392.7395654196325,1183.2101526312772,7610.957129254139
2025-07-31 20:00:00+00:00,3255.5,3947.970226890707,738.61013655638,7164.921103336697
2025-07-31 21:00:00+00:00,3095.5,3744.972231839398,531.8391651439615,6952.755341367195
2025-07-31 22:00:00+00:00,2956.75,3289.177964529535,73.82787877389092,6496.093036915928
2025-07-31 23:00:00+00:00,2646.75,3564.3141848217197,345.11759334839735,6776.939688703177
2025-08-01 00:00:00+00:00,2783.5,3225.0720940789533,7.519799666124527,6432.300412767005
2025-08-01 01:00:00+00:00,2689.5,3173.023979261139,-38.29673669251861,6386.888464189315
2025-08-01 02:00:00+00:00,2724.5,2827.77459279673,-383.30164346157926,6030.045902684492
2025-08-01 03:00:00+00:00,3095.75,3006.3332352887187,-210.6690401580372,6214.5342246644295
2025-08-01 04:00:00+00:00,3456.75,3499.5124375874557,287.6538636731957,6706.68979515453
2025-08-01 05:00:00+00:00,3197.0,3410.508210756755,190.6186305124802,6614.971108008451
2025-08-01 06:00:00+00:00,2778.5,2951.239424510378,-261.0406354979741,6161.013178213415
2025-08-01 07:00:00+00:00,2813.25,2261.161446738982,-961.0285121463321,5476.4745938585265
2025-08-01 08:00:00+00:00,3135.5,2127.348215843884,-1085.4706904676568,5339.841667670173
2025-08-01 09:00:00+00:00,3308.25,2372.3437008433193,-839.8406445001692,5594.588462173653
2025-08-01 10:00:00+00:00,3539.0,2543.392399330483,-667.6851650106082,5760.429539755281
2025-08-01 11:00:00+00:00,3669.25,3233.635536476457,16.504980739692655,6435.918993117257
2025-08-01 12:00:00+00:00,3678.75,3395.502467283118,184.41772264993597,6607.135460512945
2025-08-01 13:00:00+00:00,3718.75,3312.5996855223443,97.07271045866491,6518.613909902863
2025-08-01 14:00:00+00:00,4370.25,3139.7514488956554,-84.97363522386695,6342.345372127041
2025-08-01 15:00:00+00:00,4275.5,3558.657811442955,348.11269847707445,6776.83130621045
2025-08-01 16:00:00+00:00,3883.75,4522.173905825676,1302.753940243012,7724.813778269599
2025-08-01 17:00:00+00:00,3377.75,4756.90791663535,1536.0965638353064,7969.397638187234
2025-08-01 18:00:00+00:00,2617.25,3594.1219386481725,377.05397264450494,6811.830813499298
2025-08-01 19:00:00+00:00,2220.5,3514.6479875912937,295.2515508176939,6733.021541938931
2025-08-01 20:00:00+00:00,2341.0,3474.035987726933,263.94233518664896,6687.900390549458
2025-08-01 21:00:00+00:00,2803.25,3804.483547818967,586.0036506047236,7015.000674296864
2025-08-01 22:00:00+00:00,2909.5,4212.873521273095,993.3186368965853,7429.681200439549
2025-08-01 23:00:00+00:00,2670.25,3672.4702967257435,457.4065967730776,6882.913376977125
2025-08-02 00:00:00+00:00,2478.5000000000005,4260.716011919467,1046.2441758266323,7468.094097318481
2025-08-02 01:00:00+00:00,2196.75,3847.1590418997275,629.3431294049187,7066.626758137444
2025-08-02 02:00:00+00:00,1987.25,2989.9310098696014,-233.75169562803057,6206.250496142216
2025-08-02 03:00:00+00:00,2077.0,3016.680609198067,-199.82789387682806,6224.563248651065
2025-08-02 04:00:00+00:00,2203.25,2946.002928446245,-267.7282402083547,6156.0771868302345
2025-08-02 05:00:00+00:00,2025.75,2349.479026665078,-869.033419416709,5554.695496341423
2025-08-02 06:00:00+00:00,1720.0,1927.7157268142732,-1289.0285847869463,5153.108605765965
2025-08-02 07:00:00+00:00,1849.0,2354.5231883481492,-863.8333455309757,5567.64516585147
2025-08-02 08:00:00+00:00,2249.75,2034.0346261661107,-1183.2439817369486,5254.343317602286
2025-08-02 09:00:00+00:00,2845.0,1996.1392501089513,-1220.6887787855985,5207.889008764266
2025-08-02 10:00:00+00:00,3330.75,2495.028997800865,-725.8922816665845,5713.582961377265
2025-08-02 11:00:00+00:00,3761.75,3549.2247913001006,325.8073168357514,6766.0592227700145
2025-08-02 12:00:00+00:00,4195.5,3702.3390392654583,480.11396797616544,6910.554679709527
2025-08-02 13:00:00+00:00,5199.75,5923.19152045274,2714.4617490650203,9138.095449139642
2025-08-02 14:00:00+00:00,5727.0,6240.00472669181,3019.106939944338,9443.260597971965
2025-08-02 15:00:00+00:00,6294.25,6626.68265697107,3412.279130983302,9832.338728103974
2025-08-02 16:00:00+00:00,6144.75,8013.346067847706,4796.7999364160505,11220.8774823018
2025-08-02 17:00:00+00:00,6013.25,7221.978744954571,4009.9665828510606,10436.522311266643
2025-08-02 18:00:00+00:00,5240.5,6915.77090420912,3685.9888484688518,10112.946928929647
2025-08-02 19:00:00+00:00,4920.75,7847.226271659518,4607.5747309286435,11055.203634655321
2025-08-02 20:00:00+00:00,5097.25,7746.420749252124,4528.229403753766,10971.972284824493
2025-08-02 21:00:00+00:00,5709.5,7075.901973992335,3857.247889110605,10288.946557282808
2025-08-02 22:00:00+00:00,6329.25,6647.204078167941,3429.7505551818945,9860.220604466596
2025-08-02 23:00:00+00:00,6555.75,7118.993803775846,3896.9443048558405,10338.055785160166
2025-08-03 00:00:00+00:00,6571.0,7323.8971196678,4101.839605800875,10533.4346263656
2025-08-03 01:00:00+00:00,6833.75,8417.888380813165,5201.023424370068,11626.636944024134
2025-08-03 02:00:00+00:00,7233.5,8944.004921324722,5722.87705045333,12159.209015817054
2025-08-03 03:00:00+00:00,7060.5,8218.395518175477,4992.632755038669,11427.765809875506
2025-08-03 04:00:00+00:00,7052.25,7310.502307107195,4083.315474513636,10532.570891370788
2025-08-03 05:00:00+00:00,6765.5,6803.50829813576,3578.7775815453388,10021.951740214065
2025-08-03 06:00:00+00:00,6389.25,7594.063554473963,4354.101115991147,10821.402014965312
2025-08-03 07:00:00+00:00,5924.5,7908.76910150591,4680.525504233806,11131.803386269388
2025-08-03 08:00:00+00:00,5436.5,7121.045686264334,3895.703919554053,10330.750903795462
2025-08-03 09:00:00+00:00,5005.0,6542.995957025836,3327.2909296916946,9749.48015937135
2025-08-03 10:00:00+00:00,4955.5,6092.144840122443,2873.3705663736673,9299.439675410926
2025-08-03 11:00:00+00:00,4828.75,6369.460912590871,3143.8402202985803,9572.310761760571
2025-08-03 12:00:00+00:00,4736.25,7380.379184077167,4160.9108827189675,10585.832066597097
2025-08-03 13:00:00+00:00,4850.75,7561.9186874094585,4347.725851624809,10766.820369229414
2025-08-03 14:00:00+00:00,5611.5,6991.409786928025,3778.631834727152,10194.002390520807
2025-08-03 15:00:00+00:00,6377.25,6044.123321315186,2828.4836821827193,9259.706172912001
2025-08-03 16:00:00+00:00,6595.5,6155.732064131202,2942.7205488280065,9369.091482636537
2025-08-03 17:00:00+00:00,5982.25,5939.762601360672,2720.7527758992355,9161.567641218655
2025-08-03 18:00:00+00:00,5166.25,5362.366785867271,2147.055471695966,8577.019539016004
2025-08-03 19:00:00+00:00,6139.25,6488.39952619848,3272.6050615721906,9700.815065068786
2025-08-03 20:00:00+00:00,6411.25,6198.891275195999,2984.672148769981,9413.29159046195
2025-08-03 21:00:00+00:00,7133.25,5564.5192556530865,2360.741300519145,8775.06039762268
2025-08-03 22:00:00+00:00,7432.75,7634.276354233741,4405.066878860973,10853.559968226415
2025-08-03 23:00:00+00:00,7452.0,8391.336616750097,5161.061846875316,11608.216064201966
2025-08-04 00:00:00+00:00,7603.5,6478.145208229056,3257.124106559835,9682.547680071217
2025-08-04 01:00:00+00:00,7484.25,6680.8879439366665,3457.587333618505,9889.619213343867
2025-08-04 02:00:00+00:00,7390.75,6473.372685351633,3249.2342909528984,9679.22222901314
2025-08-04 03:00:00+00:00,7147.0,6473.7065977560305,3231.6004401710275,9696.558700366702
2025-08-04 04:00:00+00:00,6482.25,7211.915772103133,3971.123224706156,10449.2467521393
2025-08-04 05:00:00+00:00,5596.5,6080.14625963182,2860.075083057476,9284.738964668488
2025-08-04 06:00:00+00:00,4598.75,5554.382258244888,2331.7055597454437,8766.959883580013
2025-08-04 07:00:00+00:00,4361.25,5127.804975749371,1907.5961853572103,8343.248487097153
2025-08-04 08:00:00+00:00,4497.25,4277.42072748948,1062.3495194621028,7498.364821561143
2025-08-04 09:00:00+00:00,4014.25,3512.665585084058,300.3417242437363,6734.885167281191
2025-08-04 10:00:00+00:00,3799.5,3183.4909060964615,-34.43653626795913,6405.1117044240955
2025-08-04 11:00:00+00:00,4700.0,4048.6084938196173,836.5735255122736,7258.217732021163
2025-08-04 12:00:00+00:00,5180.5,4795.190572276042,1580.6821029018424,8005.152611582313
2025-08-04 13:00:00+00:00,5429.0,5340.709921075401,2126.6607768736953,8544.685482191519
2025-08-04 14:00:00+00:00,5363.0,5948.2593640722,2728.863525506691,9160.75143383078
2025-08-04 15:00:00+00:00,4821.0,5576.643819812762,2372.8750563598287,8794.62992835127
2025-08-04 16:00:00+00:00,6297.0,6695.296379817559,3483.2197210817135,9914.520077917274
2025-08-04 17:00:00+00:00,7823.5,8119.722789205867,4901.93531550728,11331.179290102042
2025-08-04 18:00:00+00:00,8874.5,8578.833423550557,5359.946732621034,11796.059654624827
2025-08-04 19:00:00+00:00,11595.25,10223.488481375525,7008.876235321352,13439.419329543536
2025-08-04 20:00:00+00:00,12062.25,11506.681837217326,8297.277226805307,14735.394357764108
2025-08-04 21:00:00+00:00,12092.0,11630.864067799243,8412.16337247744,14841.24449639943
2025-08-04 22:00:00+00:00,11132.0,11298.327025020903,8064.055039738258,14515.651948510413
2025-08-04 23:00:00+00:00,9940.25,9494.359891987597,6277.780479102488,12712.8274633439
2025-08-05 00:00:00+00:00,9488.25,7242.020730923911,4026.7601741737285,10455.130203956864
2025-08-05 01:00:00+00:00,8420.5,7089.7950126084415,3879.5304348189825,10303.174718678201
2025-08-05 02:00:00+00:00,7523.0,6687.203006918906,3476.0923314993465,9910.17031405848
2025-08-05 03:00:00+00:00,6774.0,6640.465455670972,3429.3766045027455,9865.420373076475
2025-08-05 04:00:00+00:00,6712.5,7389.483396813595,4168.189008735686,10603.051769992799
2025-08-05 05:00:00+00:00,6110.0,6623.35619587218,3407.774065309591,9833.85609295766
2025-08-05 06:00:00+00:00,5752.5,6599.452105738379,3383.175297206251,9812.235288038033
2025-08-05 07:00:00+00:00,6906.75,7167.384942811444,3952.993955858691,10387.927644989908
2025-08-05 08:00:00+00:00,8298.5,8554.326560556543,5330.799851059127,11752.937210699369
2025-08-05 09:00:00+00:00,9286.25,9471.674985229669,6248.765048946305,12680.66477819738
2025-08-05 10:00:00+00:00,9645.5,9611.869416041054,6398.0656969139045,12826.667543454823
2025-08-05 11:00:00+00:00,9710.75,9510.061511814358,6296.633482746191,12721.556582179423
2025-08-05 12:00:00+00:00,10345.75,9747.740887952463,6533.480325563523,12954.709027830482
2025-08-05 13:00:00+00:00,10365.25,9901.560550502785,6677.5737233871705,13107.224697254584
2025-08-05 14:00:00+00:00,10488.75,10234.571029205277,7026.57647099316,13458.997654478244
2025-08-05 15:00:00+00:00,12472.25,11169.839028837947,7962.227946246641,14393.337541565978
2025-08-05 16:00:00+00:00,12745.0,9176.885031863587,5950.7307467247365,12406.6666611563
2025-08-05 17:00:00+00:00,11570.25,8165.3549393278145,4955.193310980916,11385.046853128637
2025-08-05 18:00:00+00:00,9807.5,8040.113211875785,4829.157216116836,11255.088648613559
2025-08-05 19:00:00+00:00,9209.75,7549.388385740582,4329.538260681432,10769.216412454036
2025-08-05 20:00:00+00:00,9028.5,7370.203513646273,4154.800018505167,10579.894230456612
2025-08-05 21:00:00+00:00,9640.25,5989.950849517423,2783.2668324670863,9211.678310028272
2025-08-05 22:00:00+00:00,9748.0,5484.389813383727,2261.8194597637216,8694.046180645852
2025-08-05 23:00:00+00:00,9378.5,6904.776092417014,3694.407738786841,10117.891093192979
2025-08-06 00:00:00+00:00,9103.0,6097.573303720084,2886.819734474223,9312.821075992404
2025-08-06 01:00:00+00:00,8515.25,6488.497837029504,3266.4891396689436,9701.878106399847
2025-08-06 02:00:00+00:00,7690.75,5952.245199141187,2741.986481098895,9177.387659494458
2025-08-06 03:00:00+00:00,7629.25,4720.477213190289,1505.0835230932857,7926.054365496038
2025-08-06 04:00:00+00:00,6667.75,4568.137434104615,1348.8240082069306,7785.326272144921
2025-08-06 05:00:00+00:00,5435.25,4657.755094106189,1434.93500363358,7874.316984583939
2025-08-06 06:00:00+00:00,4021.25,6047.140529306943,2829.281058042066,9262.521166079141
2025-08-06 07:00:00+00:00,3835.25,6238.206059898692,3017.762387902967,9443.902085826585
2025-08-06 08:00:00+00:00,5203.75,7068.862121316709,3845.1980413544957,10280.574780332645
2025-08-06 09:00:00+00:00,5729.75,7512.829667245439,4291.084097457637,10720.93179192315
2025-08-06 10:00:00+00:00,6509.25,7647.2974204328,4426.608786291367,10859.129960451035
2025-08-06 11:00:00+00:00,6622.0,8363.332207010573,5142.1647579285955,11565.469361249743
2025-08-06 12:00:00+00:00,6491.25,8044.242011543167,4826.68132360648,11253.796781188637
2025-08-06 13:00:00+00:00,5953.0,7302.656094656912,4090.216880450333,10518.594312950772
2025-08-06 14:00:00+00:00,5175.0,6290.4061720592545,3074.179402997996,9509.154313052284
2025-08-06 15:00:00+00:00,5345.0,6578.495069207964,3357.1502686734875,9788.276467952059
2025-08-06 16:00:00+00:00,4865.25,5867.984307493054,2652.0516193553503,9088.438352832027
2025-08-06 17:00:00+00:00,3484.75,4943.320375137767,1727.3861890107792,8167.051934039075
2025-08-06 18:00:00+00:00,1937.75,3877.6420108056823,662.8486939668692,7101.725346636994
2025-08-06 19:00:00+00:00,1322.0,3372.978718006691,157.4989752499514,6594.1110307434365
2025-08-06 20:00:00+00:00,862.0,3007.622500053449,-196.15948095866133,6229.477885513952
2025-08-06 21:00:00+00:00,740.5,2377.729979292875,-835.1433959008691,5588.443786931851
2025-08-06 22:00:00+00:00,656.25,2495.4929688021466,-715.5565964483558,5705.219803735251
2025-08-06 23:00:00+00:00,690.0,2570.70006608575,-644.8720637276219,5777.590425056484
2025-08-07 00:00:00+00:00,947.25,2022.3019305474022,-1194.6291457030275,5231.66618740682
2025-08-07 01:00:00+00:00,1519.0,3216.7887314283157,0.24019554459391657,6423.496163146785
2025-08-07 02:00:00+00:00,2234.75,3170.753932796927,-47.87655023210391,6384.103493226003
2025-08-07 03:00:00+00:00,2851.25,3369.095396545541,153.54147482786448,6586.364577339145
2025-08-07 04:00:00+00:00,3685.5,3600.7136225654494,386.3371539675727,6812.374374438665
2025-08-07 05:00:00+00:00,3885.25,3416.8641076270337,198.47699350591847,6631.61401699672
2025-08-07 06:00:00+00:00,3073.75,3174.454044233881,-38.62851628440967,6390.364817944815
2025-08-07 07:00:00+00:00,1884.5,2814.5966238458373,-398.9701388358135,6029.7895788688
2025-08-07 08:00:00+00:00,1404.0,2013.7160489993457,-1194.8955913242016,5231.122445298844
2025-08-07 09:00:00+00:00,1399.25,1660.9873002413792,-1545.599653793368,4879.407818272236
2025-08-07 10:00:00+00:00,2176.5,2309.4635098170247,-905.1190070996836,5522.514799446104
2025-08-07 11:00:00+00:00,2301.25,2680.4136501174294,-533.3080897512318,5886.138854587501
2025-08-07 12:00:00+00:00,2410.4999999999995,3378.397926854132,164.41716461093893,6586.61652259268
2025-08-07 13:00:00+00:00,2937.5,4113.351022209663,901.3176787123512,7327.570526999405
2025-08-07 14:00:00+00:00,3723.0,4444.106258579977,1236.488066863294,7650.211647305323
2025-08-07 15:00:00+00:00,4095.75,3728.8414884763133,520.3326110449316,6952.080113954863
2025-08-07 16:00:00+00:00,3296.75,3167.1822316231383,-39.20152491322824,6383.968154499073
2025-08-07 17:00:00+00:00,2489.75,2219.7468377285063,-994.294553652082,5438.57143824985
2025-08-07 18:00:00+00:00,2238.0,1669.3355295789179,-1545.4941046461054,4881.5538776037865
2025-08-07 19:00:00+00:00,1677.5,1673.786853967842,-1536.2942544238977,4891.444635235616
2025-08-07 20:00:00+00:00,1471.5,2184.6288611941454,-1026.0075838726034,5395.281064403371
2025-08-07 21:00:00+00:00,1615.7499999999995,1774.626692367587,-1436.3849071849745,4985.800033728991
2025-08-07 22:00:00+00:00,1979.0,2267.5276918916966,-950.860132664975,5472.461286024958
2025-08-07 23:00:00+00:00,2194.5,3977.786815538581,761.7640734096594,7180.685059113822
2025-08-08 00:00:00+00:00,2461.0,3967.7960588046053,753.3143865355751,7173.794202786939
2025-08-08 01:00:00+00:00,2511.5,3367.218080453955,155.4121351852209,6576.260085501187
2025-08-08 02:00:00+00:00,2967.5,3164.078524981229,-51.02824086120836,6373.6207249345725
2025-08-08 03:00:00+00:00,3481.25,3147.3806024500536,-63.45243350053988,6357.010063445703
2025-08-08 04:00:00+00:00,4141.75,3668.963966624915,458.24585168250997,6883.703158922275
2025-08-08 05:00:00+00:00,4087.25,3803.5871422812693,595.8087927979886,7015.615734523255
2025-08-08 06:00:00+00:00,3091.4999999999995,3749.306788341917,537.7538683429302,6969.404419273662
2025-08-08 07:00:00+00:00,2236.0,2867.186215189892,-346.2447846470059,6082.100041682176
2025-08-08 08:00:00+00:00,2572.75,2520.640616377769,-697.3730182358622,5731.561314452231
2025-08-08 09:00:00+00:00,3403.0,3381.573882251967,170.85157168062415,6606.411072377596
2025-08-08 10:00:00+00:00,4400.25,3685.877844161919,478.20794125288467,6906.638912602929
2025-08-08 11:00:00+00:00,5036.75,4000.202257912236,791.0404789376516,7217.162030852976
2025-08-08 12:00:00+00:00,5075.0,3914.248755588449,703.1604839018919,7130.608724765398
2025-08-08 13:00:00+00:00,4992.0,4080.21969036495,861.5557215855406,7292.53557851493
2025-08-08 14:00:00+00:00,4743.0,4152.024261733037,938.1700145333289,7362.991023123152
2025-08-08 15:00:00+00:00,4099.25,4030.284781224218,816.6077669858059,7241.357035011818
2025-08-08 16:00:00+00:00,3180.75,3686.7045901592255,477.55879022562476,6898.3902999466445
2025-08-08 17:00:00+00:00,2164.25,3129.062877415529,-81.84860244417905,6343.15379576719
2025-08-08 18:00:00+00:00,1377.25,2351.2210416748967,-862.6049857225189,5569.148966886333
2025-08-08 19:00:00+00:00,933.25,1780.3446457552222,-1433.5344466799506,5001.972339356194
2025-08-08 20:00:00+00:00,852.75,1612.8249355928715,-1594.3565359349432,4831.28083053767
2025-08-08 21:00:00+00:00,620.5,1218.8159476676074,-1990.1898750658365,4441.9519727058
2025-08-08 22:00:00+00:00,459.4999999999991,366.20796761318525,-2847.403139459513,3580.915746844782
2025-08-08 23:00:00+00:00,449.25,1302.3875262326528,-1931.936506800861,4509.7005605756485
2025-08-09 00:00:00+00:00,517.0,506.18535181422067,-2714.7089833117025,3715.0504001106847
2025-08-09 01:00:00+00:00,657.2499999999991,1247.4602736551215,-2063.293368353222,4559.99363843144
2025-08-09 02:00:00+00:00,874.0,1397.6140599835153,-1812.4036835127263,4609.199829182003
2025-08-09 03:00:00+00:00,1113.75,1616.0164550685713,-1592.1911112799025,4832.053593569819
2025-08-09 04:00:00+00:00,1588.5,1609.4020673259347,-1603.9456302319322,4818.238555408088
2025-08-09 05:00:00+00:00,1866.25,1457.1797489774317,-1763.1464822853522,4669.425468632946
2025-08-09 06:00:00+00:00,1413.5,1603.840053252252,-1617.2630881832574,4819.164189632002
2025-08-09 07:00:00+00:00,772.5,1990.4160050566543,-1224.5629461325698,5209.8881168057305
2025-08-09 08:00:00+00:00,730.0,1994.7920542337965,-1211.8188568376845,5212.659639629634
2025-08-09 09:00:00+00:00,685.75,957.1917884305522,-2258.8979996632042,4173.4658247515
2025-08-09 10:00:00+00:00,874.25,792.7478869662191,-2421.660138967017,4014.604427100425
2025-08-09 11:00:00+00:00,1035.75,1766.6921225173792,-1456.866660688248,4975.826247758726
2025-08-09 12:00:00+00:00,1270.25,3568.2397241262443,350.0017964758654,6779.070872485703
2025-08-09 13:00:00+00:00,1829.75,3611.114823275363,393.1953767027817,6827.819276051759
2025-08-09 14:00:00+00:00,2475.25,3149.6942647440956,-59.78435978785092,6372.537108821749
2025-08-09 15:00:00+00:00,2968.75,2814.767837819457,-393.219366280131,6037.363369237422
2025-08-09 16:00:00+00:00,3897.75,3822.2078872153584,606.6855531627516,7029.707100082736
2025-08-09 17:00:00+00:00,4643.5,4663.495767178566,1451.5741265217584,7880.014176381323
2025-08-09 18:00:00+00:00,4615.5,5440.91881578908,2224.5459074417076,8654.287886263794
2025-08-09 19:00:00+00:00,4653.75,5037.615557017893,1823.9627925034324,8253.672301176399
2025-08-09 20:00:00+00:00,4998.75,4141.621022069842,928.7388461847695,7355.819637416885
2025-08-09 21:00:00+00:00,4994.25,3693.7450943241893,478.0508784223939,6907.723232645907
2025-08-09 22:00:00+00:00,4944.75,3714.8433464409836,503.2981421780587,6935.27837577019
2025-08-09 23:00:00+00:00,4576.5,3428.0955143822493,215.01535656068427,6645.307162448285
2025-08-10 00:00:00+00:00,4424.25,4099.936002357098,886.4710746915616,7312.52414786678
2025-08-10 01:00:00+00:00,4690.25,4434.9776347632,1221.7536352570569,7645.294686689891
2025-08-10 02:00:00+00:00,5082.5,4665.521544416579,1451.4096071930126,7881.179499899782
2025-08-10 03:00:00+00:00,5314.25,4606.750741256996,1392.8285342472263,7821.676746652502
2025-08-10 04:00:00+00:00,4646.5,4304.666190792113,1086.344220731762,7515.192433137037
2025-08-10 05:00:00+00:00,3464.0,4020.4190916364405,804.8932138376867,7230.098269768717
2025-08-10 06:00:00+00:00,1896.0,3368.8216526999267,159.919332129728,6581.3088994354675
2025-08-10 07:00:00+00:00,2034.7499999999995,2858.4041132170414,-345.2192342133767,6072.048478697174
2025-08-10 08:00:00+00:00,2753.5,2713.3424478128427,-503.14183168921045,5928.273438407801
2025-08-10 09:00:00+00:00,3054.25,3572.876296060921,363.85192458511574,6792.651573308068
2025-08-10 10:00:00+00:00,2546.75,4291.438349217754,1080.2308278651572,7506.163257560031
2025-08-10 11:00:00+00:00,2183.0,4631.445721872924,1416.0489921589397,7844.365745755389
2025-08-10 12:00:00+00:00,2305.5,4597.3091635215405,1382.6867412824377,7810.391200147109
2025-08-10 13:00:00+00:00,3598.25,4267.53558976883,1056.315339667969,7479.169760539774
2025-08-10 14:00:00+00:00,3735.75,3918.496820810507,704.0285803206671,7132.183877278641
2025-08-10 15:00:00+00:00,3529.75,3935.880958517491,718.5143402992644,7143.681393769963
2025-08-10 16:00:00+00:00,3067.5,3682.6540285333185,463.42991425824493,6899.874677589534
2025-08-10 17:00:00+00:00,2205.0,2715.02296487183,-501.636135978546,5936.910677036803
2025-08-10 18:00:00+00:00,1688.5,1504.2763585341354,-1715.9983380238928,4732.259277843637
2025-08-10 19:00:00+00:00,1712.5,805.7233688564083,-2412.772544034352,4029.65671686124
2025-08-10 20:00:00+00:00,1835.5,742.4689942159366,-2470.5494160965336,3962.3734835780688
2025-08-10 21:00:00+00:00,1739.0,647.3113567460996,-2566.145620117015,3865.320268987064
2025-08-10 22:00:00+00:00,1596.75,264.285084710963,-2948.843751326549,3487.089078191552
2025-08-10 23:00:00+00:00,1533.0000000000005,-167.07165437310687,-3375.3159093264385,3047.40182853657
2025-08-11 00:00:00+00:00,1348.5,-495.43959191877275,-3703.4879997638545,2720.1127723268087
2025-08-11 01:00:00+00:00,1253.0,-1525.8380184624202,-4748.369181924078,1694.87639251071
2025-08-11 02:00:00+00:00,1228.75,396.52871193113606,-2828.4094266587417,3597.9385036561507
2025-08-11 03:00:00+00:00,1306.0,-338.2097219685638,-3553.2404439425663,2869.3732151898184
2025-08-11 04:00:00+00:00,1432.25,-807.3494070299748,-4016.448444398513,2403.6130445331014
2025-08-11 05:00:00+00:00,1381.75,-539.7516217909997,-3750.541731102694,2675.7496707068713
2025-08-11 06:00:00+00:00,866.5,-723.0223741599493,-3925.8540284446954,2497.481155653447
2025-08-11 07:00:00+00:00,454.0,-1271.9483595750698,-4481.766348440198,1949.0355112493157
2025-08-11 08:00:00+00:00,466.75,-1051.619671384271,-4270.538156818231,2167.19404212786
2025-08-11 09:00:00+00:00,473.0,-587.2257003768591,-3803.831498667949,2633.4060892238763
2025-08-11 10:00:00+00:00,436.25,-783.8513862877426,-4001.492461136306,2434.631561184292
2025-08-11 11:00:00+00:00,381.75,-1181.823651206777,-4399.248731258494,2036.3941767923302
2025-08-11 12:00:00+00:00,432.0,-246.26937500064105,-3442.0818598397836,2983.9022318016728
2025-08-11 13:00:00+00:00,384.5,363.54499858978306,-2854.6389747172143,3582.4820477958137
2025-08-11 14:00:00+00:00,303.7499999999991,-235.1358946468572,-3442.954848928486,2979.2628973711808
2025-08-11 15:00:00+00:00,288.0,116.05855502009035,-3095.6050621392824,3330.016529580806
2025-08-11 16:00:00+00:00,317.75,-303.30988042526405,-3514.6910459575156,2917.5987156300826
2025-08-11 17:00:00+00:00,469.0,-506.9482891076068,-3720.149677524405,2711.1798062186413
2025-08-11 18:00:00+00:00,912.25,-1234.849854353688,-4441.615830532672,1987.4781933410954
2025-08-11 19:00:00+00:00,1285.5,-705.2042601129388,-3915.748864726027,2523.3053733255533
2025-08-11 20:00:00+00:00,1767.0,3.8087295960131087,-3209.09097136307,3218.5212426592852
2025-08-11 21:00:00+00:00,2222.25,529.7801880814386,-2685.5258537041445,3745.774503131417
2025-08-11 22:00:00+00:00,2522.5,1078.9137008967027,-2135.7904732774696,4293.301169755341
2025-08-11 23:00:00+00:00,2629.5,810.1749348726444,-2400.7230186201723,4020.5231549168
2025-08-12 00:00:00+00:00,2556.5,66.96632372100885,-3143.2994213413804,3279.6250676391064
2025-08-12 01:00:00+00:00,2729.5,1167.4495433034617,-2038.519944819177,4383.744626690306
2025-08-12 02:00:00+00:00,2725.75,794.1783496008711,-2411.00148279363,4014.41248076335
2025-08-12 03:00:00+00:00,2850.25,488.57024032680965,-2717.331311437076,3706.5542930275724
2025-08-12 04:00:00+00:00,2897.5000000000005,957.8059546387785,-2247.2385436854292,4183.328392833163
2025-08-12 05:00:00+00:00,2494.5,1016.9801729746723,-2179.1308305664998,4242.397141639331
2025-08-12 06:00:00+00:00,1941.0,1657.4499355611797,-1538.0595352300397,4881.917093841709
2025-08-12 07:00:00+00:00,1107.0,1229.5281389356178,-1982.8657976083832,4449.479118487219
2025-08-12 08:00:00+00:00,802.75,488.0952889704113,-2721.6717654217027,3707.49477855882
2025-08-12 09:00:00+00:00,1097.249999999999,231.26609945310702,-2983.5334062480033,3443.218216922725
2025-08-12 10:00:00+00:00,1418.0,1252.5573105027206,-1963.1379505112973,4466.252072866038
2025-08-12 11:00:00+00:00,1690.5,1479.4662413798483,-1733.9306913728706,4691.276991165478
2025-08-12 12:00:00+00:00,2062.25,1169.4517138600568,-2042.246097864423,4382.721330266908
2025-08-12 13:00:00+00:00,1865.5,2494.1156733466432,-717.4741466361165,5715.066505428514
2025-08-12 14:00:00+00:00,1765.5,2056.755776498788,-1151.8994476614816,5275.922978836153
2025-08-12 15:00:00+00:00,1769.5,2089.390247733759,-1120.23484054841,5306.625543962626
2025-08-12 16:00:00+00:00,1930.0,3473.797679514698,256.15284983542006,6681.777986780171
2025-08-12 17:00:00+00:00,2362.75,3673.614738912279,456.4221561638951,6885.517139111098
2025-08-12 18:00:00+00:00,3428.0,3870.66448314825,660.6434122540895,7081.97361289443
2025-08-12 19:00:00+00:00,5108.5,4893.6273781762275,1676.2580116260237,8107.877833609813
2025-08-12 20:00:00+00:00,6106.5,5369.062253532299,2148.819515265297,8581.340689424964
2025-08-12 21:00:00+00:00,6313.25,5525.418576506629,2303.356639928466,8735.48916161251
2025-08-12 22:00:00+00:00,6208.0,5565.042303301157,2349.502774325133,8773.741883832026
2025-08-12 23:00:00+00:00,5929.5,5250.381894963685,2039.5258286958278,8464.643059393778
2025-08-13 00:00:00+00:00,5211.25,4408.234000130342,1202.669930732267,7626.520906697104
2025-08-13 01:00:00+00:00,4469.5,4206.3476095319475,995.0823815757549,7415.616869889158
2025-08-13 02:00:00+00:00,3795.5,2867.1588082737912,-340.61606787864,6079.970398445419
2025-08-13 03:00:00+00:00,3323.75,2290.057428846822,-930.2014388152566,5505.316138015259
2025-08-13 04:00:00+00:00,3130.75,1585.2385339688176,-1630.5464030396315,4802.217769794205
2025-08-13 05:00:00+00:00,2765.5,1725.969211408526,-1490.7673606410854,4936.967413374066
2025-08-13 06:00:00+00:00,1598.5000000000005,1787.9224140856322,-1431.8858346956758,5005.694505196148
2025-08-13 07:00:00+00:00,673.75,1248.9302788740315,-1969.3794204562546,4466.741472358945
2025-08-13 08:00:00+00:00,459.4999999999991,1344.259424948269,-1875.934826673978,4562.956705618512
2025-08-13 09:00:00+00:00,527.75,288.54704574468633,-2937.159719325624,3508.317323413061
2025-08-13 10:00:00+00:00,848.5,247.83382446062842,-2982.9809930800984,3466.7187439135982
2025-08-13 11:00:00+00:00,1139.0,737.9306118014701,-2491.2074334191357,3957.9645097199727
2025-08-13 12:00:00+00:00,1223.5,1737.1390964831126,-1491.8407429138188,4955.767035270761
2025-08-13 13:00:00+00:00,1296.25,1588.0274883791421,-1636.9297520808977,4815.203529314285
2025-08-13 14:00:00+00:00,1065.0,1419.7488925106827,-1808.321813582338,4639.872109974133
2025-08-13 15:00:00+00:00,919.75,1490.6309559086517,-1738.3130617305742,4714.466995187707
2025-08-13 16:00:00+00:00,1056.5,2001.2062481985972,-1222.3715032403989,5213.504449960864
2025-08-13 17:00:00+00:00,1384.75,2000.25775452271,-1227.1122527624539,5220.778676751517
2025-08-13 18:00:00+00:00,1949.0,1297.7662997601756,-1919.6313926679904,4514.167688382078
2025-08-13 19:00:00+00:00,2661.5,2775.8282269536676,-445.8705166563741,5980.58098287684
2025-08-13 20:00:00+00:00,2914.7499999999995,2436.3214092787885,-781.8992486706802,5645.282845958789
2025-08-13 21:00:00+00:00,3200.2499999999995,2564.291173087708,-658.4268969872592,5773.194162487281
2025-08-13 22:00:00+00:00,3143.5,2183.9069398794372,-1038.7543245995566,5392.733961726574
2025-08-13 23:00:00+00:00,2895.75,1730.6418428840147,-1487.4662798223671,4939.715814807102
