date,solar_tenn_actual,solar_tenn_fitted,solar_tenn_lower,solar_tenn_upper
2025-05-23 00:00:00+00:00,0.0,-376.40133595001953,-2576.248550827547,1818.0703301333278
2025-05-23 01:00:00+00:00,0.0,-115.10606948497662,-2315.187900546099,2078.0684386042917
2025-05-23 02:00:00+00:00,0.0,273.75887009111466,-1913.4957954904953,2468.0553729073226
2025-05-23 03:00:00+00:00,156.0,36.682075237070876,-2156.637521601348,2228.506844093965
2025-05-23 04:00:00+00:00,1338.5,1137.757855271442,-1054.4985736670328,3326.144615066587
2025-05-23 05:00:00+00:00,3637.5,3387.65197247733,1194.518477143243,5581.620835310239
2025-05-23 06:00:00+00:00,7050.25,6048.541598884813,3856.392228686369,8243.154483415283
2025-05-23 07:00:00+00:00,10423.250000000002,9260.107585268546,7068.696037389658,11453.573468278339
2025-05-23 08:00:00+00:00,11758.75,10979.738993362116,8784.82388767042,13173.979758708507
2025-05-23 09:00:00+00:00,11611.0,11170.28668090542,8981.252168863033,13363.613342829092
2025-05-23 10:00:00+00:00,11959.5,11788.038094744239,9587.335338780684,13979.560050773202
2025-05-23 11:00:00+00:00,12141.0,12845.83704708112,10644.810506245134,15040.404568024673
2025-05-23 12:00:00+00:00,11450.75,10012.417462367946,7806.365487311983,12199.863715300597
2025-05-23 13:00:00+00:00,10372.25,9324.288079214788,7118.350342017606,11516.982905613484
2025-05-23 14:00:00+00:00,8653.0,7176.31032529,4975.581230994258,9371.797183249453
2025-05-23 15:00:00+00:00,6868.75,5250.160680929228,3048.6702828945126,7445.2519267026
2025-05-23 16:00:00+00:00,4426.0,2681.0446384041084,478.1830706878186,4873.518570752854
2025-05-23 17:00:00+00:00,1936.0,1444.7090793350828,-751.7870762251823,3638.7499487873656
2025-05-23 18:00:00+00:00,466.75,171.83114919222862,-2024.9850822056856,2366.002959243046
2025-05-23 19:00:00+00:00,14.75,-716.1004485016792,-2916.7713229759734,1476.1930550885854
2025-05-23 20:00:00+00:00,0.0,-684.3064923839574,-2879.238151056324,1508.898768763463
2025-05-23 21:00:00+00:00,0.5,-708.5992185542586,-2906.0756518283556,1490.6247557087647
2025-05-23 22:00:00+00:00,0.0,-203.45069454116174,-2404.027006166962,1987.412271224222
2025-05-23 23:00:00+00:00,0.0,288.64718689759,-1915.0626745978002,2479.101376337605
2025-05-24 00:00:00+00:00,0.0,-212.2052071944927,-2405.284210438455,1979.6409130840366
2025-05-24 01:00:00+00:00,0.0,-23.035189928397813,-2211.940951549937,2170.8726953919636
2025-05-24 02:00:00+00:00,0.0,-67.83314407931539,-2261.7093898104563,2118.397416873265
2025-05-24 03:00:00+00:00,158.0,73.06934852074528,-2119.3380982061058,2260.7382279452513
2025-05-24 04:00:00+00:00,1494.0,1310.8915294531341,-884.3701314568411,3496.1108745527654
2025-05-24 05:00:00+00:00,4318.25,3239.4962319375973,1042.5980710847025,5435.079533166452
2025-05-24 06:00:00+00:00,8371.5,6026.691440241022,3829.7799208159386,8220.556155991648
2025-05-24 07:00:00+00:00,11697.5,9332.1093089533,7136.572852987587,11529.03599406838
2025-05-24 08:00:00+00:00,12470.25,11645.233451618657,9444.50882406385,13837.450157197756
2025-05-24 09:00:00+00:00,12596.25,11295.452991444441,9092.2877655723,13485.381199950027
2025-05-24 10:00:00+00:00,12394.0,10132.739131701392,7925.932751006423,12325.474332925138
2025-05-24 11:00:00+00:00,11733.75,10645.917763306736,8442.402877946139,12839.772161373325
2025-05-24 12:00:00+00:00,10802.0,9226.123055038146,7021.538224713722,11418.178130902452
2025-05-24 13:00:00+00:00,9533.5,8983.92024958992,6778.559051133314,11175.938266047437
2025-05-24 14:00:00+00:00,7910.75,7441.3485169131345,5236.576565697236,9634.132556828023
2025-05-24 15:00:00+00:00,6551.25,6144.335002869755,3945.7970314340314,8335.519049184482
2025-05-24 16:00:00+00:00,3879.0,3276.5920079830116,1075.5256016854587,5472.860288280038
2025-05-24 17:00:00+00:00,1496.25,1231.482148766061,-968.005537644372,3425.503829610586
2025-05-24 18:00:00+00:00,310.75,-644.8970658324838,-2844.144141632853,1551.4933147686374
2025-05-24 19:00:00+00:00,6.25,-783.6924022568983,-2986.753819128108,1413.9996442008908
2025-05-24 20:00:00+00:00,0.0,-623.0172731748298,-2820.589121362286,1569.8504650896534
2025-05-24 21:00:00+00:00,0.25,-349.8093974732865,-2546.795829066787,1841.308361205844
2025-05-24 22:00:00+00:00,0.0,-90.21788034467227,-2287.689034837081,2100.2028934254167
2025-05-24 23:00:00+00:00,0.0,226.97022548190762,-1973.4175205202296,2419.6759138574976
2025-05-25 00:00:00+00:00,0.0,-307.98894381281207,-2503.8313761019485,1878.1852321724236
2025-05-25 01:00:00+00:00,0.0,-69.88246129365325,-2262.7168925438423,2117.631864292164
2025-05-25 02:00:00+00:00,0.0,40.49375858292251,-2154.8804356669293,2229.281229722545
2025-05-25 03:00:00+00:00,46.0,226.97805801042887,-1966.686130980041,2414.5681855620105
2025-05-25 04:00:00+00:00,418.25,1236.605650098218,-960.9756122152971,3427.7237404050666
2025-05-25 05:00:00+00:00,1026.75,1628.7428526675008,-566.914101576097,3817.184294962094
2025-05-25 06:00:00+00:00,1696.0,2515.997302061693,315.95681124524435,4704.338813466212
2025-05-25 07:00:00+00:00,2437.25,4342.20600160917,2146.3009393468906,6531.960249464214
2025-05-25 08:00:00+00:00,3206.5,6403.22197211695,4208.908098976764,8592.581674877265
2025-05-25 09:00:00+00:00,3953.25,5871.204116996533,3671.7552064691663,8069.298468234976
2025-05-25 10:00:00+00:00,4579.25,5792.667717866487,3595.2924289357634,7992.690076000001
2025-05-25 11:00:00+00:00,5193.25,6662.517299047646,4463.915182733668,8853.068399627045
2025-05-25 12:00:00+00:00,5629.5,5722.426181234226,3520.651213390715,7916.1151472875845
2025-05-25 13:00:00+00:00,5546.75,6366.881039177807,4165.4314755583855,8554.0800524683
2025-05-25 14:00:00+00:00,5184.0,6069.60875520738,3869.948740695717,8257.209936673818
2025-05-25 15:00:00+00:00,4794.75,7061.982355601118,4860.044659101277,9249.463271769362
2025-05-25 16:00:00+00:00,3337.0,4986.586743004135,2789.364655296971,7177.057587941676
2025-05-25 17:00:00+00:00,1557.0,2503.6026493267386,309.4634350842398,4692.032012201816
2025-05-25 18:00:00+00:00,413.25,315.6210926648632,-1882.0920390929382,2507.560297812722
2025-05-25 19:00:00+00:00,15.75,-373.21508323868056,-2568.696358964409,1821.7905892723757
2025-05-25 20:00:00+00:00,0.25,-656.5791446405265,-2856.7296009760125,1536.8666210266722
2025-05-25 21:00:00+00:00,0.5,-362.06351655806384,-2560.5153168099155,1828.4552199657303
2025-05-25 22:00:00+00:00,0.0,15.667869304637406,-2183.7508099015054,2207.9994508481013
2025-05-25 23:00:00+00:00,0.0,443.57659581345615,-1752.6929780168743,2634.7424972159115
2025-05-26 00:00:00+00:00,0.0,-114.85198841251304,-2308.8884899473574,2076.9068523071815
2025-05-26 01:00:00+00:00,0.0,-124.46436892475049,-2318.1437596449946,2067.2905101896595
2025-05-26 02:00:00+00:00,0.25,64.16060906254188,-2134.20214603067,2259.4524592089388
2025-05-26 03:00:00+00:00,115.5,248.119078939043,-1949.7482525002774,2440.8795782940265
2025-05-26 04:00:00+00:00,1058.25,1495.962024999729,-699.5941354465976,3686.9085151557665
2025-05-26 05:00:00+00:00,3003.25,2675.679143727069,486.12955596202437,4868.474617694481
2025-05-26 06:00:00+00:00,5768.0,4592.4734936406185,2396.227251467169,6786.069401066754
2025-05-26 07:00:00+00:00,8579.0,7487.702296342768,5297.828566421886,9681.217321626447
2025-05-26 08:00:00+00:00,10607.75,10432.966155615408,8241.37564650852,12625.407392135507
2025-05-26 09:00:00+00:00,12253.0,12012.824439516657,9815.612949704562,14211.613861947377
2025-05-26 10:00:00+00:00,13014.5,14293.304362788476,12093.776331194445,16482.965583302597
2025-05-26 11:00:00+00:00,13043.5,14151.836282961265,11964.577481258022,16349.593778077626
2025-05-26 12:00:00+00:00,12422.75,12285.60244717031,10079.404283945136,14484.628775003732
2025-05-26 13:00:00+00:00,11129.75,10474.665526826377,8275.104505647234,12667.032926794283
2025-05-26 14:00:00+00:00,9849.75,8828.127048275064,6635.8836730366,11029.183881086603
2025-05-26 15:00:00+00:00,7377.25,7122.818522048085,4936.404024022984,9323.880763320278
2025-05-26 16:00:00+00:00,4773.0,5832.737166755241,3639.4049715753054,8022.666704658333
2025-05-26 17:00:00+00:00,2095.75,3410.412022141823,1220.0555085934548,5601.094101845561
2025-05-26 18:00:00+00:00,549.0,836.6123806142186,-1357.251773149124,3030.97578718106
2025-05-26 19:00:00+00:00,19.75,-556.4511250983192,-2753.3723683610165,1640.6737491858908
2025-05-26 20:00:00+00:00,0.0,-747.7828397269145,-2938.3683389695757,1449.8240103631365
2025-05-26 21:00:00+00:00,0.75,-767.5200551604353,-2963.722607201353,1426.2883862326535
2025-05-26 22:00:00+00:00,0.0,-292.4406550335384,-2491.3999827028306,1901.6714932372101
2025-05-26 23:00:00+00:00,0.0,283.0751453757953,-1916.7916075062471,2475.0732618817924
2025-05-27 00:00:00+00:00,0.0,-298.6091924332095,-2493.4443670692203,1895.202000954061
2025-05-27 01:00:00+00:00,0.0,-246.14894120085137,-2440.838941368653,1946.4958481877588
2025-05-27 02:00:00+00:00,0.25,-185.4974900899374,-2382.281410721064,2009.1699571410713
2025-05-27 03:00:00+00:00,187.0,-163.26909633671812,-2357.3532097307057,2030.9796973719635
2025-05-27 04:00:00+00:00,1387.0,861.0317587259538,-1335.9487380568758,3054.006588050816
2025-05-27 05:00:00+00:00,3547.5,1798.3414137870768,-391.6854804783429,3988.3506712243106
2025-05-27 06:00:00+00:00,6128.5,4120.621611500224,1928.3053167500323,6310.56062459118
2025-05-27 07:00:00+00:00,8486.0,5676.75741202959,3479.634862391276,7868.857630814578
2025-05-27 08:00:00+00:00,9324.25,8953.370020799919,6761.780799708156,11149.03564593385
2025-05-27 09:00:00+00:00,9070.25,9146.454892027836,6952.67166172173,11337.113081091318
2025-05-27 10:00:00+00:00,8642.75,9766.500876617185,7568.681143378486,11959.133052765863
2025-05-27 11:00:00+00:00,8495.25,8914.162328390485,6722.873215603569,11108.665210379057
2025-05-27 12:00:00+00:00,8086.0,6569.242808695399,4365.552767464274,8764.807292159898
2025-05-27 13:00:00+00:00,7350.25,6461.206278121119,4256.818755884417,8649.761618614042
2025-05-27 14:00:00+00:00,6119.5,5794.600361936518,3592.67635331993,7985.24456288822
2025-05-27 15:00:00+00:00,4577.75,7072.59395338703,4869.6162507988065,9261.895874961107
2025-05-27 16:00:00+00:00,2622.0,3007.1800665008327,815.861806556652,5201.947244411915
2025-05-27 17:00:00+00:00,1093.25,1941.9928129560908,-247.76401390785895,4142.722362115427
2025-05-27 18:00:00+00:00,229.0,-525.1923659611421,-2718.4389207893005,1665.2928416737782
2025-05-27 19:00:00+00:00,3.0,-665.9180013308942,-2863.4814040608712,1532.4637878427118
2025-05-27 20:00:00+00:00,0.0,-613.5410335828824,-2808.7257230671607,1580.5697240638128
2025-05-27 21:00:00+00:00,0.5,-409.115931131003,-2602.4819568921225,1786.4636547515865
2025-05-27 22:00:00+00:00,0.0,-258.1599880332092,-2454.753229004587,1936.389864762651
2025-05-27 23:00:00+00:00,0.0,37.33852438358872,-2156.922522930046,2230.6072199885098
2025-05-28 00:00:00+00:00,0.0,-434.13742948651725,-2627.5699182768644,1760.8637053974167
2025-05-28 01:00:00+00:00,0.0,-327.2518351375629,-2522.7227707929646,1865.446027226194
2025-05-28 02:00:00+00:00,0.25,-177.10507628235882,-2373.376985120994,2015.150926771044
2025-05-28 03:00:00+00:00,35.0,-87.52718089869995,-2285.17779493053,2103.845638659652
2025-05-28 04:00:00+00:00,408.0,877.043222680486,-1317.0511481015678,3066.058635769305
2025-05-28 05:00:00+00:00,1068.5,1311.962631511518,-887.6064412317,3503.5054030225274
2025-05-28 06:00:00+00:00,2327.75,3065.081209060047,868.3911880427022,5255.588985520593
2025-05-28 07:00:00+00:00,4204.25,4651.099847179872,2457.2907262505505,6843.852972371178
2025-05-28 08:00:00+00:00,5623.5,6131.7905146223075,3938.1161312960003,8323.143509288706
2025-05-28 09:00:00+00:00,6340.5,7610.294091529104,5418.367903909765,9802.5782998179
2025-05-28 10:00:00+00:00,6548.75,6995.674732501555,4803.590981071962,9188.34381745151
2025-05-28 11:00:00+00:00,7186.25,5858.779014860864,3666.5691252649394,8060.4579847003515
2025-05-28 12:00:00+00:00,7617.0,6225.927460809601,4028.4527196441645,8421.492749693882
2025-05-28 13:00:00+00:00,6821.75,8253.916755210865,6049.872561588081,10443.932401518869
2025-05-28 14:00:00+00:00,5610.75,6771.361174218264,4568.101105245759,8961.674329252064
2025-05-28 15:00:00+00:00,4611.0,4541.759134379527,2342.8673642133363,6738.559947097332
2025-05-28 16:00:00+00:00,3264.75,5894.799620905189,3689.1794861343787,8091.552980967406
2025-05-28 17:00:00+00:00,1664.5,988.5060140949149,-1205.4854742227335,3179.2027970011272
2025-05-28 18:00:00+00:00,474.0,602.5372799891747,-1589.2098041080949,2795.0097448308406
2025-05-28 19:00:00+00:00,25.75,-206.25438361279248,-2401.9797536473266,1981.7223879368116
2025-05-28 20:00:00+00:00,1.25,-602.2024146782896,-2795.0253867226443,1586.9912215517288
2025-05-28 21:00:00+00:00,1.0,-527.3908951425542,-2720.9446565843796,1662.1325364064705
2025-05-28 22:00:00+00:00,0.0,-155.29628750579286,-2351.1110754439255,2035.5253343831068
2025-05-28 23:00:00+00:00,0.0,2.0560992241821623,-2196.2843923230735,2194.519240904262
2025-05-29 00:00:00+00:00,0.0,-419.98612702713945,-2617.312764192007,1769.197547909429
2025-05-29 01:00:00+00:00,0.0,-9.985892155048987,-2203.009847840503,2179.6097204457333
2025-05-29 02:00:00+00:00,0.25,-158.55572594120122,-2360.237701670631,2033.8486816710763
2025-05-29 03:00:00+00:00,180.75,72.52004370049826,-2121.4177629197816,2262.172362114296
2025-05-29 04:00:00+00:00,1371.25,1276.1326180071583,-926.8294506341604,3468.3255385058237
2025-05-29 05:00:00+00:00,3690.5,2695.6784097137943,501.05637435139124,4887.620637619314
2025-05-29 06:00:00+00:00,6740.5,5578.316199712168,3383.641307449158,7772.097137748533
2025-05-29 07:00:00+00:00,9501.75,8222.381347383913,6025.574606669063,10413.855790233452
2025-05-29 08:00:00+00:00,11128.0,11267.414954346226,9073.502483836288,13461.741327074235
2025-05-29 09:00:00+00:00,12711.5,11976.340231047592,9779.024280312538,14164.655536926772
2025-05-29 10:00:00+00:00,13012.25,13118.613664972363,10919.838666636533,15308.218817863699
2025-05-29 11:00:00+00:00,11504.5,12572.803854080883,10367.565313556608,14760.808312652547
2025-05-29 12:00:00+00:00,9792.0,10360.010171381195,8156.4832901913305,12542.284384420907
2025-05-29 13:00:00+00:00,8005.5,7514.306694816334,5311.39658191153,9709.481940141117
2025-05-29 14:00:00+00:00,5877.0,4255.4135964127745,2051.931471147797,6439.64636088089
2025-05-29 15:00:00+00:00,4186.0,4708.461317453205,2502.3211149363237,6894.432046623129
2025-05-29 16:00:00+00:00,2219.5,2700.6868892901434,505.1040138992985,4897.288662104424
2025-05-29 17:00:00+00:00,903.25,1165.0068905644396,-1028.4554371191407,3358.7994091065534
2025-05-29 18:00:00+00:00,208.0,158.87624925432328,-2034.1754104065026,2351.4548506763695
2025-05-29 19:00:00+00:00,6.0,-51.62794989229769,-2243.893315031966,2138.6211738458665
2025-05-29 20:00:00+00:00,0.25,-455.721081862755,-2648.611029063692,1733.9521081718603
2025-05-29 21:00:00+00:00,1.25,-313.7809978318378,-2512.8481394012,1881.4991860665054
2025-05-29 22:00:00+00:00,0.0,176.52550229373037,-2016.5419267192478,2369.015907247747
2025-05-29 23:00:00+00:00,0.0,326.6293556127084,-1865.6819416592048,2515.109398546972
2025-05-30 00:00:00+00:00,0.0,-544.878444402842,-2739.217481043985,1649.0398982099368
2025-05-30 01:00:00+00:00,0.0,-213.12753796338484,-2406.719411263844,1979.8235333399111
2025-05-30 02:00:00+00:00,0.25,28.422883780826396,-2164.5329734265474,2222.489393734464
2025-05-30 03:00:00+00:00,101.0,-89.69565789191165,-2288.1414014618754,2103.558590401773
2025-05-30 04:00:00+00:00,1045.75,1128.5564539707857,-1067.3559776795655,3319.6156153735787
2025-05-30 05:00:00+00:00,2947.5,2705.1301991599516,517.8175701997534,4895.998576908917
2025-05-30 06:00:00+00:00,5887.5,5786.191450019833,3595.201713666172,7979.198526667746
2025-05-30 07:00:00+00:00,9307.25,8139.589075383083,5951.537533802961,10341.998628527077
2025-05-30 08:00:00+00:00,11212.75,10941.948202898384,8753.444885415962,13137.97123892106
2025-05-30 09:00:00+00:00,11199.25,11282.480339589662,9087.557680004455,13479.85465814381
2025-05-30 10:00:00+00:00,11621.5,11265.604696574219,9074.175088413118,13461.336065257694
2025-05-30 11:00:00+00:00,11953.0,9310.758985434159,7121.295185857438,11508.323495744953
2025-05-30 12:00:00+00:00,12057.5,8728.601441054834,6539.021316407573,10928.188411250465
2025-05-30 13:00:00+00:00,11414.25,8956.416590336725,6753.903584840351,11153.623341084613
2025-05-30 14:00:00+00:00,10224.0,8139.84249657532,5938.749307117423,10334.937323665856
2025-05-30 15:00:00+00:00,8685.25,6494.347338967722,4305.656780178546,8694.652498933827
2025-05-30 16:00:00+00:00,5607.0,4611.768076438839,2425.817800103071,6814.639046370525
2025-05-30 17:00:00+00:00,2344.75,2748.9775884573874,563.7952775653323,4949.959776240603
2025-05-30 18:00:00+00:00,577.9999999999998,653.1934149766712,-1533.7383195234238,2847.290813544258
2025-05-30 19:00:00+00:00,24.25,-138.61986117750257,-2332.1887220988597,2049.813842712566
2025-05-30 20:00:00+00:00,2.0,-534.1646424621435,-2728.7117901753095,1656.1843567543633
2025-05-30 21:00:00+00:00,0.5,-288.92950541959,-2484.3253092947957,1900.9493906100024
2025-05-30 22:00:00+00:00,0.0,123.93088580202766,-2070.5687770036634,2318.915859951441
2025-05-30 23:00:00+00:00,0.0,217.56231613851014,-1977.005851994793,2406.671238474378
2025-05-31 00:00:00+00:00,0.0,-207.39067915490023,-2401.444472142374,1986.4461108321443
2025-05-31 01:00:00+00:00,0.0,71.75276720100919,-2125.3813738549584,2266.323484873834
2025-05-31 02:00:00+00:00,0.25,195.15243340995767,-2003.7702808736162,2387.824695100856
2025-05-31 03:00:00+00:00,209.0,232.6889491312245,-1961.2351108413718,2425.7051833997866
2025-05-31 04:00:00+00:00,1532.25,1532.64185589793,-660.1977908102945,3725.3883481313314
2025-05-31 05:00:00+00:00,4337.5,3738.8381830671406,1546.4975600596904,5934.112182044952
2025-05-31 06:00:00+00:00,8091.5,6901.366977375448,4708.018117166588,9096.188771929721
2025-05-31 07:00:00+00:00,11222.25,9951.352569843719,7750.982198645448,12143.69658650474
2025-05-31 08:00:00+00:00,13070.75,12052.43968527323,9866.759178482029,14252.969140757303
2025-05-31 09:00:00+00:00,13810.75,13339.518227170785,11147.725785292318,15541.041869084245
2025-05-31 10:00:00+00:00,14343.5,14060.209794512946,11863.759628278242,16263.210150365987
2025-05-31 11:00:00+00:00,14020.75,13659.339512567829,11464.740607091584,15860.802029863502
2025-05-31 12:00:00+00:00,13131.5,12241.12402455563,10046.170905270203,14436.381930793917
2025-05-31 13:00:00+00:00,11370.5,11119.658988851088,8927.102538683468,13316.312873712792
2025-05-31 14:00:00+00:00,9721.5,9364.692227447533,7168.631801969661,11559.123268581588
2025-05-31 15:00:00+00:00,7708.25,8231.424127165561,6039.018506504322,10431.649436115411
2025-05-31 16:00:00+00:00,4483.75,5454.097518168866,3262.737418649995,7653.139262617533
2025-05-31 17:00:00+00:00,1799.25,2827.4851259666875,633.9238883852793,5020.851988768299
2025-05-31 18:00:00+00:00,486.25,612.5692072141517,-1587.3451989695018,2803.163500387238
2025-05-31 19:00:00+00:00,21.5,225.1265088817213,-1965.6270545888497,2421.140938967733
2025-05-31 20:00:00+00:00,1.0,-368.01449004743336,-2557.751031470953,1829.3419250911445
2025-05-31 21:00:00+00:00,0.25,-334.34545425808756,-2528.538178440856,1856.0118704459142
2025-05-31 22:00:00+00:00,0.0,-120.6586457819435,-2320.3545263055626,2073.5317066262774
2025-05-31 23:00:00+00:00,0.0,604.0086733344272,-1593.3592155227993,2796.5091720844052
2025-06-01 00:00:00+00:00,0.0,28.721865805760444,-2166.977671014272,2220.996626604728
2025-06-01 01:00:00+00:00,0.0,-42.27640674485201,-2235.3094977179885,2148.0293159360945
2025-06-01 02:00:00+00:00,0.75,139.7537352605441,-2056.202409623717,2330.5931766328144
2025-06-01 03:00:00+00:00,89.25,167.93492887937919,-2028.1642123718225,2357.0331081938007
2025-06-01 04:00:00+00:00,785.0,1249.0355366177616,-948.3770356060268,3436.2224096094683
2025-06-01 05:00:00+00:00,2255.0,1874.3482524971582,-322.55401827294645,4063.460139583138
2025-06-01 06:00:00+00:00,4229.5,3602.2745888772115,1405.0794784854957,5795.033214739429
2025-06-01 07:00:00+00:00,6826.25,6416.123888240209,4221.772066381128,8610.556251923907
2025-06-01 08:00:00+00:00,8721.5,8018.10575705082,5828.526316362847,10211.545135653441
2025-06-01 09:00:00+00:00,9210.0,9782.323013081,7588.003649342378,11978.380632599105
2025-06-01 10:00:00+00:00,9249.5,11511.728692848164,9318.32350757605,13712.212367011462
2025-06-01 11:00:00+00:00,10151.25,11730.078644493065,9537.976741425691,13924.23213151571
2025-06-01 12:00:00+00:00,9897.0,11250.095550389067,9049.402598656432,13436.392627902273
2025-06-01 13:00:00+00:00,8838.0,8540.8924531147,6344.611370585672,10738.366573226866
2025-06-01 14:00:00+00:00,7434.25,10274.516365530497,8077.234090026033,12476.334383619356
2025-06-01 15:00:00+00:00,6111.75,7402.06747177161,5215.416518889462,9604.76411958118
2025-06-01 16:00:00+00:00,4078.75,2903.2656746323332,715.0049004684408,5096.739897484804
2025-06-01 17:00:00+00:00,2099.0,2096.1208909915745,-94.54130694849937,4286.971332895892
2025-06-01 18:00:00+00:00,662.5,600.8759229414352,-1588.092089223333,2790.7645150540407
2025-06-01 19:00:00+00:00,38.0,140.40720711850418,-2054.824602187073,2329.020632697318
2025-06-01 20:00:00+00:00,3.25,-492.49416569889763,-2685.5962383680267,1699.6481452224557
2025-06-01 21:00:00+00:00,0.0,-413.6259607691386,-2611.422530177509,1776.4038825311584
2025-06-01 22:00:00+00:00,0.0,29.089985479181905,-2169.098853505255,2219.3564975970944
2025-06-01 23:00:00+00:00,0.0,323.136694868409,-1874.2399482456035,2515.8421709370973
2025-06-02 00:00:00+00:00,0.0,-322.8183961373529,-2517.2670117405937,1868.6872504740682
2025-06-02 01:00:00+00:00,0.0,-242.31445451879063,-2437.2871816816755,1951.8327342489717
2025-06-02 02:00:00+00:00,0.5,-42.391866373494395,-2237.661908584588,2149.533515364866
2025-06-02 03:00:00+00:00,131.0,81.71005581715963,-2111.5313154182954,2272.0763383204326
2025-06-02 04:00:00+00:00,1079.0,1080.2947962110982,-1116.8363088485899,3269.355504865978
2025-06-02 05:00:00+00:00,3057.5,2138.3211951985904,-50.98767289845364,4330.64172088541
2025-06-02 06:00:00+00:00,5350.5,3866.5005604545822,1668.35320679427,6056.814257700064
2025-06-02 07:00:00+00:00,7257.0,6375.075811398032,4176.779371558021,8569.425098412228
2025-06-02 08:00:00+00:00,8691.75,7381.744011787203,5187.361700489455,9574.677584151013
2025-06-02 09:00:00+00:00,9250.5,8769.112642007132,6572.217749868446,10965.95938890576
2025-06-02 10:00:00+00:00,9519.0,10848.333222606963,8654.529243328341,13040.330337557918
2025-06-02 11:00:00+00:00,9369.0,10162.825473304261,7967.1174416678095,12353.24577297229
2025-06-02 12:00:00+00:00,9136.5,10800.944769268499,8601.47897788844,12992.934675891069
2025-06-02 13:00:00+00:00,8058.25,5737.634739615671,3541.7416199255063,7936.689708608004
2025-06-02 14:00:00+00:00,6534.5,9551.175699597217,7352.393276015724,11741.82490679778
2025-06-02 15:00:00+00:00,4803.5,7299.474415152152,5096.171310750832,9492.148926006446
2025-06-02 16:00:00+00:00,3229.0,3356.746559954697,1164.5361004031045,5549.010187666294
2025-06-02 17:00:00+00:00,1570.25,1610.8797335111094,-579.2094764006606,3808.218859898898
2025-06-02 18:00:00+00:00,542.0000000000002,149.2278177154526,-2047.363835618355,2344.5284976222583
2025-06-02 19:00:00+00:00,46.0,72.83284853748955,-2124.414896294528,2266.355449806922
2025-06-02 20:00:00+00:00,0.5,-528.0047023935349,-2720.3971963516974,1665.5051854046947
2025-06-02 21:00:00+00:00,0.0,-428.21826764395246,-2622.0123144204904,1763.9153732612008
2025-06-02 22:00:00+00:00,0.0,-251.03185141032827,-2448.419183340266,1941.1542002551398
2025-06-02 23:00:00+00:00,0.0,108.5604943362955,-2087.5543814184116,2302.399118535809
2025-06-03 00:00:00+00:00,0.0,-464.4318699803862,-2662.059568853849,1723.5990464738934
2025-06-03 01:00:00+00:00,0.0,-252.20131839077885,-2447.766958391027,1938.8212213208317
2025-06-03 02:00:00+00:00,0.75,-74.5643347599057,-2269.588880849277,2117.151453625903
2025-06-03 03:00:00+00:00,152.0,-36.528797929947814,-2231.8266738244806,2156.895439263056
2025-06-03 04:00:00+00:00,1026.25,1169.3802692525903,-1027.2406899074663,3356.6790258751366
2025-06-03 05:00:00+00:00,2768.5,2468.747815543677,277.4025299914433,4661.937211357196
2025-06-03 06:00:00+00:00,5615.75,5018.855765225305,2829.3706893534545,7209.295944040197
2025-06-03 07:00:00+00:00,9357.25,8631.219062358834,6443.880900056804,10828.846137953406
2025-06-03 08:00:00+00:00,12280.25,10621.793038738206,8427.097435121768,12815.33741053555
2025-06-03 09:00:00+00:00,13289.5,13260.00843079492,11070.535246934398,15455.820542700994
2025-06-03 10:00:00+00:00,13425.0,13411.400219890784,11215.761048450204,15610.264226841518
2025-06-03 11:00:00+00:00,12783.75,12867.028779524162,10666.570956844304,15059.559390952167
2025-06-03 12:00:00+00:00,12264.5,10433.368984181036,8227.046597529717,12626.261624173865
2025-06-03 13:00:00+00:00,11519.25,8831.883931468294,6627.921958694204,11027.953715419157
2025-06-03 14:00:00+00:00,10405.75,7366.591967311579,5167.28357598621,9565.112890057719
2025-06-03 15:00:00+00:00,7590.5,6936.1349532161275,4736.8994845655725,9134.937672557655
2025-06-03 16:00:00+00:00,4582.0,3761.2866759539893,1571.9203054611419,5958.193229138737
2025-06-03 17:00:00+00:00,2021.75,2237.389827204072,39.9026543721543,4429.995927663096
2025-06-03 18:00:00+00:00,555.2499999999998,-26.52933089405633,-2218.2627906291623,2166.589213913863
2025-06-03 19:00:00+00:00,22.75,-278.66199967914645,-2471.659356326875,1915.762971085795
2025-06-03 20:00:00+00:00,0.25,-1044.3382408286616,-3239.591380076298,1144.2589243276748
2025-06-03 21:00:00+00:00,0.0,-579.7948290633876,-2769.894173230168,1613.3499455418687
2025-06-03 22:00:00+00:00,0.0,-226.78019663026862,-2421.6789924316895,1968.8352481806533
2025-06-03 23:00:00+00:00,0.0,-73.87194446017429,-2266.380743599891,2117.8403759345683
2025-06-04 00:00:00+00:00,0.0,-460.16991806778515,-2652.7518203403265,1731.8266535015405
2025-06-04 01:00:00+00:00,0.0,-386.75814967578435,-2582.9665172083664,1803.7873496437305
2025-06-04 02:00:00+00:00,0.5,-50.66709582515068,-2243.9035804255122,2140.1994384440322
2025-06-04 03:00:00+00:00,174.25,173.68463562658917,-2017.708679065428,2369.7309989875976
2025-06-04 04:00:00+00:00,1313.0,1015.8880106194072,-1181.682211867208,3208.702117417222
2025-06-04 05:00:00+00:00,3395.5,2747.672593999028,557.959133590706,4937.360659629999
2025-06-04 06:00:00+00:00,5706.5,5609.971186033137,3418.657133858973,7799.139732506192
2025-06-04 07:00:00+00:00,7129.25,8344.324430998953,6146.0201616894155,10537.518337975676
2025-06-04 08:00:00+00:00,8282.25,9417.515512943573,7225.352724267532,11609.404187558788
2025-06-04 09:00:00+00:00,9665.5,9835.423788156508,7643.889816857907,12029.580068168696
2025-06-04 10:00:00+00:00,10414.75,12677.307599338854,10491.157665100282,14875.136064092309
2025-06-04 11:00:00+00:00,9680.0,10423.790246724138,8227.892440818256,12621.744978917512
2025-06-04 12:00:00+00:00,9034.0,10610.56382470739,8414.22578191611,12806.177808864257
2025-06-04 13:00:00+00:00,9338.25,9890.53112016585,7689.746993413559,12089.0604636044
2025-06-04 14:00:00+00:00,8871.75,8502.548221525862,6298.532969182667,10692.354534887214
2025-06-04 15:00:00+00:00,6396.75,5592.676491426167,3397.3770676220784,7785.684998957853
2025-06-04 16:00:00+00:00,3515.5,1765.6874070908952,-425.3641282039489,3960.845834071325
2025-06-04 17:00:00+00:00,1477.5,1741.1607459364157,-447.97384429761405,3938.4035352507763
2025-06-04 18:00:00+00:00,373.5,425.42135003880776,-1766.0725912345656,2616.4860071767484
2025-06-04 19:00:00+00:00,26.5,-297.67428776516545,-2492.7943369607233,1893.137179084512
2025-06-04 20:00:00+00:00,0.5,-799.3177132366013,-2988.9109625189544,1390.188224124741
2025-06-04 21:00:00+00:00,0.0,-771.9099576097469,-2964.224613394638,1416.483582682463
2025-06-04 22:00:00+00:00,0.0,-394.94775506365477,-2590.572638962956,1793.3499613825923
2025-06-04 23:00:00+00:00,0.0,-20.1522014655402,-2216.274250924733,2167.4635394143083
2025-06-05 00:00:00+00:00,0.0,-531.9551891691749,-2729.929824921043,1661.9339757794949
2025-06-05 01:00:00+00:00,0.0,-570.4058892443809,-2770.416458135723,1622.648894909782
2025-06-05 02:00:00+00:00,0.5,-159.80305066434494,-2356.304211535921,2029.5091403737767
2025-06-05 03:00:00+00:00,127.25,4.61164573796168,-2191.6812694824644,2193.877474303135
2025-06-05 04:00:00+00:00,965.75,943.0959391044139,-1253.1654604011828,3134.26406668804
2025-06-05 05:00:00+00:00,2620.0,2279.002874215349,84.96260936743829,4472.48379263834
2025-06-05 06:00:00+00:00,4933.25,5035.485271873424,2845.638958253653,7226.296259650397
2025-06-05 07:00:00+00:00,7112.5,6782.645896167651,4589.705859118934,8979.724368910762
2025-06-05 08:00:00+00:00,8154.75,8139.639529384816,5945.064406061024,10338.880893830405
2025-06-05 09:00:00+00:00,8655.75,7677.655247341645,5485.119475251935,9873.064936428247
2025-06-05 10:00:00+00:00,9309.25,10071.985574782506,7880.072505383034,12267.821865239976
2025-06-05 11:00:00+00:00,9562.5,11217.03514015389,9019.21380117583,13412.609762842612
2025-06-05 12:00:00+00:00,8702.5,11070.68933849198,8879.204214650978,13273.251794396798
2025-06-05 13:00:00+00:00,7229.25,8559.950127848295,6367.689188115801,10758.891074604184
2025-06-05 14:00:00+00:00,5874.5,7276.537057683181,5082.161914226112,9471.715189311892
2025-06-05 15:00:00+00:00,4457.25,5071.150225846066,2874.3971909488664,7265.642943934497
2025-06-05 16:00:00+00:00,3188.75,2088.5927766879677,-100.67102940263703,4284.239537399171
2025-06-05 17:00:00+00:00,1616.5,1535.2348282254786,-658.8008010341518,3731.884508418562
2025-06-05 18:00:00+00:00,477.75,272.9613526483131,-1918.9694992721438,2463.5845710634835
2025-06-05 19:00:00+00:00,28.5,-586.5790336578375,-2779.6564892463907,1604.8301242888379
2025-06-05 20:00:00+00:00,0.25,-534.0650440996524,-2730.421520515795,1661.7863247120802
2025-06-05 21:00:00+00:00,0.0,-584.9180715608654,-2779.220924408956,1607.3177314608374
2025-06-05 22:00:00+00:00,0.0,-393.56477937674936,-2587.25782991237,1795.2063192627443
2025-06-05 23:00:00+00:00,0.0,-247.9150196207238,-2443.3540504040234,1939.4595965378767
2025-06-06 00:00:00+00:00,0.0,-640.5751232813027,-2836.81209363247,1554.9097101995328
2025-06-06 01:00:00+00:00,0.0,-226.49957786973755,-2422.5111535990777,1966.3976876964332
2025-06-06 02:00:00+00:00,0.5,-194.88522821541574,-2390.5416586220904,1996.9803039798203
2025-06-06 03:00:00+00:00,48.5,-33.02712472217945,-2228.2667323544533,2160.7262009221718
2025-06-06 04:00:00+00:00,621.5,1009.4795734077138,-1186.7429560357182,3200.0250375208643
2025-06-06 05:00:00+00:00,2047.5,1410.5530620715622,-782.1800487783444,3601.1393221131084
2025-06-06 06:00:00+00:00,4457.75,3625.04752491874,1433.4646218135044,5814.371487626584
2025-06-06 07:00:00+00:00,7701.5,6013.348675708246,3823.8052846043433,8207.569308538328
2025-06-06 08:00:00+00:00,9806.75,8593.17194546354,6400.3300916796325,10791.231562771403
2025-06-06 09:00:00+00:00,10931.25,12098.633595727155,9901.23700194206,14296.65834287133
2025-06-06 10:00:00+00:00,11193.75,11980.199242380553,9787.771241572615,14172.580441533803
2025-06-06 11:00:00+00:00,11296.25,12896.30867275292,10692.471670823652,15086.547005412902
2025-06-06 12:00:00+00:00,10990.5,11873.257102892077,9668.984251351992,14063.942755265847
2025-06-06 13:00:00+00:00,9902.75,8368.192992563128,6161.2368667672245,10554.896191460559
2025-06-06 14:00:00+00:00,8399.75,8971.421134467546,6767.202141580847,11164.434652902097
2025-06-06 15:00:00+00:00,6382.5,7729.595286195761,5529.753893844567,9927.846539574914
2025-06-06 16:00:00+00:00,3813.75,5152.336531326723,2957.307135877408,7347.570126443839
2025-06-06 17:00:00+00:00,1787.0,2169.600209130308,-20.972092044247802,4362.15640742738
2025-06-06 18:00:00+00:00,572.5,122.88834220927174,-2071.272027523232,2315.10458352463
2025-06-06 19:00:00+00:00,38.0,-474.14182648174165,-2669.076298569196,1718.7821496842903
2025-06-06 20:00:00+00:00,0.25,-851.8609445028087,-3046.543473240786,1339.1934966181586
2025-06-06 21:00:00+00:00,0.0,-716.8125393540299,-2909.712572273473,1477.7724035401843
2025-06-06 22:00:00+00:00,0.0,-398.1442398224349,-2593.719698449731,1795.2590079065494
2025-06-06 23:00:00+00:00,0.0,108.62724491509198,-2085.53905059795,2302.1183666715824
2025-06-07 00:00:00+00:00,0.0,-485.79618940677483,-2680.300547659562,1707.4497549382668
2025-06-07 01:00:00+00:00,0.0,-207.64154292214198,-2404.6734962362257,1986.4653446006714
2025-06-07 02:00:00+00:00,1.5,98.66099163358422,-2098.426813114305,2291.46490267338
2025-06-07 03:00:00+00:00,141.75,32.7421119732785,-2162.047262042464,2224.637363115423
2025-06-07 04:00:00+00:00,960.75,1125.016539444181,-1071.8968832252958,3317.1004302359
2025-06-07 05:00:00+00:00,1963.5,1711.0258452168532,-480.9356822052773,3901.6459666230294
2025-06-07 06:00:00+00:00,3236.25,3692.536767693226,1497.8659285575968,5881.5976910206755
2025-06-07 07:00:00+00:00,4663.0,4987.095299789957,2791.843598556908,7177.930602111675
2025-06-07 08:00:00+00:00,5938.75,8558.382902868098,6367.464032170145,10754.243652789362
2025-06-07 09:00:00+00:00,6551.5,9651.03414419712,7458.862686360868,11844.042281936403
2025-06-07 10:00:00+00:00,6686.0,9700.688342323278,7510.250937365559,11894.773318928661
2025-06-07 11:00:00+00:00,7038.25,5664.426309113539,3467.322823257173,7862.03319942752
2025-06-07 12:00:00+00:00,7098.75,9035.382612113131,6836.54295179043,11228.433563353163
2025-06-07 13:00:00+00:00,6912.5,7868.205139410038,5658.566003312886,10053.830780502687
2025-06-07 14:00:00+00:00,5394.0,3387.7650973023156,1189.423949254273,5591.779760451942
2025-06-07 15:00:00+00:00,4115.5,4835.874346778461,2632.819154094628,7029.306009265831
2025-06-07 16:00:00+00:00,2928.25,2833.350197621324,638.2643345969357,5032.019537238129
2025-06-07 17:00:00+00:00,1768.25,1970.684411503662,-232.87572852764197,4163.832544518797
2025-06-07 18:00:00+00:00,576.75,336.04180815779364,-1854.8374768569115,2529.184807857103
2025-06-07 19:00:00+00:00,32.75,-83.81741425289374,-2278.8888946979873,2101.7775027895505
2025-06-07 20:00:00+00:00,0.25,-643.3256398635663,-2841.806552508597,1547.558676333296
2025-06-07 21:00:00+00:00,0.0,-618.949118484928,-2817.1994145428876,1573.3948264829717
2025-06-07 22:00:00+00:00,0.0,-340.5184727369706,-2540.0668119198795,1852.092319003571
2025-06-07 23:00:00+00:00,0.0,-10.369979039734517,-2210.6484288980887,2182.3512159597904
2025-06-08 00:00:00+00:00,0.0,-149.17519304540292,-2345.5546727462256,2043.5023234847858
2025-06-08 01:00:00+00:00,0.0,-165.82148933639246,-2362.094543956178,2030.6075920993399
2025-06-08 02:00:00+00:00,1.0,-2.8343311570906735,-2196.68876465732,2189.007916172978
2025-06-08 03:00:00+00:00,60.5,117.7769943798562,-2076.6925075388567,2307.946041261788
2025-06-08 04:00:00+00:00,541.7500000000002,1079.190451682394,-1116.186692776154,3271.870152161942
2025-06-08 05:00:00+00:00,1468.5,1992.7898613620468,-204.27189332372927,4183.878735558653
2025-06-08 06:00:00+00:00,2878.25,3928.0463211917777,1730.0322548662525,6117.078602812193
2025-06-08 07:00:00+00:00,4641.25,5585.2283012663165,3390.6612091284737,7779.009081168773
2025-06-08 08:00:00+00:00,5869.5,7544.370642052958,5350.5054750514555,9738.722196937808
2025-06-08 09:00:00+00:00,6943.25,9118.960651187315,6924.11133165633,11310.875862763387
2025-06-08 10:00:00+00:00,8225.0,11204.228205553773,9007.987607780495,13391.451188231022
2025-06-08 11:00:00+00:00,8760.5,8086.3947529094785,5889.445382720416,10284.10815808407
2025-06-08 12:00:00+00:00,8563.75,11008.482615883257,8802.135261039237,13201.285307785622
2025-06-08 13:00:00+00:00,7881.5,5740.948216401946,3544.730398365987,7937.1303387878925
2025-06-08 14:00:00+00:00,6475.75,8372.346772128742,6170.365019331202,10560.970207257398
2025-06-08 15:00:00+00:00,5317.0,4274.862385969721,2076.3855358610463,6468.46219948768
2025-06-08 16:00:00+00:00,3774.25,4996.024559437144,2797.2965242960745,7193.660241811369
2025-06-08 17:00:00+00:00,1926.0,3626.0077497117263,1420.4710306792037,5822.99206340626
2025-06-08 18:00:00+00:00,536.0000000000002,832.1290878410784,-1361.4969245529055,3026.521125284468
2025-06-08 19:00:00+00:00,28.25,160.8323766825356,-2033.6068876892073,2348.76370972023
2025-06-08 20:00:00+00:00,0.5,-522.2257102991166,-2719.2603431528137,1668.2932106321882
2025-06-08 21:00:00+00:00,0.0,-500.67181797158355,-2697.4339403739773,1691.283664884295
2025-06-08 22:00:00+00:00,0.0,-223.51040393647781,-2419.736434989333,1966.4550936664687
2025-06-08 23:00:00+00:00,0.0,165.64961873877337,-2031.7260601465746,2355.8298721218453
2025-06-09 00:00:00+00:00,0.0,-118.11888060989168,-2311.9543159470672,2076.9114708518186
2025-06-09 01:00:00+00:00,0.0,1.5536777935135433,-2194.69924774905,2194.0851931832954
2025-06-09 02:00:00+00:00,0.75,242.79559827714365,-1949.5113404040999,2437.0647179721786
2025-06-09 03:00:00+00:00,209.0,317.61049992171957,-1874.8108550974016,2512.840100107439
2025-06-09 04:00:00+00:00,1494.75,1505.783218337299,-685.2293797498128,3695.799753317869
2025-06-09 05:00:00+00:00,4091.75,3733.2623221956264,1543.9617935058188,5927.450600327824
2025-06-09 06:00:00+00:00,7866.25,7171.524236148693,4981.159865835404,9364.468488079128
2025-06-09 07:00:00+00:00,10337.0,10376.57709920031,8182.841534583131,12570.95980108943
2025-06-09 08:00:00+00:00,12378.75,13176.93327658215,10985.55691077214,15367.840935022632
2025-06-09 09:00:00+00:00,13337.0,14710.067427992117,12520.694332557181,16905.974455885244
2025-06-09 10:00:00+00:00,13438.75,15608.499882797516,13413.077398096224,17799.423395938866
2025-06-09 11:00:00+00:00,13158.5,15509.135141997072,13319.030424784884,17707.667688499103
2025-06-09 12:00:00+00:00,12606.25,14350.902633901323,12158.195992052988,16546.103007090445
2025-06-09 13:00:00+00:00,11117.25,12536.65794773391,10343.024151679212,14735.504978554078
2025-06-09 14:00:00+00:00,9440.0,10628.7165808398,8431.40820069851,12828.114141677059
2025-06-09 15:00:00+00:00,7801.25,7979.4339753213535,5793.965518068308,10175.491270920389
2025-06-09 16:00:00+00:00,5188.5,6092.5759611110025,3904.8114070935,8291.13398048889
2025-06-09 17:00:00+00:00,2393.75,3604.4710317598838,1416.3919947545924,5801.920040317693
2025-06-09 18:00:00+00:00,672.75,1069.0191967593776,-1124.869964234565,3264.052730332357
2025-06-09 19:00:00+00:00,38.25,17.090997762508778,-2176.8636941502286,2210.2903232616654
2025-06-09 20:00:00+00:00,0.5,-486.2609652776887,-2683.3973731559213,1708.6049656427908
2025-06-09 21:00:00+00:00,0.0,-418.33882237762236,-2614.498282602,1776.7680338642417
2025-06-09 22:00:00+00:00,0.0,-2.6298135253964574,-2198.8294573267062,2190.1085671312876
2025-06-09 23:00:00+00:00,0.0,263.6028569762898,-1933.9224576336514,2455.0654749530513
2025-06-10 00:00:00+00:00,0.0,-377.9766176546209,-2571.8748263321563,1814.3366018274376
2025-06-10 01:00:00+00:00,0.0,-184.4518363377888,-2381.987864648389,2010.4252588158124
2025-06-10 02:00:00+00:00,1.25,72.56660720084028,-2121.7303488928897,2265.730138889078
2025-06-10 03:00:00+00:00,204.0,92.01774153519727,-2100.811751571156,2285.5924903822915
2025-06-10 04:00:00+00:00,1407.75,1094.9390631658011,-1104.5849310201884,3283.963782497519
2025-06-10 05:00:00+00:00,3549.75,2738.0266293574587,544.7986580445779,4924.146926530813
2025-06-10 06:00:00+00:00,6193.5,5579.212805616087,3385.124147643189,7770.1100278483555
2025-06-10 07:00:00+00:00,8563.5,8184.410177635609,5990.87387751809,10375.621152153848
2025-06-10 08:00:00+00:00,9783.0,10333.914169585412,8145.159617299505,12526.996513779299
2025-06-10 09:00:00+00:00,10449.0,12293.667681541338,10102.555796942848,14490.813176196769
2025-06-10 10:00:00+00:00,10227.25,12315.819901532792,10121.216109836687,14511.931025127762
2025-06-10 11:00:00+00:00,9849.25,11662.175507307511,9465.65220197766,13852.24681573435
2025-06-10 12:00:00+00:00,9195.5,10858.863916136866,8659.145060835568,13057.37700643523
2025-06-10 13:00:00+00:00,8007.0,9812.408238986285,7614.996848829713,12013.000528242781
2025-06-10 14:00:00+00:00,7052.5,6524.743955477521,4335.987427013113,8725.942304365433
2025-06-10 15:00:00+00:00,5685.25,5774.3790053551475,3576.973643479087,7972.150302239816
2025-06-10 16:00:00+00:00,3800.5,3826.09739640103,1640.5327128626855,6026.73042991591
2025-06-10 17:00:00+00:00,1957.75,2061.4663174931547,-132.3090298494867,4254.323968440739
2025-06-10 18:00:00+00:00,601.25,697.307147717876,-1495.9904035362779,2890.637451032571
2025-06-10 19:00:00+00:00,36.0,-359.95864586840617,-2555.872169372921,1830.3806450465763
2025-06-10 20:00:00+00:00,0.25,-703.84662300746,-2900.993858850487,1487.5301841080213
2025-06-10 21:00:00+00:00,0.0,-498.12615469874527,-2690.0385444727704,1693.6350314277297
2025-06-10 22:00:00+00:00,0.0,-298.68471171094325,-2497.3573380009625,1894.1412537300778
2025-06-10 23:00:00+00:00,0.0,133.1173121168622,-2059.0641219154118,2325.5237572148344
2025-06-11 00:00:00+00:00,0.0,-246.18767036172858,-2435.8429079715083,1950.9558667147062
2025-06-11 01:00:00+00:00,0.0,-225.34679126936408,-2421.118753984139,1967.8580442798689
2025-06-11 02:00:00+00:00,0.5,-80.87413217246376,-2278.178548564127,2110.708443899026
2025-06-11 03:00:00+00:00,216.0,205.40955965853573,-1989.731536732807,2394.250728775793
2025-06-11 04:00:00+00:00,1454.0,1729.4905259977656,-463.9937884267506,3923.474775182024
2025-06-11 05:00:00+00:00,3977.25,2700.728154087874,509.65222368212426,4894.076846039944
2025-06-11 06:00:00+00:00,7276.0,4747.959326468024,2551.548586695737,6937.815735112839
2025-06-11 07:00:00+00:00,10587.25,7663.991162103221,5468.180142241397,9860.66526553867
2025-06-11 08:00:00+00:00,13360.25,11714.872141652293,9520.795975568064,13912.427656744485
2025-06-11 09:00:00+00:00,13731.9375,13674.164545077934,11485.319221579337,15873.304774693966
2025-06-11 10:00:00+00:00,14103.625,13592.535629166734,11399.35078979738,15790.965376764929
2025-06-11 11:00:00+00:00,14475.3125,11886.488804361368,9695.388394000094,14086.130345796957
2025-06-11 12:00:00+00:00,14847.0,13976.070151770593,11776.873298189808,16178.028038876315
2025-06-11 13:00:00+00:00,14014.5,13315.010238035147,11112.860479130473,15514.96223015437
2025-06-11 14:00:00+00:00,12673.75,11445.786677871962,9252.084495289231,13644.600355451823
2025-06-11 15:00:00+00:00,10796.5,9160.390903628839,6965.853685476839,11361.770876460077
2025-06-11 16:00:00+00:00,6926.25,6733.150333990521,4538.801669349532,8923.022744519689
2025-06-11 17:00:00+00:00,3083.5,4155.513562595122,1963.9677521120634,6352.124970764768
2025-06-11 18:00:00+00:00,874.75,1491.1656408351985,-699.9221395970976,3681.332176944954
2025-06-11 19:00:00+00:00,68.75,19.11649058544799,-2177.811533745043,2206.8353737072016
2025-06-11 20:00:00+00:00,1.75,-474.12724404906976,-2665.9600741083354,1717.398712039606
2025-06-11 21:00:00+00:00,0.0,-536.504693925785,-2731.208276157489,1654.4101362060987
2025-06-11 22:00:00+00:00,0.0,-169.85299270402447,-2367.513038177262,2022.4418391750578
2025-06-11 23:00:00+00:00,0.0,217.11296989932907,-1974.8594318451692,2407.1091602985534
2025-06-12 00:00:00+00:00,0.0,-267.10396912545093,-2459.634575688688,1926.2760954401301
2025-06-12 01:00:00+00:00,0.0,-32.01683314413822,-2224.3565410532196,2161.8675479265394
2025-06-12 02:00:00+00:00,1.0,146.20238558237816,-2047.3519605052365,2339.80901633934
2025-06-12 03:00:00+00:00,294.75,239.5645543159735,-1952.7626726101748,2433.247925489004
2025-06-12 04:00:00+00:00,1728.25,1685.5242183758305,-507.5789103130128,3877.2990283211884
2025-06-12 05:00:00+00:00,4749.5,3939.512692013193,1750.0379696079922,6133.398979198207
2025-06-12 06:00:00+00:00,9046.5,7211.3448315431815,5022.086522817249,9406.501016136008
2025-06-12 07:00:00+00:00,12994.75,10462.840431400477,8271.247654509963,12665.94801328319
2025-06-12 08:00:00+00:00,13246.541666666666,13102.052452837575,10916.33181339835,15296.537441297474
2025-06-12 09:00:00+00:00,13498.333333333334,14819.55140702634,12622.32148055004,17021.071071691018
2025-06-12 10:00:00+00:00,13750.125,15379.925255541724,13182.763939055332,17566.49570151841
2025-06-12 11:00:00+00:00,14001.916666666666,15226.477784560107,13031.287710988576,17427.2265001016
2025-06-12 12:00:00+00:00,14253.708333333334,14724.308882700421,12534.79182473062,16922.934091335355
2025-06-12 13:00:00+00:00,14505.5,13343.374042698439,11155.014602789037,15547.036192829957
2025-06-12 14:00:00+00:00,13197.0,11433.040625227295,9237.573565203456,13626.52743572868
2025-06-12 15:00:00+00:00,10882.5,9224.990199841593,7030.723272552801,11417.477139404898
2025-06-12 16:00:00+00:00,6797.75,6738.266452810256,4546.723199255739,8933.354718927438
2025-06-12 17:00:00+00:00,3064.0,4087.159012188168,1895.524149082572,6280.014178742023
2025-06-12 18:00:00+00:00,825.75,1530.9904281543365,-660.8735675150219,3722.352050727416
2025-06-12 19:00:00+00:00,65.0,134.03817711823285,-2059.0075174189137,2325.251557911312
2025-06-12 20:00:00+00:00,0.5,-505.28680491670457,-2703.4951720634613,1686.5058630122612
2025-06-12 21:00:00+00:00,0.0,-405.8288227441958,-2601.626731842945,1785.755730307295
2025-06-12 22:00:00+00:00,0.0,-12.730871301487696,-2208.138708294395,2179.1473865023822
2025-06-12 23:00:00+00:00,0.0,382.11604864198443,-1813.8765467973867,2572.284677156541
2025-06-13 00:00:00+00:00,0.0,-120.06056647890864,-2313.431093322492,2073.0496071987873
2025-06-13 01:00:00+00:00,0.0,-71.95232192077174,-2270.3799349654787,2121.5527042067984
2025-06-13 02:00:00+00:00,0.75,195.83392755792966,-1999.6254276067498,2388.436460341759
2025-06-13 03:00:00+00:00,311.5,254.83645488215143,-1938.7062161220224,2448.2362058303415
2025-06-13 04:00:00+00:00,1723.25,1618.8898489128349,-577.1826712947013,3809.4265491994574
2025-06-13 05:00:00+00:00,4623.25,3624.479953856115,1433.9379676220574,5820.907051188253
2025-06-13 06:00:00+00:00,8646.0,6746.181123052142,4554.45804342571,8944.38480936377
2025-06-13 07:00:00+00:00,12583.75,10134.534464535676,7946.592454455489,12333.587044948248
2025-06-13 08:00:00+00:00,12721.785714285714,12875.163251282633,10689.359531784337,15077.14027158008
2025-06-13 09:00:00+00:00,12859.82142857143,14398.76701509434,12202.572666496902,16587.103770747977
2025-06-13 10:00:00+00:00,12997.857142857143,14898.726635805999,12703.005667389529,17088.74405572613
2025-06-13 11:00:00+00:00,13135.892857142857,14830.66064520494,12641.878792905612,17026.57816365833
2025-06-13 12:00:00+00:00,13273.92857142857,14271.812372166432,12075.06463496005,16472.15566064925
2025-06-13 13:00:00+00:00,13411.964285714286,13013.67370419323,10818.42763384031,15212.14759845305
2025-06-13 14:00:00+00:00,13550.0,11145.993654013993,8954.448742577792,13344.595129335266
2025-06-13 15:00:00+00:00,10544.25,8772.013757701709,6582.643830093551,10966.421980732022
2025-06-13 16:00:00+00:00,6610.25,6144.8282558224,3948.487294368072,8335.653721368124
2025-06-13 17:00:00+00:00,2965.5,3840.650491991601,1643.5083031596298,6035.440705467116
2025-06-13 18:00:00+00:00,868.75,1313.511249491673,-877.3311376929373,3509.1320497055867
2025-06-13 19:00:00+00:00,73.75,-111.22094478436475,-2302.450625754175,2084.609501835918
2025-06-13 20:00:00+00:00,2.25,-661.2540324021015,-2859.6975437486985,1530.563187666304
2025-06-13 21:00:00+00:00,0.0,-559.8233689320814,-2753.4764201833636,1629.3932974138313
2025-06-13 22:00:00+00:00,0.0,-55.90943556107641,-2249.18723425679,2133.9328176653303
2025-06-13 23:00:00+00:00,0.0,307.3798713835481,-1886.773087394557,2496.4003684961394
2025-06-14 00:00:00+00:00,0.0,-23.020671058861808,-2214.75871385442,2167.960888858701
2025-06-14 01:00:00+00:00,0.0,169.51321082252753,-2021.5391946484347,2359.676133986503
2025-06-14 02:00:00+00:00,2.0,313.7500559236032,-1878.0692374085952,2502.2642889537474
2025-06-14 03:00:00+00:00,341.0,399.9558554411442,-1791.7153374292616,2590.027150689882
2025-06-14 04:00:00+00:00,1830.75,1878.9196376915068,-313.47376243534336,4066.6025637160137
2025-06-14 05:00:00+00:00,4706.25,3717.7322983205368,1523.706784714271,5910.535228252931
2025-06-14 06:00:00+00:00,8763.75,6354.899796861544,4158.498102391824,8545.988031731516
2025-06-14 07:00:00+00:00,12829.75,9706.629656194284,7519.166523305643,11908.731389044244
2025-06-14 08:00:00+00:00,14739.75,12734.092186190484,10536.774087214812,14927.181248708734
2025-06-14 09:00:00+00:00,14708.25,14474.914934004039,12281.762957685803,16672.275618517404
2025-06-14 10:00:00+00:00,14676.75,15236.907153568493,13043.129977972478,17441.70488811191
2025-06-14 11:00:00+00:00,14645.25,14747.332282365447,12552.626509892016,16938.78719535072
2025-06-14 12:00:00+00:00,14613.75,14226.732966625195,12036.698019040652,16421.658784997868
2025-06-14 13:00:00+00:00,14582.25,11122.932451931487,8923.694892785636,13316.553434527448
2025-06-14 14:00:00+00:00,12908.25,10345.329021516538,8154.323026801694,12538.974383368235
2025-06-14 15:00:00+00:00,10153.25,7852.768377040962,5663.955301283343,10052.21103223854
2025-06-14 16:00:00+00:00,6025.25,5428.367902395939,3239.784950551804,7628.199046573867
2025-06-14 17:00:00+00:00,2492.75,3074.4968637858788,887.5331844869022,5273.333694702038
2025-06-14 18:00:00+00:00,703.75,1342.4347588456576,-844.627238176166,3543.1412230650967
2025-06-14 19:00:00+00:00,60.25,1.4494042199480646,-2186.2812274977127,2193.4108057864214
2025-06-14 20:00:00+00:00,1.5,-565.3099926932391,-2757.2699607280924,1627.7836529965039
2025-06-14 21:00:00+00:00,0.0,-372.0768726278807,-2568.107964365309,1818.4349802384468
2025-06-14 22:00:00+00:00,0.0,274.3313148287616,-1917.5950105402867,2469.937034687177
2025-06-14 23:00:00+00:00,0.0,355.48528822045046,-1837.0841200852751,2545.3793175776846
2025-06-15 00:00:00+00:00,0.0,-147.8563581712724,-2341.0789629826227,2044.3630640639562
2025-06-15 01:00:00+00:00,0.0,88.65209512903493,-2107.037060564175,2279.5400253306216
2025-06-15 02:00:00+00:00,1.75,396.35033426239943,-1794.43426118863,2587.6268471625317
2025-06-15 03:00:00+00:00,291.0,373.6143075091154,-1823.9377621326662,2564.523288773128
2025-06-15 04:00:00+00:00,1709.25,1608.8068799955754,-587.8505182482368,3798.6924263555193
2025-06-15 05:00:00+00:00,4097.5,3287.4432127766067,1095.8322925402588,5478.706331437365
2025-06-15 06:00:00+00:00,6047.0,6555.534742922107,4368.463801414317,8750.887951612038
2025-06-15 07:00:00+00:00,7991.5,9562.441639759552,7371.8046599962745,11762.180301874803
2025-06-15 08:00:00+00:00,9873.5,11258.370965912498,9063.497958459695,13458.393136715134
2025-06-15 09:00:00+00:00,11191.25,12169.835744280563,9974.780916424856,14362.167208750818
2025-06-15 10:00:00+00:00,10606.75,12377.788869528602,10186.421749691102,14567.08748878039
2025-06-15 11:00:00+00:00,9361.0,13909.428548628019,11719.475210156823,16106.530385820364
2025-06-15 12:00:00+00:00,8472.0,10978.765602412675,8785.83159821223,13171.351209833698
2025-06-15 13:00:00+00:00,6574.25,4275.790473697116,2081.7145784178,6472.796576079165
2025-06-15 14:00:00+00:00,5839.75,5487.798867888026,3281.2158331759183,7681.910788170779
2025-06-15 15:00:00+00:00,5272.25,5727.082629291836,3518.6832666950954,7921.644208736179
2025-06-15 16:00:00+00:00,3721.0,3361.0500421454653,1170.3457916041789,5558.824821435608
2025-06-15 17:00:00+00:00,1957.25,2871.4052584801293,677.6084741850609,5071.50337105974
2025-06-15 18:00:00+00:00,631.0,588.7777251281534,-1603.3707144134255,2783.73154332219
2025-06-15 19:00:00+00:00,59.75,-5.396318926424556,-2207.2084891549216,2189.1707181805396
2025-06-15 20:00:00+00:00,2.0,-858.1158092916535,-3057.936466595995,1331.616521410418
2025-06-15 21:00:00+00:00,0.0,-323.377707788477,-2524.4203037308794,1872.3007212131856
2025-06-15 22:00:00+00:00,0.0,-27.086630667140525,-2221.0878927159524,2164.966486538545
2025-06-15 23:00:00+00:00,0.0,178.76938128663687,-2015.9888591368058,2372.4664919655434
2025-06-16 00:00:00+00:00,0.0,-451.4182800599283,-2646.819564217332,1741.3310646650511
2025-06-16 01:00:00+00:00,0.0,-365.6768527360505,-2556.852200238665,1830.886441230218
2025-06-16 02:00:00+00:00,1.5,-109.04843602104256,-2304.867872592024,2083.6714417643543
2025-06-16 03:00:00+00:00,151.5,52.463091399267796,-2145.854752373895,2244.6367142380336
2025-06-16 04:00:00+00:00,1120.75,1267.151326129727,-929.6224017487825,3457.6940263351667
2025-06-16 05:00:00+00:00,3065.0,2169.3590301424047,-29.892282008665006,4365.113535725552
2025-06-16 06:00:00+00:00,5916.5,3921.5360928269547,1707.0530473424,6116.965803045257
2025-06-16 07:00:00+00:00,9279.0,6620.178404202719,4433.026459548115,8818.191226427383
2025-06-16 08:00:00+00:00,11810.0,8443.117058891881,6246.4462201429615,10632.324056852516
2025-06-16 09:00:00+00:00,12911.5,11695.29039313683,9514.93819428784,13894.980582844595
2025-06-16 10:00:00+00:00,12614.0,11302.705729163952,9112.946579928503,13494.700528252297
2025-06-16 11:00:00+00:00,12175.5,13707.922065982577,11508.533582398488,15906.918990261294
2025-06-16 12:00:00+00:00,11715.75,13066.063809935156,10869.970536855795,15258.45552068388
2025-06-16 13:00:00+00:00,11229.0,9549.658286606762,7345.922144809352,11741.916872014757
2025-06-16 14:00:00+00:00,10251.5,9022.933105670945,6817.019028609908,11213.348341328676
2025-06-16 15:00:00+00:00,8527.75,6061.301077024379,3869.9093090504302,8259.076403893321
2025-06-16 16:00:00+00:00,5861.5,4327.263429433842,2127.0630851271135,6523.409894475944
2025-06-16 17:00:00+00:00,2932.5,2890.1964448776353,704.5198864916799,5088.937855045028
2025-06-16 18:00:00+00:00,1006.0,1036.755073148759,-1154.1602567053706,3237.0482580464704
2025-06-16 19:00:00+00:00,88.0,-119.8874463797074,-2313.404481955708,2070.91386861962
2025-06-16 20:00:00+00:00,1.75,-557.3018360242136,-2754.5322634199742,1636.4166190245642
2025-06-16 21:00:00+00:00,0.0,-496.3683450882022,-2692.3229680681775,1698.1949296163007
2025-06-16 22:00:00+00:00,0.0,27.782776783781173,-2167.864789904989,2222.660432929351
2025-06-16 23:00:00+00:00,0.0,316.17477962938074,-1879.5687217730415,2509.3636871699414
2025-06-17 00:00:00+00:00,0.0,-292.0379308273641,-2485.4439437224178,1903.5042299890342
2025-06-17 01:00:00+00:00,0.0,-149.67452767529176,-2343.4091194733414,2042.4173723184597
2025-06-17 02:00:00+00:00,1.75,18.208850244587666,-2174.700627519261,2213.157820734225
2025-06-17 03:00:00+00:00,305.5,134.56805386038423,-2058.7157752260205,2328.431026544785
2025-06-17 04:00:00+00:00,1772.0,1556.751837772439,-637.4045852093868,3746.308052237907
2025-06-17 05:00:00+00:00,4732.0,3566.387707345046,1376.8384190845386,5759.201798720879
2025-06-17 06:00:00+00:00,8867.0,6758.478739811153,4566.671990624846,8948.768331488776
2025-06-17 07:00:00+00:00,12815.0,10182.35352420518,7990.926611858782,12377.102118387285
2025-06-17 08:00:00+00:00,13145.083333333334,12856.208185035159,10659.528238435176,15047.140692425228
2025-06-17 09:00:00+00:00,13475.166666666666,14507.621185327054,12308.750233819726,16699.182380613234
2025-06-17 10:00:00+00:00,13805.25,14069.151034690709,11874.113904616082,16265.396714592274
2025-06-17 11:00:00+00:00,14135.333333333334,14110.489377833708,11912.070376443779,16305.159332472977
2025-06-17 12:00:00+00:00,14465.416666666666,14098.92357850679,11901.031181047136,16297.44838548606
2025-06-17 13:00:00+00:00,14795.5,12711.374697582958,10510.303928745729,14910.023684989992
2025-06-17 14:00:00+00:00,13544.5,11169.71787626598,8970.183907081022,13368.404716575822
2025-06-17 15:00:00+00:00,10520.500000000002,9084.501211358976,6892.048784779527,11280.459004105083
2025-06-17 16:00:00+00:00,6735.5,6806.296127963073,4618.020076048391,9005.653078965242
2025-06-17 17:00:00+00:00,3128.25,3893.8401775818884,1705.9684897112902,6095.064344613287
2025-06-17 18:00:00+00:00,1035.25,1317.03820733619,-870.9589175962406,3509.70534921995
2025-06-17 19:00:00+00:00,111.25,96.03399217065817,-2095.915840483324,2288.6785726229923
2025-06-17 20:00:00+00:00,3.25,-397.96079042356223,-2593.07692571459,1790.6548367484897
2025-06-17 21:00:00+00:00,0.0,-364.99417854081867,-2558.944850814359,1826.681113706843
2025-06-17 22:00:00+00:00,0.0,33.39051085869778,-2160.972018268438,2223.20609941772
2025-06-17 23:00:00+00:00,0.0,348.03482513993777,-1846.4906861834365,2539.3531148681336
2025-06-18 00:00:00+00:00,0.0,-227.66244631751078,-2424.5986035151177,1960.9210081063497
2025-06-18 01:00:00+00:00,0.0,39.46479891957097,-2156.854217821025,2233.8515288583867
2025-06-18 02:00:00+00:00,1.25,432.3205389581585,-1762.9652579411827,2624.660534633603
2025-06-18 03:00:00+00:00,302.0,268.1170521632821,-1926.1085180494779,2461.0007637052927
2025-06-18 04:00:00+00:00,1748.25,1327.7334448545416,-871.3471127471703,3516.565680802265
2025-06-18 05:00:00+00:00,4552.25,2974.4242603954076,785.7881208301387,5164.055514419534
2025-06-18 06:00:00+00:00,8486.5,5786.287552551887,3594.2921458193105,7980.231882558068
2025-06-18 07:00:00+00:00,12290.0,9098.579004728172,6911.186371420774,11296.440017626557
2025-06-18 08:00:00+00:00,12768.65,11523.270717177355,9332.871959995471,13721.35524954587
2025-06-18 09:00:00+00:00,13247.3,13136.972740372183,10943.837020997962,15335.931780679395
2025-06-18 10:00:00+00:00,13725.95,14755.26673184518,12561.512769431327,16957.834178440175
2025-06-18 11:00:00+00:00,14204.6,14556.692771520384,12362.647818647141,16748.518192461765
2025-06-18 12:00:00+00:00,14683.25,14409.004383176472,12214.602109473137,16603.59782822842
2025-06-18 13:00:00+00:00,13527.25,12769.781874080558,10568.752717217605,14971.0329885899
2025-06-18 14:00:00+00:00,12193.0,10702.654510424256,8507.576117427998,12904.320919221369
2025-06-18 15:00:00+00:00,9403.0,8482.433553154755,6295.920751756663,10682.963261503452
2025-06-18 16:00:00+00:00,6223.25,6396.746966622157,4205.57749841361,8599.332701054802
2025-06-18 17:00:00+00:00,3017.75,3662.9554679365283,1466.6120157996995,5853.772992644276
2025-06-18 18:00:00+00:00,991.75,1258.2563967648969,-935.2670695384809,3446.4082859171085
2025-06-18 19:00:00+00:00,100.5,93.6650190152277,-2100.3034287980704,2285.033334393189
2025-06-18 20:00:00+00:00,2.5,-432.7120255469422,-2628.6343910942155,1757.7302307127445
2025-06-18 21:00:00+00:00,0.0,-410.607793514042,-2602.758334129186,1778.713985465391
2025-06-18 22:00:00+00:00,0.0,144.11139011688147,-2044.4306118335285,2338.020401799029
2025-06-18 23:00:00+00:00,0.0,217.70606224606354,-1977.815641963843,2408.875073847352
2025-06-19 00:00:00+00:00,0.0,-345.6447415323387,-2540.8602520228965,1846.7086564757958
2025-06-19 01:00:00+00:00,0.0,34.80238744727376,-2159.134387279492,2228.0901588361767
2025-06-19 02:00:00+00:00,1.25,223.029632686098,-1973.6575175245994,2415.0648579998856
2025-06-19 03:00:00+00:00,282.0,309.2083257430563,-1889.3656945651787,2500.5891827871415
2025-06-19 04:00:00+00:00,1711.75,1733.1002920291032,-462.65514726626225,3924.6924113519335
2025-06-19 05:00:00+00:00,4568.0,3769.588380838496,1581.605230239642,5960.243647529131
2025-06-19 06:00:00+00:00,8350.25,7038.50732439505,4847.654015125105,9228.388861513427
2025-06-19 07:00:00+00:00,11826.75,10091.257544362206,7903.795871790026,12287.458893742805
2025-06-19 08:00:00+00:00,13344.0,12452.769606860695,10260.132722238675,14650.624188850603
2025-06-19 09:00:00+00:00,14572.5,13779.399272810799,11587.349273585272,15971.022849485771
2025-06-19 10:00:00+00:00,14657.25,14160.83193685281,11957.96187222082,16349.554837215142
2025-06-19 11:00:00+00:00,14742.0,14479.63322429753,12287.693329846918,16672.812199342676
2025-06-19 12:00:00+00:00,14826.75,14094.061025188656,11903.063218043942,16291.655499954108
2025-06-19 13:00:00+00:00,13964.25,11927.675318954069,9734.875857955061,14125.805669109059
2025-06-19 14:00:00+00:00,12510.0,10453.154767700245,8261.786790307351,12650.72646175378
2025-06-19 15:00:00+00:00,10694.25,7985.840352572899,5796.305120948178,10187.371356040463
2025-06-19 16:00:00+00:00,7058.25,6374.807288933146,4184.521567360927,8563.434761440278
2025-06-19 17:00:00+00:00,3323.5,3770.4880489834086,1581.3481013770088,5965.858592044212
2025-06-19 18:00:00+00:00,1013.75,1225.7089952891135,-965.8369159092631,3419.1218492695753
2025-06-19 19:00:00+00:00,101.0,-28.97575769726609,-2219.6053206622923,2163.4519301342593
2025-06-19 20:00:00+00:00,3.25,-296.9060644835595,-2491.4666365608277,1893.730538352383
2025-06-19 21:00:00+00:00,0.0,-455.95242047161673,-2650.7189012641797,1734.5227116107542
2025-06-19 22:00:00+00:00,0.0,8.782514977850497,-2186.6112309864825,2199.6829824218626
2025-06-19 23:00:00+00:00,0.0,398.4289030251334,-1799.3464635673895,2589.0002985229958
2025-06-20 00:00:00+00:00,0.0,-131.910950894116,-2323.7950746002184,2064.35535015574
2025-06-20 01:00:00+00:00,0.0,110.69970882348161,-2081.8244664525732,2305.3415001277963
2025-06-20 02:00:00+00:00,1.75,235.2185091796905,-1955.419560773404,2431.3729061184094
2025-06-20 03:00:00+00:00,295.25,265.39213792947567,-1927.201947248304,2457.7702789323903
2025-06-20 04:00:00+00:00,1746.0,1762.5776176598936,-431.54540721772855,3954.329419168934
2025-06-20 05:00:00+00:00,4768.75,3782.2247849223186,1593.1263520551092,5976.303775304759
2025-06-20 06:00:00+00:00,9093.75,7065.626039306708,4874.829249417016,9257.103735097679
2025-06-20 07:00:00+00:00,12996.0,10222.12812996335,8028.381051161203,12411.115058548865
2025-06-20 08:00:00+00:00,13183.07142857143,12819.405520684355,10621.750080297095,15011.714095569045
2025-06-20 09:00:00+00:00,13370.142857142857,14582.787805757247,12385.255139095301,16773.98740538074
2025-06-20 10:00:00+00:00,13557.214285714286,15291.961721958563,13093.812957988013,17480.527181298985
2025-06-20 11:00:00+00:00,13744.285714285714,15193.036219658146,12994.876029453848,17382.967660417857
2025-06-20 12:00:00+00:00,13931.357142857143,14612.601294855785,12416.557458055984,16810.630893007612
2025-06-20 13:00:00+00:00,14118.428571428572,13293.506441525298,11102.619174008418,15494.106460461337
2025-06-20 14:00:00+00:00,14305.5,11499.090166297854,9303.192654224245,13692.329349393276
2025-06-20 15:00:00+00:00,11276.5,9205.295792286191,7014.225114061943,11399.197340242637
2025-06-20 16:00:00+00:00,7427.0,6600.889553764375,4403.402839439454,8794.57969874218
2025-06-20 17:00:00+00:00,3392.25,4073.0974941142667,1877.3461224629714,6266.7526741423535
2025-06-20 18:00:00+00:00,1029.5,1613.13655538704,-577.8961091061851,3809.3784268388135
2025-06-20 19:00:00+00:00,93.0,189.42135907896272,-2001.4406954906603,2386.078316869514
2025-06-20 20:00:00+00:00,3.0,-416.6598208789392,-2611.4336354033653,1775.343705088687
2025-06-20 21:00:00+00:00,0.0,-485.9209881766701,-2681.5891901218797,1703.9671357589068
2025-06-20 22:00:00+00:00,0.0,-27.533177915845954,-2221.549973114374,2166.4259293690666
2025-06-20 23:00:00+00:00,0.0,357.31694805316147,-1836.8023957575201,2547.959717576826
2025-06-21 00:00:00+00:00,0.0,-49.14853845663674,-2242.0558408101447,2141.8837428884412
2025-06-21 01:00:00+00:00,0.0,115.74299880267881,-2076.7094592819453,2305.220827639298
2025-06-21 02:00:00+00:00,1.75,210.4016176124287,-1984.378726083121,2399.8159438276352
2025-06-21 03:00:00+00:00,312.25,472.0736766619111,-1721.558884176408,2661.8298710281542
2025-06-21 04:00:00+00:00,1788.5,1880.0341871750065,-314.0209742220627,4069.893943862883
2025-06-21 05:00:00+00:00,4849.0,3776.021601673726,1583.9207993100708,5968.258331609311
2025-06-21 06:00:00+00:00,9124.25,7129.354496325077,4937.042629769512,9320.841992039272
2025-06-21 07:00:00+00:00,12654.5,10417.970159616678,8227.371142736645,12610.671018295881
2025-06-21 08:00:00+00:00,14504.0,13024.62809280438,10836.909459885648,15217.510103964647
2025-06-21 09:00:00+00:00,14572.0,14538.346403553223,12342.39626012295,16733.169396135254
2025-06-21 10:00:00+00:00,14640.0,14992.747752658186,12794.213902015485,17185.98215894273
2025-06-21 11:00:00+00:00,14708.0,14779.550018978354,12576.662725607954,16964.83514454612
2025-06-21 12:00:00+00:00,14776.0,14238.200844878273,12042.4509348217,16433.832843429114
2025-06-21 13:00:00+00:00,14844.0,12970.98886606159,10777.195343737294,15165.688949223097
2025-06-21 14:00:00+00:00,13720.25,10925.666543546613,8730.593114143056,13120.845853981693
2025-06-21 15:00:00+00:00,11166.75,8588.50234064674,6392.371794953741,10784.78953812246
2025-06-21 16:00:00+00:00,7329.75,6304.910248859111,4105.115354390837,8498.100113153661
2025-06-21 17:00:00+00:00,3359.25,3736.923047998399,1531.0123923775693,5925.457138374028
2025-06-21 18:00:00+00:00,1025.75,1235.1392322636127,-964.4795435551846,3428.4506397521614
2025-06-21 19:00:00+00:00,94.0,61.009584317234385,-2136.851602974421,2245.036695660614
2025-06-21 20:00:00+00:00,2.25,-573.6035812232012,-2773.976278875048,1616.153190255568
2025-06-21 21:00:00+00:00,0.0,-536.0633046036723,-2732.0282881264843,1654.7632321676876
2025-06-21 22:00:00+00:00,0.0,153.11917714794663,-2042.7851052102983,2342.599061672548
2025-06-21 23:00:00+00:00,0.0,407.9226724123505,-1790.013596489704,2599.818726962702
2025-06-22 00:00:00+00:00,0.0,-143.7722731428912,-2336.3596461619195,2041.9337224786004
2025-06-22 01:00:00+00:00,0.0,120.76004166881012,-2068.856658999133,2310.8590347952218
2025-06-22 02:00:00+00:00,2.0,135.24459183157887,-2063.5605762316695,2326.103882308079
2025-06-22 03:00:00+00:00,295.75,304.92482861061626,-1889.0003076403368,2494.43165582043
2025-06-22 04:00:00+00:00,1719.0,1748.0460283799775,-449.3196850901022,3934.8127959243775
2025-06-22 05:00:00+00:00,4716.25,3502.403814844808,1306.0762056712551,5693.734561084674
2025-06-22 06:00:00+00:00,8851.0,7245.974042994749,5060.985486315929,9442.15248480338
2025-06-22 07:00:00+00:00,11497.5,10377.53521518524,8188.122147394499,12574.621051640279
2025-06-22 08:00:00+00:00,13428.5,12851.221834092365,10658.160641002089,15044.818034466798
2025-06-22 09:00:00+00:00,13631.375,14413.187891408414,12222.356442801103,16610.51366145381
2025-06-22 10:00:00+00:00,13834.25,15006.140533030046,12811.113037412288,17204.04729271064
2025-06-22 11:00:00+00:00,14037.125,14596.465837128731,12391.364196642717,16785.336464523705
2025-06-22 12:00:00+00:00,14240.0,13840.779291587138,11644.9428899353,16032.327976420172
2025-06-22 13:00:00+00:00,12802.5,10992.995392414627,8798.181338548146,13185.780025293425
2025-06-22 14:00:00+00:00,10695.5,9128.031730944655,6935.826685439826,11320.949019438323
2025-06-22 15:00:00+00:00,8358.25,6452.0183586919065,4262.001566831952,8650.462877417138
2025-06-22 16:00:00+00:00,5666.25,4975.382110342593,2780.540642721623,7165.407653928929
2025-06-22 17:00:00+00:00,2618.75,3339.055752559589,1147.6886722903985,5530.055783135014
2025-06-22 18:00:00+00:00,754.75,1458.9897665403332,-741.7351992712674,3651.523018017071
2025-06-22 19:00:00+00:00,54.75,-95.155003393882,-2285.3614496325995,2097.3867198663393
2025-06-22 20:00:00+00:00,1.5,-348.5042877935716,-2544.623906457857,1845.242587498803
2025-06-22 21:00:00+00:00,0.0,-860.5659378791115,-3045.0310684236224,1339.93939437671
2025-06-22 22:00:00+00:00,0.0,77.39781194095895,-2113.7092894295324,2266.442907240477
2025-06-22 23:00:00+00:00,0.0,359.05992979544453,-1835.8340275250907,2546.1825807492824
2025-06-23 00:00:00+00:00,0.0,-296.3562868103468,-2485.887599167096,1903.2901243002457
2025-06-23 01:00:00+00:00,0.0,-226.28769117939646,-2420.938591059779,1968.6556855486356
2025-06-23 02:00:00+00:00,1.0,-573.4020530135185,-2795.6352753313663,1624.2315707782027
2025-06-23 03:00:00+00:00,241.75,149.72230081984662,-2050.2681943231814,2342.5285417249966
2025-06-23 04:00:00+00:00,1258.25,1313.7526097665998,-880.1110643363645,3506.0988979389094
2025-06-23 05:00:00+00:00,2466.5,2007.6946910429406,-185.43762516931565,4200.5372079594545
2025-06-23 06:00:00+00:00,4642.75,3739.4380821502127,1550.2968849942838,5933.807540717125
2025-06-23 07:00:00+00:00,7964.75,6075.881073050702,3884.938594195565,8274.85503726096
2025-06-23 08:00:00+00:00,10500.0,10287.33149863453,8100.3237509072005,12487.01642330064
2025-06-23 09:00:00+00:00,11897.75,9776.615344113588,7581.884238733697,11968.65223229028
2025-06-23 10:00:00+00:00,11828.75,10287.394265413584,8093.241269673941,12480.413439905964
2025-06-23 11:00:00+00:00,11202.0,10465.066013929714,8276.267739022966,12660.030194568792
2025-06-23 12:00:00+00:00,10078.0,12470.034381726437,10275.161710344883,14674.153983730701
2025-06-23 13:00:00+00:00,9500.5,7636.950877661633,5445.243180616859,9833.924892577701
2025-06-23 14:00:00+00:00,8662.25,8591.703555266375,6395.109547967967,10797.430863784344
2025-06-23 15:00:00+00:00,6956.25,7174.8329930897635,4985.026172535355,9373.765113559331
2025-06-23 16:00:00+00:00,4812.25,5758.052664157106,3562.9352949725685,7950.865255245662
2025-06-23 17:00:00+00:00,2704.5,2249.095195440511,55.286332476905045,4441.0440054938335
2025-06-23 18:00:00+00:00,951.25,1057.5916412033444,-1134.5048351519858,3250.175718827112
2025-06-23 19:00:00+00:00,83.25,-484.4250032820146,-2675.5202436658187,1711.9931980204028
2025-06-23 20:00:00+00:00,1.5,-443.0978172126629,-2636.944137924,1749.0656197463395
2025-06-23 21:00:00+00:00,0.0,-455.6410260158523,-2645.7118333801113,1743.3071398095408
2025-06-23 22:00:00+00:00,0.0,-173.8065959391397,-2362.8746537456495,2020.2538457259789
2025-06-23 23:00:00+00:00,0.0,-50.03012952758263,-2240.944464028126,2142.0193426501137
2025-06-24 00:00:00+00:00,0.0,-306.2787296751003,-2499.328026694928,1889.3523670344957
2025-06-24 01:00:00+00:00,0.0,132.42478561190683,-2059.104600410415,2331.978205664849
2025-06-24 02:00:00+00:00,1.0,144.04042177665679,-2050.330622817221,2335.38514499335
2025-06-24 03:00:00+00:00,228.0,181.73323301856271,-2008.4907458383682,2374.614865220728
2025-06-24 04:00:00+00:00,1482.0,1398.73373307494,-797.2538874104789,3589.261468805347
2025-06-24 05:00:00+00:00,4025.25,3087.002700277953,896.8342098500755,5279.139083795681
2025-06-24 06:00:00+00:00,7444.75,6223.302595378273,4033.250817071839,8415.477776233218
2025-06-24 07:00:00+00:00,9911.5,9311.699217889674,7118.829096977453,11504.4212772491
2025-06-24 08:00:00+00:00,11861.5,10224.020060995525,8030.875822806098,12415.631567514907
2025-06-24 09:00:00+00:00,13479.5,11414.899027111913,9216.36888112799,13612.363884107743
2025-06-24 10:00:00+00:00,13842.5,12648.604773440135,10456.162502672056,14841.816737780187
2025-06-24 11:00:00+00:00,13999.0,12049.775565871269,9853.566741437628,14239.64481167717
2025-06-24 12:00:00+00:00,12974.0,11526.014109022299,9329.515392842077,13720.271556901425
2025-06-24 13:00:00+00:00,11247.25,10181.70098669719,7992.328868960058,12374.272751839886
2025-06-24 14:00:00+00:00,9555.5,9435.920291540486,7239.85294693697,11633.521769542143
2025-06-24 15:00:00+00:00,7771.25,6463.066299185201,4269.090722172705,8658.665597433599
2025-06-24 16:00:00+00:00,4920.25,5843.395629449527,3657.1936881699576,8039.20122107655
2025-06-24 17:00:00+00:00,2282.5,2348.0317694313217,151.43950550000682,4542.59752186909
2025-06-24 18:00:00+00:00,672.25,563.3059397752111,-1630.2041078155075,2764.2406381809496
2025-06-24 19:00:00+00:00,44.0,-460.62976308988664,-2655.12684355419,1729.9290689844788
2025-06-24 20:00:00+00:00,1.25,-432.69186453132033,-2628.31220016252,1755.6279760311832
2025-06-24 21:00:00+00:00,0.0,-437.8973323954965,-2631.9275545476053,1753.586186603734
2025-06-24 22:00:00+00:00,0.0,-64.6620908744444,-2258.827261077618,2129.2564189116447
2025-06-24 23:00:00+00:00,0.0,263.12918858787543,-1927.7945389032661,2455.3932775319513
2025-06-25 00:00:00+00:00,0.0,-223.074732076906,-2416.109124962089,1970.0880358017125
2025-06-25 01:00:00+00:00,0.0,-59.49260993856342,-2254.3700922793264,2134.8931063196474
2025-06-25 02:00:00+00:00,0.75,108.57374356549599,-2089.4383939425693,2301.3629857785677
2025-06-25 03:00:00+00:00,204.5,193.0745182818364,-2002.1000385581233,2384.653828293973
2025-06-25 04:00:00+00:00,1368.0,1367.1655234644,-829.7235614046563,3559.2643711820465
2025-06-25 05:00:00+00:00,3959.0,2957.8076884832776,764.1139265035426,5149.019160426963
2025-06-25 06:00:00+00:00,7871.5,6096.189379651099,3908.3897439188295,8293.23651359921
2025-06-25 07:00:00+00:00,11258.25,8575.023189615302,6388.681839310944,10770.909021904294
2025-06-25 08:00:00+00:00,13193.5,10828.070756938709,8633.912502453957,13030.544210296555
2025-06-25 09:00:00+00:00,14619.25,13995.240953117907,11795.977562231246,16196.564580163136
2025-06-25 10:00:00+00:00,14529.8125,13791.4617446757,11593.160565674236,15989.786636300445
2025-06-25 11:00:00+00:00,14440.375,13740.932055484045,11547.238997290515,15936.385605029853
2025-06-25 12:00:00+00:00,14350.9375,13653.835895696931,11462.815086628954,15851.094587049238
2025-06-25 13:00:00+00:00,14261.5,12465.60313488805,10273.51150340838,14664.526696946983
2025-06-25 14:00:00+00:00,12129.5,10671.567873990789,8480.934243161968,12866.993028007846
2025-06-25 15:00:00+00:00,9119.75,8323.247493059343,6124.9976306792705,10516.155647048352
2025-06-25 16:00:00+00:00,6028.75,6185.941179481515,3995.4371432508833,8379.845689619908
2025-06-25 17:00:00+00:00,2953.0,3412.775793936964,1213.9826124025606,5605.792131257524
2025-06-25 18:00:00+00:00,950.25,1081.4349262271594,-1109.3804240027157,3282.272135059028
2025-06-25 19:00:00+00:00,99.5,1.8503100193806858,-2195.2737228882684,2197.7789442316152
2025-06-25 20:00:00+00:00,3.5,-421.037355465106,-2613.1892091596633,1772.1862986719298
2025-06-25 21:00:00+00:00,0.0,-516.9380138025813,-2709.591234056758,1675.8594602886928
2025-06-25 22:00:00+00:00,0.0,3.7942259838300743,-2191.272963960581,2197.21256246228
2025-06-25 23:00:00+00:00,0.0,304.0099446437648,-1893.134087211813,2498.860841965674
2025-06-26 00:00:00+00:00,0.0,-225.36509136529503,-2416.6055477964433,1969.5193837089723
2025-06-26 01:00:00+00:00,0.0,-162.3636217639464,-2356.891641020908,2026.8542385377636
2025-06-26 02:00:00+00:00,1.5,201.3860356682435,-1993.3181256717712,2390.3056584540295
2025-06-26 03:00:00+00:00,253.25,544.7111666676608,-1648.8109338072777,2739.2459111308185
2025-06-26 04:00:00+00:00,1449.25,1311.0687328565534,-883.3336597917796,3500.860226725904
2025-06-26 05:00:00+00:00,3366.0,2748.303442786935,554.334223011813,4939.165178739839
2025-06-26 06:00:00+00:00,5668.25,4851.798291707915,2659.793252183867,7043.439064579576
2025-06-26 07:00:00+00:00,8267.0,7497.014165464863,5302.989951824297,9691.571547237463
2025-06-26 08:00:00+00:00,10533.75,8888.913266934369,6699.5362898695,11088.387582618583
2025-06-26 09:00:00+00:00,12107.25,10670.95945763237,8478.714348100395,12867.797499841266
2025-06-26 10:00:00+00:00,12560.25,10905.766449010389,8712.465869346492,13104.995277337199
2025-06-26 11:00:00+00:00,11773.5,10007.069865350413,7813.59208244426,12197.065594946083
2025-06-26 12:00:00+00:00,10454.75,10123.633185358316,7922.756497752265,12317.53345043511
2025-06-26 13:00:00+00:00,8133.75,6717.50641279348,4517.5589583739165,8905.310424384012
2025-06-26 14:00:00+00:00,5748.25,3699.972531188444,1504.2030956975593,5897.114998339899
2025-06-26 15:00:00+00:00,4485.5,3111.415635347873,925.6586230866517,5310.310948186148
2025-06-26 16:00:00+00:00,2851.0,2851.304188938694,659.0335085581776,5047.1210296962945
2025-06-26 17:00:00+00:00,1746.0,791.4962542075093,-1402.1110914983965,2985.0548750819726
2025-06-26 18:00:00+00:00,692.75,-211.60388029512887,-2406.65711583645,1980.5278932871101
2025-06-26 19:00:00+00:00,67.25,-91.33000820212828,-2283.00679138035,2101.9307561145
2025-06-26 20:00:00+00:00,0.25,-24.78626967495893,-2219.366495223933,2171.11992487133
2025-06-26 21:00:00+00:00,0.0,-277.96424348738265,-2478.5526453204216,1914.1163142845924
2025-06-26 22:00:00+00:00,0.0,108.79848552503472,-2082.9481152541616,2303.6179155390364
2025-06-26 23:00:00+00:00,0.0,-0.28691734659651047,-2200.0762729640014,2194.1598807255323
