date,solar_tran_actual,solar_tran_fitted,solar_tran_lower,solar_tran_upper
2025-03-10 00:00:00+00:00,0.0,10.643746945774978,-244.56458076801164,265.8520746595617
2025-03-10 01:00:00+00:00,0.0,8.94232068725023,-246.2660070265365,264.15064840103696
2025-03-10 02:00:00+00:00,0.0,10.2372498700704,-244.97107784371633,265.44557758385713
2025-03-10 03:00:00+00:00,0.0,9.825105021148488,-245.38322269263836,265.0334327349352
2025-03-10 04:00:00+00:00,0.0,10.46819780546923,-244.74012990831739,265.67652551925596
2025-03-10 05:00:00+00:00,0.0,10.46819780546923,-244.74012990831739,265.67652551925596
2025-03-10 06:00:00+00:00,423.5,209.35191790885506,-45.85640980493167,464.56024562264184
2025-03-10 07:00:00+00:00,1045.75,1196.3829255142787,941.174597800492,1451.5912532280654
2025-03-10 08:00:00+00:00,1522.0,1768.410001693767,1513.2016739799803,2023.6183294075538
2025-03-10 09:00:00+00:00,1802.75,2185.318700141941,1930.1103724281543,2440.527027855728
2025-03-10 10:00:00+00:00,1718.75,2240.277765850968,1985.0694381371814,2495.486093564755
2025-03-10 11:00:00+00:00,1427.5,2134.275018167401,1879.0666904536147,2389.483345881188
2025-03-10 12:00:00+00:00,1264.25,1979.6069312494976,1724.398603535711,2234.8152589632846
2025-03-10 13:00:00+00:00,1212.5,1408.5274096131,1153.3190818993132,1663.735737326887
2025-03-10 14:00:00+00:00,1079.5,1207.2196279974928,952.011300283706,1462.4279557112795
2025-03-10 15:00:00+00:00,755.75,509.9051600303743,254.69683231658746,765.113487744161
2025-03-10 16:00:00+00:00,236.0,235.1480065836937,-20.06032113009303,490.3563342974804
2025-03-10 17:00:00+00:00,1.75,-5.7442146059926245,-260.95254231977924,249.4641131077941
2025-03-10 18:00:00+00:00,0.0,2.8348834713018505,-252.373444242485,258.0432111850886
2025-03-10 19:00:00+00:00,0.0,2.268306616361542,-252.9400210974252,257.4766343301483
2025-03-10 20:00:00+00:00,0.0,2.268306616361542,-252.9400210974252,257.4766343301483
2025-03-10 21:00:00+00:00,0.0,2.268306616361542,-252.9400210974252,257.4766343301483
2025-03-10 22:00:00+00:00,0.0,2.268306616361542,-252.9400210974252,257.4766343301483
2025-03-10 23:00:00+00:00,0.0,2.268306616361542,-252.9400210974252,257.4766343301483
2025-03-11 00:00:00+00:00,0.0,3.3093786116002093,-251.89894910218663,258.51770632538694
2025-03-11 01:00:00+00:00,0.0,3.3093786116002093,-251.89894910218663,258.51770632538694
2025-03-11 02:00:00+00:00,0.0,3.7614744966580247,-251.44685321712882,258.96980221044475
2025-03-11 03:00:00+00:00,0.0,3.7614744966580247,-251.44685321712882,258.96980221044475
2025-03-11 04:00:00+00:00,0.0,9.972709587981399,-245.23561812580533,265.18103730176813
2025-03-11 05:00:00+00:00,1.75,16.551724886590932,-238.6566028271959,271.76005260037766
2025-03-11 06:00:00+00:00,610.0,301.4579630835209,46.249635369734165,556.6662907973077
2025-03-11 07:00:00+00:00,1802.5,1371.4263835295842,1116.2180558157975,1626.634711243371
2025-03-11 08:00:00+00:00,3073.25,1871.0345763368011,1615.8262486230144,2126.2429040505876
2025-03-11 09:00:00+00:00,4160.0,2347.090437126115,2091.8821094123277,2602.2987648399017
2025-03-11 10:00:00+00:00,4806.0,2926.0221548083136,2670.8138270945265,3181.2304825221004
2025-03-11 11:00:00+00:00,4681.0,2705.6630831838156,2450.4547554700293,2960.871410897603
2025-03-11 12:00:00+00:00,4204.75,2447.0489479836992,2191.8406202699125,2702.257275697486
2025-03-11 13:00:00+00:00,3492.75,1444.6866334927117,1189.4783057789248,1699.8949612064985
2025-03-11 14:00:00+00:00,2317.75,1590.719652562787,1335.511324849,1845.9279802765736
2025-03-11 15:00:00+00:00,1163.0,1103.2316435081311,848.0233157943443,1358.4399712219179
2025-03-11 16:00:00+00:00,266.5,487.15859131049206,231.95026359670533,742.3669190242788
2025-03-11 17:00:00+00:00,3.7500000000001137,-0.4757865396612715,-255.6841142534479,254.73254117412546
2025-03-11 18:00:00+00:00,0.0,3.286979356359666,-251.92134835742718,258.4953070701464
2025-03-11 19:00:00+00:00,0.0,2.6647844576540365,-252.54354325613258,257.87311217144077
2025-03-11 20:00:00+00:00,0.0,2.7204025014194713,-252.48792521236737,257.9287302152062
2025-03-11 21:00:00+00:00,0.0,3.683131487691071,-251.52519622609566,258.8914592014778
2025-03-11 22:00:00+00:00,0.0,9.894366579014331,-245.3139611347724,265.10269429280106
2025-03-11 23:00:00+00:00,0.0,8.931637592742732,-246.27669012104388,264.13996530652946
2025-03-12 00:00:00+00:00,0.0,9.972709587981399,-245.23561812580533,265.18103730176813
2025-03-12 01:00:00+00:00,0.0,4.180162558903589,-251.02816515488325,259.3884902726903
2025-03-12 02:00:00+00:00,0.0,4.724203482929624,-250.4841242308571,259.93253119671635
2025-03-12 03:00:00+00:00,0.0,4.724203482929624,-250.4841242308571,259.93253119671635
2025-03-12 04:00:00+00:00,0.0,3.7614744966580247,-251.44685321712882,258.96980221044475
2025-03-12 05:00:00+00:00,2.75,9.972709587981399,-245.23561812580533,265.18103730176813
2025-03-12 06:00:00+00:00,147.25,192.58864658089033,-62.6196811328964,447.796974294677
2025-03-12 07:00:00+00:00,396.5,664.6597111334272,409.4513834196405,919.868038847214
2025-03-12 08:00:00+00:00,597.0,943.5533639226334,688.3450362088465,1198.76169163642
2025-03-12 09:00:00+00:00,834.25,1305.1584860519822,1049.9501583381953,1560.366813765769
2025-03-12 10:00:00+00:00,1120.25,1076.465803195607,821.2574754818202,1331.6741309093936
2025-03-12 11:00:00+00:00,1287.5,1131.515981879013,876.3076541652263,1386.7243095927997
2025-03-12 12:00:00+00:00,1103.5,1012.9402590645064,757.7319313507196,1268.1485867782933
2025-03-12 13:00:00+00:00,898.75,1036.2275340073272,781.0192062935405,1291.4358617211142
2025-03-12 14:00:00+00:00,628.75,780.3835755947918,525.1752478810049,1035.5919033085786
2025-03-12 15:00:00+00:00,341.0,517.1885525614076,261.9802248476208,772.3968802751945
2025-03-12 16:00:00+00:00,93.25,253.4099505396698,-1.798377174116922,508.61827825345654
2025-03-12 17:00:00+00:00,1.0,-0.09706841119418641,-255.30539612498092,255.11125930259254
2025-03-12 18:00:00+00:00,0.0,2.7429384323336308,-252.4653892814531,257.95126614612036
2025-03-12 19:00:00+00:00,0.0,2.7204025014194713,-252.48792521236737,257.9287302152062
2025-03-12 20:00:00+00:00,0.0,2.7204025014194713,-252.48792521236737,257.9287302152062
2025-03-12 21:00:00+00:00,0.0,2.7204025014194713,-252.48792521236737,257.9287302152062
2025-03-12 22:00:00+00:00,0.0,2.7204025014194713,-252.48792521236737,257.9287302152062
2025-03-12 23:00:00+00:00,0.0,2.7204025014194713,-252.48792521236737,257.9287302152062
2025-03-13 00:00:00+00:00,0.0,3.7614744966580247,-251.44685321712882,258.96980221044475
2025-03-13 01:00:00+00:00,0.0,3.7614744966580247,-251.44685321712882,258.96980221044475
2025-03-13 02:00:00+00:00,0.0,3.7614744966580247,-251.44685321712882,258.96980221044475
2025-03-13 03:00:00+00:00,0.0,3.7614744966580247,-251.44685321712882,258.96980221044475
2025-03-13 04:00:00+00:00,0.0,3.294233727874257,-251.91409398591236,258.5025614416611
2025-03-13 05:00:00+00:00,2.0,3.294233727874257,-251.91409398591236,258.5025614416611
2025-03-13 06:00:00+00:00,224.75,188.44616617190889,-66.76216154187784,443.6544938856956
2025-03-13 07:00:00+00:00,673.0,673.5284747250994,418.32014701131266,928.7368024388862
2025-03-13 08:00:00+00:00,1109.75,1563.6765251153674,1308.4681974015807,1818.8848528291542
2025-03-13 09:00:00+00:00,1423.75,1793.5185260395124,1538.3101983257257,2048.726853753299
2025-03-13 10:00:00+00:00,1553.75,1808.0000768063296,1552.791749092543,2063.2084045201163
2025-03-13 11:00:00+00:00,1529.0,1989.7136694689043,1734.5053417551176,2244.921997182691
2025-03-13 12:00:00+00:00,1695.5,1593.44886438716,1338.2405366733733,1848.6571921009468
2025-03-13 13:00:00+00:00,1766.0,1012.7186872208201,757.5103595070333,1267.9270149346069
2025-03-13 14:00:00+00:00,1556.0,1080.0339118049396,824.8255840911529,1335.2422395187266
2025-03-13 15:00:00+00:00,1005.25,1416.5770001886813,1161.3686724748945,1671.7853279024682
2025-03-13 16:00:00+00:00,336.5,443.42630671629365,188.21797900250692,698.6346344300805
2025-03-13 17:00:00+00:00,5.249999999999886,19.42493415111835,-235.78339356266838,274.6332618649051
2025-03-13 18:00:00+00:00,0.0,2.3905989477109415,-252.8177287660758,257.59892666149767
2025-03-13 19:00:00+00:00,0.0,2.7204025014194713,-252.48792521236737,257.9287302152062
2025-03-13 20:00:00+00:00,0.0,2.6647844576540365,-252.54354325613258,257.87311217144077
2025-03-13 21:00:00+00:00,0.0,2.5312932265350128,-252.67703448725183,257.73962094032174
2025-03-13 22:00:00+00:00,0.0,17.222863510911225,-237.9854642028754,272.43119122469807
2025-03-13 23:00:00+00:00,0.0,2.7204025014194713,-252.48792521236737,257.9287302152062
2025-03-14 00:00:00+00:00,0.0,3.7614744966580247,-251.44685321712882,258.96980221044475
2025-03-14 01:00:00+00:00,0.0,9.295177432836226,-245.9131502809505,264.50350514662296
2025-03-14 02:00:00+00:00,0.0,9.839218356862261,-245.36910935692435,265.047546070649
2025-03-14 03:00:00+00:00,0.0,3.627983265539001,-251.58034444824784,258.83631097932573
2025-03-14 04:00:00+00:00,0.0,3.1607424967552333,-252.0475852170316,258.36907021054196
2025-03-14 05:00:00+00:00,3.25,3.1607424967552333,-252.0475852170316,258.36907021054196
2025-03-14 06:00:00+00:00,197.5,284.62363297942136,29.41530526563463,539.8319606932082
2025-03-14 07:00:00+00:00,592.25,1070.5598836188633,815.3515559050766,1325.76821133265
2025-03-14 08:00:00+00:00,1054.75,1715.0698282664387,1459.861500552652,1970.2781559802254
2025-03-14 09:00:00+00:00,1397.25,2168.4084194071083,1913.200091693322,2423.6167471208955
2025-03-14 10:00:00+00:00,1707.25,2306.120654639989,2050.912326926202,2561.3289823537757
2025-03-14 11:00:00+00:00,2020.5,2358.0392469676644,2102.8309192538777,2613.247574681451
2025-03-14 12:00:00+00:00,2107.5,2407.774354367297,2152.5660266535106,2662.982682081084
2025-03-14 13:00:00+00:00,1741.5,2293.891976222859,2038.6836485090719,2549.100303936645
2025-03-14 14:00:00+00:00,1055.25,2342.2077872600885,2086.999459546302,2597.4161149738757
2025-03-14 15:00:00+00:00,571.0,1403.6685001400324,1148.4601724262457,1658.8768278538191
2025-03-14 16:00:00+00:00,177.25,351.1051864870843,95.8968587732976,606.313514200871
2025-03-14 17:00:00+00:00,3.5,9.163007765850466,-246.04531994793638,264.3713354796372
2025-03-14 18:00:00+00:00,0.0,11.011560151453637,-244.1967675623332,266.21988786524037
2025-03-14 19:00:00+00:00,0.0,1.8010658475778882,-253.40726186620896,257.0093935613646
2025-03-14 20:00:00+00:00,0.0,1.8010658475778882,-253.40726186620896,257.0093935613646
2025-03-14 21:00:00+00:00,0.0,1.8010658475778882,-253.40726186620896,257.0093935613646
2025-03-14 22:00:00+00:00,0.0,1.8010658475778882,-253.40726186620896,257.0093935613646
2025-03-14 23:00:00+00:00,0.0,1.7454478038124535,-253.46287990997416,256.9537755175993
2025-03-15 00:00:00+00:00,0.0,3.287617788464786,-251.92070992532194,258.4959455022515
2025-03-15 01:00:00+00:00,0.0,4.250346774736386,-250.95798093905046,259.4586744885231
2025-03-15 02:00:00+00:00,0.0,2.8421378428164417,-252.36618987097017,258.05046555660317
2025-03-15 03:00:00+00:00,0.0,2.8421378428164417,-252.36618987097017,258.05046555660317
2025-03-15 04:00:00+00:00,0.0,2.8421378428164417,-252.36618987097017,258.05046555660317
2025-03-15 05:00:00+00:00,1.25,3.2608259050620063,-251.94750180872484,258.46915361884874
2025-03-15 06:00:00+00:00,147.25,263.48260521983286,8.274277506046133,518.6909329336195
2025-03-15 07:00:00+00:00,478.99999999999994,1117.6727220294783,862.4643943156916,1372.881049743265
2025-03-15 08:00:00+00:00,901.5,1902.0619068355863,1646.8535791217996,2157.270234549373
2025-03-15 09:00:00+00:00,1333.25,2415.0468824262925,2159.8385547125063,2670.2552101400797
2025-03-15 10:00:00+00:00,1687.75,2441.9053236882664,2186.6969959744797,2697.113651402053
2025-03-15 11:00:00+00:00,1848.0,2512.4146103079793,2257.206282594192,2767.6229380217655
2025-03-15 12:00:00+00:00,1742.0,2471.695484500583,2216.4871567867963,2726.90381221437
2025-03-15 13:00:00+00:00,1380.0,1706.0030950918963,1450.7947673781096,1961.211422805683
2025-03-15 14:00:00+00:00,1098.0,1364.1089084422447,1108.900580728458,1619.3172361560314
2025-03-15 15:00:00+00:00,641.75,1017.9749939954605,762.7666662816737,1273.1833217092471
2025-03-15 16:00:00+00:00,168.75,492.1233937321277,236.9150660183409,747.3317214459145
2025-03-15 17:00:00+00:00,3.0000000000001137,10.628508472475005,-244.57981924131172,265.83683618626173
2025-03-15 18:00:00+00:00,0.0,-3.0607948712734014,-258.26912258506013,252.14753284251333
2025-03-15 19:00:00+00:00,0.0,-0.01143639026031451,-255.21976410404704,255.19689132352642
2025-03-15 20:00:00+00:00,0.0,-0.01143639026031451,-255.21976410404704,255.19689132352642
2025-03-15 21:00:00+00:00,0.0,0.6316563940604283,-254.5766713197263,255.83998410784716
2025-03-15 22:00:00+00:00,0.0,0.6316563940604283,-254.5766713197263,255.83998410784716
2025-03-15 23:00:00+00:00,0.0,0.6316563940604283,-254.5766713197263,255.83998410784716
2025-03-16 00:00:00+00:00,0.0,1.0823079605263501,-254.12601975326038,256.2906356743131
2025-03-16 01:00:00+00:00,0.0,0.9867034725939448,-254.22162424119279,256.1950311863807
2025-03-16 02:00:00+00:00,0.0,1.6176324694373534,-253.5906952443495,256.8259601832241
2025-03-16 03:00:00+00:00,0.0,1.6727283892989817,-253.53559932448775,256.8810561030858
2025-03-16 04:00:00+00:00,0.0,1.0330829773405412,-254.1752447364463,256.24141069112727
2025-03-16 05:00:00+00:00,13.0,7.761596482264849,-247.44673123152188,262.9699241960516
2025-03-16 06:00:00+00:00,334.0,348.36463926443946,93.15631155065262,603.5729669782263
2025-03-16 07:00:00+00:00,913.0,958.9002358560738,703.691908142287,1214.1085635698605
2025-03-16 08:00:00+00:00,1481.75,1914.8736307873637,1659.665303073577,2170.0819585011504
2025-03-16 09:00:00+00:00,2012.25,2059.9238208847064,1804.7154931709192,2315.1321485984927
2025-03-16 10:00:00+00:00,2331.5,2724.8034392753434,2469.595111561556,2980.0117669891297
2025-03-16 11:00:00+00:00,2337.75,2885.382898286817,2630.174570573031,3140.5912260006044
2025-03-16 12:00:00+00:00,2275.5,2603.108368702028,2347.9000409882415,2858.316696415815
2025-03-16 13:00:00+00:00,2205.75,2683.3495582825713,2428.1412305687845,2938.557885996358
2025-03-16 14:00:00+00:00,1755.75,1749.843014619077,1494.6346869052902,2005.0513423328637
2025-03-16 15:00:00+00:00,1128.5,1211.9511570965938,956.742829382807,1467.1594848103805
2025-03-16 16:00:00+00:00,409.0,464.70850826045154,209.50018054666475,719.9168359742383
2025-03-16 17:00:00+00:00,13.0,-22.757044940016158,-277.9653726538029,232.45128277377069
2025-03-16 18:00:00+00:00,0.0,20.213284648858007,-234.99504306492872,275.42161236264474
2025-03-16 19:00:00+00:00,0.0,-7.8304639528639655,-263.0387916666507,247.37786376092276
2025-03-16 20:00:00+00:00,0.0,-7.8304639528639655,-263.0387916666507,247.37786376092276
2025-03-16 21:00:00+00:00,0.0,-7.291842116183375,-262.50016982997,247.91648559760336
2025-03-16 22:00:00+00:00,0.0,-0.08372831557596783,-255.29205602936258,255.12459939821076
2025-03-16 23:00:00+00:00,0.0,0.5593644687448887,-254.64896324504184,255.76769218253162
2025-03-17 00:00:00+00:00,0.0,1.600436463983442,-253.6078912498033,256.8087641777702
2025-03-17 01:00:00+00:00,0.0,1.0936049669087424,-254.114722746878,256.3019326806955
2025-03-17 02:00:00+00:00,0.0,1.0379869231434213,-254.17034079064342,256.24631463693015
2025-03-17 03:00:00+00:00,0.0,2.391770181266452,-252.8165575325204,257.6000978950532
2025-03-17 04:00:00+00:00,0.0,2.391770181266452,-252.8165575325204,257.6000978950532
2025-03-17 05:00:00+00:00,47.999999999999886,4.432546048737322,-250.7757816650494,259.64087376252405
2025-03-17 06:00:00+00:00,900.25,592.9419945603402,337.73366684655343,848.1503222741269
2025-03-17 07:00:00+00:00,2241.0,1758.8758945063785,1503.6675667925917,2014.0842222201652
2025-03-17 08:00:00+00:00,3368.25,2551.83934303849,2296.631015324703,2807.0476707522766
2025-03-17 09:00:00+00:00,4183.5,3395.50430306568,3140.295975351893,3650.712630779467
2025-03-17 10:00:00+00:00,4513.25,3825.36209297618,3570.1537652623933,4080.570420689967
2025-03-17 11:00:00+00:00,4146.75,4542.907990342363,4287.699662628575,4798.116318056149
2025-03-17 12:00:00+00:00,3358.25,4461.435872609437,4206.22754489565,4716.644200323224
2025-03-17 13:00:00+00:00,3059.25,3305.270997299865,3050.0626695860783,3560.4793250136518
2025-03-17 14:00:00+00:00,2776.5,2720.993422064494,2465.7850943507074,2976.201749778281
2025-03-17 15:00:00+00:00,1936.0,2109.2065278756177,1853.998200161831,2364.4148555894044
2025-03-17 16:00:00+00:00,784.5,632.7310849897419,377.5227572759551,887.9394127035287
2025-03-17 17:00:00+00:00,36.5,52.40174697850091,-202.80658073528593,307.61007469228764
2025-03-17 18:00:00+00:00,0.0,-7.87235338283142,-263.08068109661804,247.3359743309553
2025-03-17 19:00:00+00:00,0.0,-9.074645174272973,-264.2829728880597,246.13368253951376
2025-03-17 20:00:00+00:00,0.0,-9.074645174272973,-264.2829728880597,246.13368253951376
2025-03-17 21:00:00+00:00,0.0,0.8320464499997797,-254.37628126378695,256.0403741637865
2025-03-17 22:00:00+00:00,0.0,-0.7002188676600554,-255.9085465814469,254.50810884612667
2025-03-17 23:00:00+00:00,0.0,-0.7002188676600554,-255.9085465814469,254.50810884612667
2025-03-18 00:00:00+00:00,0.0,1.0704023063063914,-254.13792540748045,256.2787300200931
2025-03-18 01:00:00+00:00,0.0,1.0704023063063914,-254.13792540748045,256.2787300200931
2025-03-18 02:00:00+00:00,0.0,2.855560838505312,-252.35276687528153,258.06388855229204
2025-03-18 03:00:00+00:00,0.0,-5.752965571409959,-260.9612932851967,249.45536214237677
2025-03-18 04:00:00+00:00,0.0,-0.2743344774128218,-255.48266219119955,254.9339932363739
2025-03-18 05:00:00+00:00,88.75,-0.2743344774128218,-255.48266219119955,254.9339932363739
2025-03-18 06:00:00+00:00,1372.75,776.9599199022358,521.751592188449,1032.1682476160227
2025-03-18 07:00:00+00:00,3217.25,2021.4581482812305,1766.2498205674437,2276.666475995017
2025-03-18 08:00:00+00:00,4887.0,3481.6546532539705,3226.446325540184,3736.8629809677573
2025-03-18 09:00:00+00:00,4827.958333333333,4835.3522774831545,4580.143949769368,5090.560605196942
2025-03-18 10:00:00+00:00,4768.916666666667,4882.674522936599,4627.466195222812,5137.882850650385
2025-03-18 11:00:00+00:00,4709.875,4858.867942669727,4603.659614955941,5114.076270383514
2025-03-18 12:00:00+00:00,4650.833333333333,4833.583265887117,4578.37493817333,5088.791593600903
2025-03-18 13:00:00+00:00,4591.791666666668,4750.342814610873,4495.134486897086,5005.55114232466
2025-03-18 14:00:00+00:00,4532.75,3949.3867204282096,3694.178392714423,4204.595048141997
2025-03-18 15:00:00+00:00,2858.75,2567.6877963674565,2312.4794686536698,2822.896124081243
2025-03-18 16:00:00+00:00,1075.0,866.8615789076988,611.653251193912,1122.0699066214856
2025-03-18 17:00:00+00:00,51.500000000000114,52.210717835697096,-202.99760987808963,307.4190455494838
2025-03-18 18:00:00+00:00,0.0,-17.15014167366212,-272.35846938744885,238.0581860401246
2025-03-18 19:00:00+00:00,0.0,7.417378372883604,-247.79094934090313,262.62570608667033
2025-03-18 20:00:00+00:00,0.0,5.809821385868759,-249.39850632791786,261.0181490996556
2025-03-18 21:00:00+00:00,0.0,5.809821385868759,-249.39850632791786,261.0181490996556
2025-03-18 22:00:00+00:00,0.0,5.809821385868759,-249.39850632791786,261.0181490996556
2025-03-18 23:00:00+00:00,0.0,1.0652387194527364,-254.143088994334,256.27356643323947
2025-03-19 00:00:00+00:00,0.0,3.5560357729104908,-251.65229194087624,258.7643634866972
2025-03-19 01:00:00+00:00,0.0,3.3031425583714054,-251.9051851554152,258.51147027215814
2025-03-19 02:00:00+00:00,0.0,1.782912923549702,-253.42541479023703,256.99124063733643
2025-03-19 03:00:00+00:00,0.0,3.0598010826802238,-252.1485266311065,258.26812879646695
2025-03-19 04:00:00+00:00,0.0,8.785077033262155,-246.4232506805247,263.9934047470489
2025-03-19 05:00:00+00:00,103.74999999999989,8.785077033262155,-246.4232506805247,263.9934047470489
2025-03-19 06:00:00+00:00,1389.25,840.2815115111819,585.073183797395,1095.4898392249686
2025-03-19 07:00:00+00:00,3147.75,2193.6630108146155,1938.4546831008283,2448.871338528402
2025-03-19 08:00:00+00:00,4725.5,3669.3001050267826,3414.091777312996,3924.5084327405693
2025-03-19 09:00:00+00:00,4660.416666666667,4820.968915302352,4565.760587588565,5076.177243016138
2025-03-19 10:00:00+00:00,4595.333333333333,4801.3520413714205,4546.143713657633,5056.560369085207
2025-03-19 11:00:00+00:00,4530.25,4671.305737246888,4416.097409533102,4926.514064960675
2025-03-19 12:00:00+00:00,4465.166666666666,4669.150074894112,4413.9417471803245,4924.358402607899
2025-03-19 13:00:00+00:00,4400.083333333332,4737.573222558508,4482.364894844721,4992.781550272295
2025-03-19 14:00:00+00:00,4335.0,3920.6884877894186,3665.480160075632,4175.896815503205
2025-03-19 15:00:00+00:00,2724.75,2390.232530306276,2135.024202592489,2645.440858020063
2025-03-19 16:00:00+00:00,1024.75,744.9244526202782,489.7161249064914,1000.132780334065
2025-03-19 17:00:00+00:00,54.25,0.9625288010992108,-254.2457989126874,256.17085651488594
2025-03-19 18:00:00+00:00,0.0,0.5624018320714868,-254.64592588171513,255.77072954585822
2025-03-19 19:00:00+00:00,0.0,0.741840928311035,-254.46648678547558,255.95016864209776
2025-03-19 20:00:00+00:00,0.0,0.741840928311035,-254.46648678547558,255.95016864209776
2025-03-19 21:00:00+00:00,0.0,0.741840928311035,-254.46648678547558,255.95016864209776
2025-03-19 22:00:00+00:00,0.0,0.741840928311035,-254.46648678547558,255.95016864209776
2025-03-19 23:00:00+00:00,0.0,0.741840928311035,-254.46648678547558,255.95016864209776
2025-03-20 00:00:00+00:00,0.0,1.782912923549702,-253.42541479023703,256.99124063733643
2025-03-20 01:00:00+00:00,0.0,1.782912923549702,-253.42541479023703,256.99124063733643
2025-03-20 02:00:00+00:00,0.0,1.5003052858800174,-253.70802242790683,256.70863299966675
2025-03-20 03:00:00+00:00,0.0,2.9283439000552107,-252.27998381373163,258.13667161384194
2025-03-20 04:00:00+00:00,0.0,2.9283439000552107,-252.27998381373163,258.13667161384194
2025-03-20 05:00:00+00:00,75.25,22.092470694710187,-233.11585701907666,277.3007984084969
2025-03-20 06:00:00+00:00,688.5,868.4741596897119,613.265831975925,1123.6824874034987
2025-03-20 07:00:00+00:00,1756.5,1847.0992111520604,1591.8908834382737,2102.307538865847
2025-03-20 08:00:00+00:00,3068.5,3048.7569370913798,2793.5486093775926,3303.9652648051665
2025-03-20 09:00:00+00:00,4501.75,4281.505681827263,4026.2973541134766,4536.7140095410505
2025-03-20 10:00:00+00:00,4667.4375,4968.918332225068,4713.710004511281,5224.126659938855
2025-03-20 11:00:00+00:00,4833.125,4828.730762718582,4573.522435004796,5083.939090432369
2025-03-20 12:00:00+00:00,4998.8125,4833.75016537243,4578.541837658644,5088.9584930862175
2025-03-20 13:00:00+00:00,5164.5,4604.333271928066,4349.12494421428,4859.541599641853
2025-03-20 14:00:00+00:00,3988.25,3684.8817077627155,3429.6733800489287,3940.0900354765026
2025-03-20 15:00:00+00:00,2455.0,2050.4199629840195,1795.2116352702326,2305.628290697806
2025-03-20 16:00:00+00:00,828.0,893.3644607913305,638.1561330775438,1148.5727885051174
2025-03-20 17:00:00+00:00,28.5,-21.462556115297502,-276.67088382908423,233.74577159848923
2025-03-20 18:00:00+00:00,0.0,0.8324061026365825,-254.37592161115026,256.0407338164233
2025-03-20 19:00:00+00:00,0.0,2.2287550690276703,-252.97957264475917,257.4370827828144
2025-03-20 20:00:00+00:00,0.0,15.441410801423558,-239.76691691236329,270.6497385152103
2025-03-20 21:00:00+00:00,0.0,0.9961606660659754,-254.21216704772064,256.2044883798527
2025-03-20 22:00:00+00:00,0.0,1.9993982204083522,-253.2089294933785,257.2077259341951
2025-03-20 23:00:00+00:00,0.0,1.3183906131745289,-253.8899371006121,256.52671832696126
2025-03-21 00:00:00+00:00,0.0,2.9498830371858276,-252.2584446766009,258.15821075097256
2025-03-21 01:00:00+00:00,0.0,2.4497063691387666,-252.75862134464796,257.6580340829255
2025-03-21 02:00:00+00:00,0.0,2.3946104492770246,-252.8137172645097,257.60293816306375
2025-03-21 03:00:00+00:00,0.0,4.598374899986538,-250.6099528138002,259.80670261377327
2025-03-21 04:00:00+00:00,0.0,3.92484056499859,-251.28348714878825,259.1331682787853
2025-03-21 05:00:00+00:00,138.4999999999999,-1.2985528889954594,-256.5068806027823,253.90977482479127
2025-03-21 06:00:00+00:00,1280.25,840.9284874720441,585.7201597582573,1096.136815185831
2025-03-21 07:00:00+00:00,2499.75,2061.5001818701494,1806.2918541563631,2316.7085095839366
2025-03-21 08:00:00+00:00,3570.25,3442.223667962472,3187.0153402486853,3697.431995676259
2025-03-21 09:00:00+00:00,4383.25,4067.8864337475047,3812.678106033718,4323.0947614612915
2025-03-21 10:00:00+00:00,4830.75,4428.812366288432,4173.604038574645,4684.020694002218
2025-03-21 11:00:00+00:00,4978.25,4021.152626157608,3765.9442984438215,4276.360953871395
2025-03-21 12:00:00+00:00,4730.5,3799.065109759308,3543.8567820455214,4054.273437473095
2025-03-21 13:00:00+00:00,3993.9999999999995,3718.0184621611293,3462.8101344473425,3973.2267898749164
2025-03-21 14:00:00+00:00,2773.0,2867.0807890660462,2611.872461352259,3122.2891167798325
2025-03-21 15:00:00+00:00,1482.75,1507.3943609855075,1252.1860332717208,1762.6026886992945
2025-03-21 16:00:00+00:00,493.75,442.82382389510855,187.61549618132176,698.0321516088953
2025-03-21 17:00:00+00:00,24.5,-10.803978536943646,-266.0123062507305,244.40434917684308
2025-03-21 18:00:00+00:00,0.0,3.6186907701564905,-251.58963694363024,258.8270184839432
2025-03-21 19:00:00+00:00,0.0,1.5642612260184023,-253.6440664877682,256.77258893980525
2025-03-21 20:00:00+00:00,0.0,1.5642612260184023,-253.6440664877682,256.77258893980525
2025-03-21 21:00:00+00:00,0.0,2.587942818312399,-252.62038489547444,257.79627053209913
2025-03-21 22:00:00+00:00,0.0,2.526990212290116,-252.68133750149673,257.73531792607685
2025-03-21 23:00:00+00:00,0.0,2.526990212290116,-252.68133750149673,257.73531792607685
2025-03-22 00:00:00+00:00,0.0,2.666285827279353,-252.54204188650738,257.8746135410661
2025-03-22 01:00:00+00:00,0.0,2.6053332212570695,-252.60299449252966,257.8136609350438
2025-03-22 02:00:00+00:00,0.0,2.6053332212570695,-252.60299449252966,257.8136609350438
2025-03-22 03:00:00+00:00,0.0,2.666285827279353,-252.54204188650738,257.8746135410661
2025-03-22 04:00:00+00:00,0.0,2.666285827279353,-252.54204188650738,257.8746135410661
2025-03-22 05:00:00+00:00,49.25,34.10673253435573,-221.1015951794309,289.31506024814246
2025-03-22 06:00:00+00:00,591.5,542.2639352675633,287.05560755377644,797.47226298135
2025-03-22 07:00:00+00:00,1708.5,939.9212255289144,684.7128978151277,1195.1295532427011
2025-03-22 08:00:00+00:00,3200.5,2327.4147173640467,2072.20638965026,2582.6230450778335
2025-03-22 09:00:00+00:00,4860.75,3085.641298640061,2830.4329709262743,3340.8496263538477
2025-03-22 10:00:00+00:00,4912.333333333333,3116.864127462692,2861.6557997489053,3372.072455176479
2025-03-22 11:00:00+00:00,4963.916666666666,3505.6335172792224,3250.4251895654356,3760.841844993009
2025-03-22 12:00:00+00:00,5015.5,3975.5604785024016,3720.352150788615,4230.768806216189
2025-03-22 13:00:00+00:00,4040.5,2990.979095415235,2735.7707677014478,3246.1874231290217
2025-03-22 14:00:00+00:00,2871.75,2949.5237548099403,2694.3154270961536,3204.732082523727
2025-03-22 15:00:00+00:00,1678.25,1541.4167694752427,1286.208441761456,1796.6250971890295
2025-03-22 16:00:00+00:00,602.0,619.27345099484,364.06512328105316,874.4817787086267
2025-03-22 17:00:00+00:00,38.75,-12.2883773149847,-267.49670502877143,242.91995039880203
2025-03-22 18:00:00+00:00,0.0,34.71004859025595,-220.4982791235309,289.9183763040427
2025-03-22 19:00:00+00:00,0.0,3.0334227639607434,-252.174904949826,258.2417504777475
2025-03-22 20:00:00+00:00,0.0,2.9844206596048934,-252.22390705418184,258.1927483733916
2025-03-22 21:00:00+00:00,0.0,3.0400387033702145,-252.1682890104164,258.24836641715694
2025-03-22 22:00:00+00:00,0.0,3.683131487691071,-251.52519622609566,258.8914592014778
2025-03-22 23:00:00+00:00,0.0,3.683131487691071,-251.52519622609566,258.8914592014778
2025-03-23 00:00:00+00:00,0.0,4.724203482929624,-250.4841242308571,259.93253119671635
2025-03-23 01:00:00+00:00,0.0,3.7614744966580247,-251.44685321712882,258.96980221044475
2025-03-23 02:00:00+00:00,0.0,3.7614744966580247,-251.44685321712882,258.96980221044475
2025-03-23 03:00:00+00:00,0.0,3.7614744966580247,-251.44685321712882,258.96980221044475
2025-03-23 04:00:00+00:00,0.0,3.7614744966580247,-251.44685321712882,258.96980221044475
2025-03-23 05:00:00+00:00,42.5,40.33661097001345,-214.87171674377328,295.5449386838002
2025-03-23 06:00:00+00:00,537.75,579.4220467838347,324.2137190700479,834.6303744976215
2025-03-23 07:00:00+00:00,1555.5,1502.6839559323416,1247.4756282185547,1757.8922836461284
2025-03-23 08:00:00+00:00,2302.0,2074.8028455806652,1819.594517866878,2330.0111732944515
2025-03-23 09:00:00+00:00,2549.5,2639.12307069429,2383.9147429805034,2894.331398408077
2025-03-23 10:00:00+00:00,2514.75,1712.0912126950275,1456.8828849812407,1967.2995404088142
2025-03-23 11:00:00+00:00,2633.0,1688.587378785548,1433.3790510717613,1943.7957064993348
2025-03-23 12:00:00+00:00,2786.0,1760.2608233031274,1505.0524955893407,2015.4691510169139
2025-03-23 13:00:00+00:00,2513.25,2701.9866759795686,2446.778348265782,2957.1950036933554
2025-03-23 14:00:00+00:00,2020.5,1658.296775962034,1403.0884482482472,1913.5051036758207
2025-03-23 15:00:00+00:00,1410.5,1544.9097947569721,1289.7014670431854,1800.1181224707589
2025-03-23 16:00:00+00:00,577.25,516.6443387004789,261.43601098669205,771.8526664142656
2025-03-23 17:00:00+00:00,46.25,8.890913586694296,-246.31741412709243,264.099241300481
2025-03-23 18:00:00+00:00,0.0,13.094714253702364,-242.11361346008425,268.3030419674891
2025-03-23 19:00:00+00:00,0.0,2.268306616361542,-252.9400210974252,257.4766343301483
2025-03-23 20:00:00+00:00,0.0,3.231035602633142,-251.97729211115347,258.4393633164199
2025-03-23 21:00:00+00:00,0.0,3.231035602633142,-251.97729211115347,258.4393633164199
2025-03-23 22:00:00+00:00,0.0,3.231035602633142,-251.97729211115347,258.4393633164199
2025-03-23 23:00:00+00:00,0.0,2.268306616361542,-252.9400210974252,257.4766343301483
2025-03-24 00:00:00+00:00,0.0,2.7331484025640975,-252.47517931122275,257.9414761163508
2025-03-24 01:00:00+00:00,0.0,3.7280666738456603,-251.48026103994107,258.9363943876324
2025-03-24 02:00:00+00:00,0.0,3.250397443187353,-251.95793027059926,258.4587251569741
2025-03-24 03:00:00+00:00,0.0,4.272107597871809,-250.93622011591492,259.48043531165854
2025-03-24 04:00:00+00:00,0.0,4.272107597871809,-250.93622011591492,259.48043531165854
2025-03-24 05:00:00+00:00,51.500000000000114,14.587435071592154,-240.62089264219458,269.7957627853789
2025-03-24 06:00:00+00:00,442.00000000000006,420.4600681161396,165.25174040235277,675.6683958299263
2025-03-24 07:00:00+00:00,1035.25,884.9287875651456,629.7204598513589,1140.1371152789325
2025-03-24 08:00:00+00:00,1765.0,1414.0808156130322,1158.8724878992455,1669.289143326819
2025-03-24 09:00:00+00:00,2277.5,2196.6392535906757,1941.430925876889,2451.8475813044624
2025-03-24 10:00:00+00:00,2920.75,2486.6005844659053,2231.3922567521186,2741.808912179692
2025-03-24 11:00:00+00:00,3550.25,3013.205479192391,2757.9971514786043,3268.413806906178
2025-03-24 12:00:00+00:00,3704.25,2534.3879869570096,2279.179659243223,2789.5963146707963
2025-03-24 13:00:00+00:00,3297.75,1675.1146810946793,1419.9063533808926,1930.323008808466
2025-03-24 14:00:00+00:00,2396.75,2467.1453811912947,2211.937053477508,2722.3537089050815
2025-03-24 15:00:00+00:00,1419.5,1377.350214234975,1122.1418865211883,1632.558541948762
2025-03-24 16:00:00+00:00,492.5,544.8786827131971,289.6703549994103,800.0870104269839
2025-03-24 17:00:00+00:00,33.25,20.482832808146213,-234.72549490564052,275.69116052193294
2025-03-24 18:00:00+00:00,0.0,-18.8611485753122,-274.06947628909893,236.34717913847464
2025-03-24 19:00:00+00:00,0.0,1.3353717231426572,-253.8729559906442,256.5436994369294
2025-03-24 20:00:00+00:00,0.0,2.3570818778269995,-252.85124583595962,257.56540959161373
2025-03-24 21:00:00+00:00,0.0,10.559532534530035,-244.6487951792567,265.7678602483169
2025-03-24 22:00:00+00:00,0.0,14.821680488099787,-240.38664722568706,270.0300082018865
2025-03-24 23:00:00+00:00,0.0,0.9073987157764805,-254.30092899801025,256.1157264295632
2025-03-25 00:00:00+00:00,0.0,1.8095133203892146,-253.39881439339752,257.01784103417594
2025-03-25 01:00:00+00:00,0.0,2.5684457176508886,-252.63988199613595,257.7767734314376
2025-03-25 02:00:00+00:00,0.0,4.5136170971893534,-250.69471061659738,259.7219448109761
2025-03-25 03:00:00+00:00,0.0,4.0463763284056995,-251.16195138538114,259.25470404219243
2025-03-25 04:00:00+00:00,0.0,4.0463763284056995,-251.16195138538114,259.25470404219243
2025-03-25 05:00:00+00:00,78.0,84.09073136682991,-171.11759634695682,339.29905908061664
2025-03-25 06:00:00+00:00,715.5,891.5888987564527,636.3805710426659,1146.7972264702396
2025-03-25 07:00:00+00:00,1732.5,1895.5390555865997,1640.330727872813,2150.747383300386
2025-03-25 08:00:00+00:00,2922.5,2818.2115336148754,2563.003205901088,3073.4198613286617
2025-03-25 09:00:00+00:00,3816.75,3320.862019330924,3065.653691617137,3576.0703470447106
2025-03-25 10:00:00+00:00,4375.0,3343.0202441050924,3087.8119163913057,3598.228571818879
2025-03-25 11:00:00+00:00,4319.5,3535.8802952398864,3280.6719675260997,3791.088622953673
2025-03-25 12:00:00+00:00,3835.5,3325.439167775985,3070.2308400621982,3580.6474954897717
2025-03-25 13:00:00+00:00,3116.0,3404.115556765153,3148.9072290513664,3659.32388447894
2025-03-25 14:00:00+00:00,2382.5,2896.2633199379825,2641.0549922241953,3151.471647651769
2025-03-25 15:00:00+00:00,1473.75,1753.5686347931294,1498.3603070793426,2008.776962506916
2025-03-25 16:00:00+00:00,522.5,806.4157663651412,551.2074386513543,1061.624094078928
2025-03-25 17:00:00+00:00,35.25,94.33429741949408,-160.87403029429265,349.5426251332808
2025-03-25 18:00:00+00:00,0.0,-4.151455265014761,-259.3597829788016,251.05687244877197
2025-03-25 19:00:00+00:00,0.0,3.4725451019508,-251.73578261183593,258.68087281573753
2025-03-25 20:00:00+00:00,0.0,3.4725451019508,-251.73578261183593,258.68087281573753
2025-03-25 21:00:00+00:00,0.0,3.4725451019508,-251.73578261183593,258.68087281573753
2025-03-25 22:00:00+00:00,0.0,3.0053043331670324,-252.2030233806197,258.21363204695376
2025-03-25 23:00:00+00:00,0.0,2.0425753468954326,-253.16575236689118,257.25090306068216
2025-03-26 00:00:00+00:00,0.0,3.083647342133986,-252.12468037165263,258.29197505592083
2025-03-26 01:00:00+00:00,0.0,2.875295060516578,-252.33303265327027,258.0836227743033
2025-03-26 02:00:00+00:00,0.0,2.930913104281899,-252.27741460950483,258.13924081806863
2025-03-26 03:00:00+00:00,0.0,3.342535829300232,-251.8657918844865,258.55086354308696
2025-03-26 04:00:00+00:00,0.0,2.875295060516578,-252.33303265327027,258.0836227743033
2025-03-26 05:00:00+00:00,88.0,37.80623294171312,-217.4020947720735,293.01456065549985
2025-03-26 06:00:00+00:00,534.25,469.9820717748384,214.77374406105162,725.1903994886252
2025-03-26 07:00:00+00:00,965.75,862.5572634250019,607.3489357112151,1117.7655911387887
2025-03-26 08:00:00+00:00,1325.25,1264.5300995592638,1009.3217718454771,1519.7384272730505
2025-03-26 09:00:00+00:00,1714.75,1425.8784877604721,1170.6701600466854,1681.086815474259
2025-03-26 10:00:00+00:00,1764.5,1590.0216329658856,1334.8133052520986,1845.2299606796723
2025-03-26 11:00:00+00:00,1551.5,1959.5468596451155,1704.3385319313288,2214.7551873589023
2025-03-26 12:00:00+00:00,1411.5,1537.8617841398218,1282.653456426035,1793.0701118536085
2025-03-26 13:00:00+00:00,1152.25,1219.3039292711924,964.0956015574055,1474.512256984979
2025-03-26 14:00:00+00:00,849.25,855.3255553019006,600.1172275881138,1110.5338830156875
2025-03-26 15:00:00+00:00,543.25,759.2084690406298,504.000141326843,1014.4167967544165
2025-03-26 16:00:00+00:00,227.5,314.42011293229655,59.211785218509704,569.6284406460834
2025-03-26 17:00:00+00:00,16.750000000000114,36.482020497121766,-218.72630721666496,291.6903482109085
2025-03-26 18:00:00+00:00,0.0,18.132679377979116,-237.0756483358075,273.34100709176585
2025-03-26 19:00:00+00:00,0.0,0.16602395251288726,-255.04230376127384,255.37435166629962
2025-03-26 20:00:00+00:00,0.0,0.16602395251288726,-255.04230376127384,255.37435166629962
2025-03-26 21:00:00+00:00,0.0,0.07041946458048187,-255.13790824920625,255.2787471783672
2025-03-26 22:00:00+00:00,0.0,0.11092803265114526,-255.09739968113558,255.31925574643788
2025-03-26 23:00:00+00:00,0.0,0.5383325100118554,-254.66999520377476,255.74666022379859
2025-03-27 00:00:00+00:00,0.0,2.4987259894525096,-252.70960172433433,257.70705370323924
2025-03-27 01:00:00+00:00,0.0,1.908305560679878,-253.30002215310697,257.1166332744666
2025-03-27 02:00:00+00:00,0.0,2.443107945687075,-252.76521976809954,257.6514356594738
2025-03-27 03:00:00+00:00,0.0,2.8666000959012763,-252.34172761788545,258.074927809688
2025-03-27 04:00:00+00:00,0.0,2.8666000959012763,-252.34172761788545,258.074927809688
2025-03-27 05:00:00+00:00,126.25,111.75648795618395,-143.45183975760278,366.9648156699708
2025-03-27 06:00:00+00:00,915.75,1017.7375363465015,762.5292086327148,1272.9458640602884
2025-03-27 07:00:00+00:00,2117.5,1921.1480015131485,1665.9396737993618,2176.3563292269355
2025-03-27 08:00:00+00:00,3151.5,2581.430135998761,2326.221808284975,2836.6384637125484
2025-03-27 09:00:00+00:00,3515.75,3800.9701405076585,3545.7618127938717,4056.178468221445
2025-03-27 10:00:00+00:00,4061.75,4000.1754294551956,3744.967101741409,4255.383757168982
2025-03-27 11:00:00+00:00,4302.25,4283.953882652424,4028.745554938637,4539.16221036621
2025-03-27 12:00:00+00:00,4338.75,4554.060999125906,4298.85267141212,4809.269326839692
2025-03-27 13:00:00+00:00,3999.0,4340.276766142855,4085.068438429069,4595.485093856642
2025-03-27 14:00:00+00:00,3282.75,3871.8450861996835,3616.6367584858967,4127.053413913471
2025-03-27 15:00:00+00:00,2211.25,2427.4891979648655,2172.280870251079,2682.6975256786523
2025-03-27 16:00:00+00:00,974.75,1063.1279095360092,807.9195818222225,1318.336237249796
2025-03-27 17:00:00+00:00,104.49999999999989,88.6184953253345,-166.58983238845235,343.8268230391212
2025-03-27 18:00:00+00:00,0.0,3.585298686639817,-251.6230290271469,258.79362640042655
2025-03-27 19:00:00+00:00,0.0,0.441888901819425,-254.76643881196742,255.65021661560615
2025-03-27 20:00:00+00:00,0.0,2.067424079407033,-253.14090363437958,257.27575179319376
2025-03-27 21:00:00+00:00,0.0,1.600183310623379,-253.60814440316335,256.8085110244101
2025-03-27 22:00:00+00:00,0.0,1.3535384540384712,-253.85478925974826,256.5618661678252
2025-03-27 23:00:00+00:00,0.0,1.600183310623379,-253.60814440316335,256.8085110244101
2025-03-28 00:00:00+00:00,0.0,2.3946104492770246,-252.8137172645097,257.60293816306375
2025-03-28 01:00:00+00:00,0.0,2.6412553058619324,-252.5670724079248,257.84958301964866
2025-03-28 02:00:00+00:00,0.0,2.3946104492770246,-252.8137172645097,257.60293816306375
2025-03-28 03:00:00+00:00,0.0,3.5400414257825332,-251.66828628800408,258.74836913956926
2025-03-28 04:00:00+00:00,0.0,3.869744645136848,-251.33858306865,259.0780723589236
2025-03-28 05:00:00+00:00,268.75,138.29485294374865,-116.91347477003819,393.5031806575354
2025-03-28 06:00:00+00:00,1499.25,1112.9811820604068,857.77285434662,1368.1895097741935
2025-03-28 07:00:00+00:00,2991.5,2381.830919832297,2126.6225921185105,2637.039247546084
2025-03-28 08:00:00+00:00,4368.75,3578.5269094501314,3323.3185817363446,3833.735237163918
2025-03-28 09:00:00+00:00,5493.5,4576.22321350773,4321.014885793944,4831.431541221516
2025-03-28 10:00:00+00:00,5335.875,4624.777834783021,4369.5695070692345,4879.986162496808
2025-03-28 11:00:00+00:00,5178.25,4804.521258709046,4549.312930995259,5059.729586422833
2025-03-28 12:00:00+00:00,5020.625,4599.790343401359,4344.5820156875725,4854.998671115146
2025-03-28 13:00:00+00:00,4863.0,4395.244153016716,4140.03582530293,4650.452480730502
2025-03-28 14:00:00+00:00,3589.75,3152.1930408413127,2896.9847131275264,3407.4013685550995
2025-03-28 15:00:00+00:00,2155.25,1839.3704121912845,1584.1620844774977,2094.5787399050714
2025-03-28 16:00:00+00:00,849.5,639.179833501808,383.9715057880212,894.3881612155948
2025-03-28 17:00:00+00:00,96.25,14.269828934181646,-240.9384987796052,269.4781566479684
2025-03-28 18:00:00+00:00,0.0,15.445514076651648,-239.7628136371352,270.6538417904384
2025-03-28 19:00:00+00:00,0.0,3.175417558867821,-252.0329101549189,258.38374527265455
2025-03-28 20:00:00+00:00,0.0,2.587942818312399,-252.62038489547444,257.79627053209913
2025-03-28 21:00:00+00:00,0.0,2.0706937776891436,-253.1376339360977,257.2790214914759
2025-03-28 22:00:00+00:00,0.0,1.6252138320407994,-253.58311388174593,256.83354154582753
2025-03-28 23:00:00+00:00,0.0,1.6252138320407994,-253.58311388174593,256.83354154582753
2025-03-29 00:00:00+00:00,0.0,0.3394359799480071,-254.8688917338386,255.54776369373474
2025-03-29 01:00:00+00:00,0.0,2.666285827279353,-252.54204188650738,257.8746135410661
2025-03-29 02:00:00+00:00,0.0,-0.6232930063235926,-255.83162072011032,254.58503470746314
2025-03-29 03:00:00+00:00,0.0,3.3093786116002093,-251.89894910218663,258.51770632538694
2025-03-29 04:00:00+00:00,0.0,3.3093786116002093,-251.89894910218663,258.51770632538694
2025-03-29 05:00:00+00:00,62.499999999999886,23.77086055852908,-231.43746715525776,278.9791882723158
2025-03-29 06:00:00+00:00,413.75,480.8375365892448,225.62920887545795,736.0458643030315
2025-03-29 07:00:00+00:00,938.25,883.710491500538,628.5021637867512,1138.9188192143247
2025-03-29 08:00:00+00:00,1416.25,1356.0337862854087,1100.825458571622,1611.2421139991955
2025-03-29 09:00:00+00:00,1840.25,2252.8965837360824,1997.6882560222957,2508.104911449869
2025-03-29 10:00:00+00:00,2085.75,2384.52347539492,2129.3151476811336,2639.731803108707
2025-03-29 11:00:00+00:00,2443.25,2497.924558202274,2242.7162304884873,2753.132885916061
2025-03-29 12:00:00+00:00,2802.75,3210.0664080900024,2954.8580803762156,3465.274735803789
2025-03-29 13:00:00+00:00,2498.75,2152.225140509748,1897.0168127959614,2407.433468223535
2025-03-29 14:00:00+00:00,1915.75,2145.428248216507,1890.2199205027205,2400.636575930294
2025-03-29 15:00:00+00:00,1232.25,1397.7375720217542,1142.5292443079675,1652.9458997355412
2025-03-29 16:00:00+00:00,518.5,558.3282326036319,303.1199048898452,813.5365603174188
2025-03-29 17:00:00+00:00,69.74999999999989,60.589848428435175,-194.61847928535144,315.7981761422219
2025-03-29 18:00:00+00:00,0.0,-7.2205717186974425,-262.42889943248406,247.9877559950893
2025-03-29 19:00:00+00:00,0.0,0.8842809380914787,-254.32404677569525,256.0926086518782
2025-03-29 20:00:00+00:00,0.0,0.2213737990714435,-254.9869539147153,255.42970151285817
2025-03-29 21:00:00+00:00,0.0,1.7391407012491982,-253.46918701253753,256.9474684150359
2025-03-29 22:00:00+00:00,0.0,1.7391407012491982,-253.46918701253753,256.9474684150359
2025-03-29 23:00:00+00:00,0.0,0.46500667950431307,-254.74332103428242,255.67333439329116
2025-03-30 00:00:00+00:00,0.0,1.6016831626753856,-253.60664455111146,256.8100108764621
2025-03-30 01:00:00+00:00,0.0,2.7722423066608144,-252.4360854071258,257.98057002044754
2025-03-30 02:00:00+00:00,0.0,3.0639339351388344,-252.144393778648,258.27226164892556
2025-03-30 03:00:00+00:00,0.0,3.0639339351388344,-252.144393778648,258.27226164892556
2025-03-30 04:00:00+00:00,0.0,4.0463763284056995,-251.16195138538114,259.25470404219243
2025-03-30 05:00:00+00:00,346.5,168.15404177477012,-87.05428593901672,423.3623694885568
2025-03-30 06:00:00+00:00,1592.5,1183.6806507407161,928.4723230269294,1438.888978454503
2025-03-30 07:00:00+00:00,3153.0,2054.1146431047723,1798.9063153909856,2309.322970818559
2025-03-30 08:00:00+00:00,4401.75,3624.3014585143997,3369.093130800613,3879.509786228187
2025-03-30 09:00:00+00:00,4763.5,4387.572690717141,4132.364363003355,4642.781018430928
2025-03-30 10:00:00+00:00,4402.5,4658.57044166568,4403.362113951893,4913.778769379467
2025-03-30 11:00:00+00:00,3546.0,3995.007956642424,3739.799628928637,4250.216284356211
2025-03-30 12:00:00+00:00,2675.25,3305.4446872629596,3050.236359549173,3560.6530149767464
2025-03-30 13:00:00+00:00,2142.5,2704.5966231531256,2449.3882954393393,2959.804950866913
2025-03-30 14:00:00+00:00,1672.25,1640.1582480622058,1384.949920348419,1895.3665757759927
2025-03-30 15:00:00+00:00,1254.5,976.2841808404373,721.0758531266505,1231.492508554224
2025-03-30 16:00:00+00:00,669.25,366.6628210339893,111.45449332020257,621.871148747776
2025-03-30 17:00:00+00:00,88.75,83.45115091756168,-171.75717679622517,338.6594786313484
2025-03-30 18:00:00+00:00,0.0,2.7161547965962427,-252.4921729171906,257.924482510383
2025-03-30 19:00:00+00:00,0.0,2.337368470831734,-252.870959242955,257.54569618461846
2025-03-30 20:00:00+00:00,0.0,1.5273737224123352,-253.6809539913745,256.73570143619907
2025-03-30 21:00:00+00:00,0.0,1.3190214407948133,-253.88930627299192,256.52734915458154
2025-03-30 22:00:00+00:00,0.0,2.337368470831734,-252.870959242955,257.54569618461846
2025-03-30 23:00:00+00:00,0.0,1.8898411090433456,-253.31848660474338,257.0981688228301
2025-03-31 00:00:00+00:00,0.0,3.8380240467881777,-251.37030366699855,259.0463517605749
2025-03-31 01:00:00+00:00,0.0,3.5311747039224883,-251.67715300986424,258.7395024177092
2025-03-31 02:00:00+00:00,0.0,3.0639339351388344,-252.144393778648,258.27226164892556
2025-03-31 03:00:00+00:00,0.0,2.930913104281899,-252.27741460950483,258.13924081806863
2025-03-31 04:00:00+00:00,0.0,3.083647342133986,-252.12468037165263,258.29197505592083
2025-03-31 05:00:00+00:00,85.25,171.2602521808085,-83.94807553297824,426.4685798945952
2025-03-31 06:00:00+00:00,629.25,745.0924616245178,489.884133910731,1000.3007893383046
2025-03-31 07:00:00+00:00,1271.5,1682.6652527441202,1427.4569250303334,1937.8735804579069
2025-03-31 08:00:00+00:00,1728.25,2657.1094147662807,2401.9010870524944,2912.317742480068
2025-03-31 09:00:00+00:00,2140.25,2970.721485823076,2715.513158109289,3225.9298135368626
2025-03-31 10:00:00+00:00,2412.0,3445.7428667416507,3190.534539027864,3700.9511944554374
2025-03-31 11:00:00+00:00,2600.75,3272.9296289206472,3017.7213012068605,3528.137956634434
2025-03-31 12:00:00+00:00,2759.25,2710.975052520891,2455.766724807104,2966.1833802346773
2025-03-31 13:00:00+00:00,2474.0,3046.9504428062705,2791.742115092484,3302.1587705200573
2025-03-31 14:00:00+00:00,1743.5,2681.6667854317575,2426.458457717971,2936.8751131455447
2025-03-31 15:00:00+00:00,1113.25,1567.3893803680282,1312.1810526542413,1822.5977080818152
2025-03-31 16:00:00+00:00,461.75,829.3246556337207,574.1163279199338,1084.5329833475075
2025-03-31 17:00:00+00:00,73.5,158.69498399420502,-96.51334371958183,413.90331170799175
2025-03-31 18:00:00+00:00,0.0,9.192560180004762,-246.01576753378208,264.4008878937915
2025-03-31 19:00:00+00:00,0.0,-0.03400202930515661,-255.2423297430919,255.17432568448157
2025-03-31 20:00:00+00:00,0.0,-0.08962007307059139,-255.29794778685732,255.11870764071625
2025-03-31 21:00:00+00:00,0.0,1.1011746018137956,-254.10715311197282,256.3095023156005
2025-03-31 22:00:00+00:00,0.0,-0.03400202930515661,-255.2423297430919,255.17432568448157
2025-03-31 23:00:00+00:00,0.0,1.1011746018137956,-254.10715311197282,256.3095023156005
2025-04-01 00:00:00+00:00,0.0,2.142246597052349,-253.06608111673427,257.3505743108392
2025-04-01 01:00:00+00:00,0.0,-2.387864965505969,-257.5961926792927,252.82046274828076
2025-04-01 02:00:00+00:00,0.0,2.8966233017065406,-252.3117044120802,258.10495101549327
2025-04-01 03:00:00+00:00,0.0,3.1049755833240624,-252.10335213046278,258.3133032971108
2025-04-01 04:00:00+00:00,0.0,7.6950749027870415,-247.5132528109998,262.90340261657377
2025-04-01 05:00:00+00:00,174.7499999999999,208.67056437151848,-46.53776334226825,463.8788920853052
2025-04-01 06:00:00+00:00,1038.0,1110.6307412921215,855.4224135783346,1365.8390690059082
2025-04-01 07:00:00+00:00,2146.25,2024.4874151725417,1769.279087458755,2279.6957428863284
2025-04-01 08:00:00+00:00,2970.25,2776.02103893471,2520.812711220923,3031.2293666484966
2025-04-01 09:00:00+00:00,3433.0,2696.549418264603,2441.3410905508163,2951.7577459783897
2025-04-01 10:00:00+00:00,3646.25,3266.627540692169,3011.4192129783823,3521.835868405956
2025-04-01 11:00:00+00:00,3814.25,3795.3286606757133,3540.1203329619266,4050.5369883895
2025-04-01 12:00:00+00:00,3484.5,3630.8336602525637,3375.625332538777,3886.0419879663505
2025-04-01 13:00:00+00:00,3086.25,3229.1897912650975,2973.981463551311,3484.398118978884
2025-04-01 14:00:00+00:00,2416.75,2452.819148024295,2197.610820310508,2708.0274757380816
2025-04-01 15:00:00+00:00,1737.75,1944.3346947372352,1689.1263670234484,2199.543022451022
2025-04-01 16:00:00+00:00,847.0,973.8228468285486,718.6145191147618,1229.0311745423353
2025-04-01 17:00:00+00:00,146.75,202.55830109340593,-52.6500266203808,457.7666288071927
2025-04-01 18:00:00+00:00,0.0,13.965894177578662,-241.24243353620818,269.1742218913654
2025-04-01 19:00:00+00:00,0.0,0.759756687065078,-254.44857102672154,255.9680844008518
2025-04-01 20:00:00+00:00,0.0,0.8553611749974834,-254.35296653878913,256.0636888887843
2025-04-01 21:00:00+00:00,0.0,0.9104570948592254,-254.2978706189274,256.11878480864596
2025-04-01 22:00:00+00:00,0.0,1.2021487233372454,-254.0061789904496,256.410476437124
2025-04-01 23:00:00+00:00,0.0,1.8731860811308252,-253.3351416326559,257.08151379491756
2025-04-02 00:00:00+00:00,0.0,3.2059497048473986,-252.00237800893933,258.41427741863413
2025-04-02 01:00:00+00:00,0.0,3.0532154669953115,-252.15511224679153,258.26154318078204
2025-04-02 02:00:00+00:00,0.0,3.8490424891681414,-251.3592852246186,259.05737020295487
2025-04-02 03:00:00+00:00,0.0,3.054027934219107,-252.15429977956774,258.26235564800584
2025-04-02 04:00:00+00:00,0.0,8.332186000445063,-246.87614171334167,263.5405137142318
2025-04-02 05:00:00+00:00,246.0,182.29389034016845,-72.91443737361828,437.5022180539552
2025-04-02 06:00:00+00:00,1405.25,1256.6088152693342,1001.4004875555474,1511.817142983121
2025-04-02 07:00:00+00:00,3153.0,2722.7352479657675,2467.5269202519803,2977.9435756795538
2025-04-02 08:00:00+00:00,4774.75,3521.612064392571,3266.4037366787843,3776.820392106358
2025-04-02 09:00:00+00:00,4871.55,4681.785438219804,4426.577110506018,4936.99376593359
2025-04-02 10:00:00+00:00,4968.35,4439.40098295528,4184.192655241493,4694.609310669067
2025-04-02 11:00:00+00:00,5065.15,4430.442552955916,4175.2342252421295,4685.650880669702
2025-04-02 12:00:00+00:00,5161.95,4542.674782854629,4287.466455140841,4797.883110568415
2025-04-02 13:00:00+00:00,5258.75,4381.302924485713,4126.094596771927,4636.511252199501
2025-04-02 14:00:00+00:00,4050.75,3307.116686276948,3051.908358563161,3562.3250139907345
2025-04-02 15:00:00+00:00,2605.25,2255.5935808740087,2000.3852531602217,2510.801908587795
2025-04-02 16:00:00+00:00,1104.75,1034.6423219541593,779.4339942403725,1289.850649667946
2025-04-02 17:00:00+00:00,191.5,86.40902610231251,-168.79930161147422,341.61735381609924
2025-04-02 18:00:00+00:00,0.0,4.28276178299393,-250.9255659307928,259.49108949678066
2025-04-02 19:00:00+00:00,0.0,1.6693894921208994,-253.53893822166583,256.87771720590763
2025-04-02 20:00:00+00:00,0.0,1.5166552542688123,-253.69167245951803,256.72498296805554
2025-04-02 21:00:00+00:00,0.0,1.6693894921208994,-253.53893822166583,256.87771720590763
2025-04-02 22:00:00+00:00,0.0,1.811761159745629,-253.3965665540411,257.02008887353236
2025-04-02 23:00:00+00:00,0.0,1.4724115507995066,-253.73591616298722,256.68073926458624
2025-04-03 00:00:00+00:00,0.0,2.2328581483483276,-252.9754695654383,257.44118586213506
2025-04-03 01:00:00+00:00,0.0,1.6817518870950607,-253.52657582669167,256.8900796008818
2025-04-03 02:00:00+00:00,0.0,1.2701291620767279,-253.93819855171,256.47845687586346
2025-04-03 03:00:00+00:00,0.0,1.779742124194513,-253.4285855895921,256.98806983798124
2025-04-03 04:00:00+00:00,0.0,7.449922154914816,-247.75840555887203,262.65824986870155
2025-04-03 05:00:00+00:00,406.0,193.19381629051065,-62.014511423276076,448.4021440042974
2025-04-03 06:00:00+00:00,1715.75,1392.8350664055713,1137.6267386917846,1648.0433941193583
2025-04-03 07:00:00+00:00,3328.75,2931.8824997163256,2676.6741720025393,3187.0908274301128
2025-04-03 08:00:00+00:00,4743.75,4367.451911730944,4112.2435840171565,4622.660239444731
2025-04-03 09:00:00+00:00,4884.0,4900.479714436367,4645.271386722581,5155.688042150155
2025-04-03 10:00:00+00:00,5024.25,4717.330239128345,4462.121911414559,4972.538566842131
2025-04-03 11:00:00+00:00,5164.5,4746.299260081187,4491.0909323674005,5001.507587794974
2025-04-03 12:00:00+00:00,5304.75,4640.179582163783,4384.971254449996,4895.387909877571
2025-04-03 13:00:00+00:00,5445.0,4621.798506691544,4366.590178977758,4877.006834405331
2025-04-03 14:00:00+00:00,4277.0,3884.9732653912547,3629.764937677468,4140.181593105041
2025-04-03 15:00:00+00:00,2797.0,2619.8253812795365,2364.6170535657498,2875.033708993323
2025-04-03 16:00:00+00:00,1284.75,1123.1216431365733,867.9133154227865,1378.32997085036
2025-04-03 17:00:00+00:00,183.5,184.86636851179549,-70.34195920199124,440.0746962255822
2025-04-03 18:00:00+00:00,0.0,6.660723253386777,-248.54760446039995,261.8690509671735
2025-04-03 19:00:00+00:00,0.0,1.033963343999062,-254.17436436978755,256.2422910577859
2025-04-03 20:00:00+00:00,0.0,1.0949159500214591,-254.11341176376527,256.3032436638082
2025-04-03 21:00:00+00:00,0.0,0.6276751812378052,-254.58065253254904,255.83600289502454
2025-04-03 22:00:00+00:00,0.0,0.2979719618834906,-254.91035575190313,255.50629967567022
2025-04-03 23:00:00+00:00,0.0,1.270767965558548,-253.9375597482283,256.4790956793453
2025-04-04 00:00:00+00:00,0.0,2.3118399607971014,-252.89648775298951,257.52016767458383
2025-04-04 01:00:00+00:00,0.0,1.6687471764763586,-253.53958053731048,256.8770748902631
2025-04-04 02:00:00+00:00,0.0,1.6687471764763586,-253.53958053731048,256.8770748902631
2025-04-04 03:00:00+00:00,0.0,2.8141781529818672,-252.39414956080486,258.0225058667686
2025-04-04 04:00:00+00:00,0.0,8.539454103563799,-246.66887361022282,263.7477818173505
2025-04-04 05:00:00+00:00,498.75,190.8432955325004,-64.36503218128632,446.05162324628714
2025-04-04 06:00:00+00:00,1890.0,1418.4934785468101,1163.2851508330232,1673.7018062605966
2025-04-04 07:00:00+00:00,3456.25,2781.9394893904696,2526.731161676683,3037.1478171042563
2025-04-04 08:00:00+00:00,4827.0,4342.326889626585,4087.118561912799,4597.535217340373
2025-04-04 09:00:00+00:00,4955.65,4741.955563584774,4486.7472358709865,4997.16389129856
2025-04-04 10:00:00+00:00,5084.3,4582.008626767156,4326.800299053369,4837.216954480942
2025-04-04 11:00:00+00:00,5212.95,4606.698038339491,4351.489710625704,4861.906366053277
2025-04-04 12:00:00+00:00,5341.6,4638.518164066109,4383.309836352322,4893.726491779897
2025-04-04 13:00:00+00:00,5470.25,4696.2282366815125,4441.019908967726,4951.436564395299
2025-04-04 14:00:00+00:00,4324.25,3850.73958562774,3595.531257913953,4105.947913341526
2025-04-04 15:00:00+00:00,2867.25,2951.723765147585,2696.515437433798,3206.9320928613715
2025-04-04 16:00:00+00:00,1345.5,1103.9546393742894,848.7463116605026,1359.1629670880761
2025-04-04 17:00:00+00:00,210.0,200.06573816744617,-55.14258954634056,455.2740658812329
2025-04-04 18:00:00+00:00,0.0,-1.54507042689454,-256.7533981406814,253.6632572868922
2025-04-04 19:00:00+00:00,0.0,1.5073896578555832,-253.70093805593115,256.7157173716424
2025-04-04 20:00:00+00:00,0.0,1.5073896578555832,-253.70093805593115,256.7157173716424
2025-04-04 21:00:00+00:00,0.0,1.5073896578555832,-253.70093805593115,256.7157173716424
2025-04-04 22:00:00+00:00,0.0,2.1504824421764397,-253.0578452716104,257.35881015596317
2025-04-04 23:00:00+00:00,0.0,2.1504824421764397,-253.0578452716104,257.35881015596317
2025-04-05 00:00:00+00:00,0.0,2.5484616530942503,-252.6598660606926,257.756789366881
2025-04-05 01:00:00+00:00,0.0,2.5484616530942503,-252.6598660606926,257.756789366881
2025-04-05 02:00:00+00:00,0.0,2.5484616530942503,-252.6598660606926,257.756789366881
2025-04-05 03:00:00+00:00,0.0,4.215887180104346,-250.99244053368238,259.4242148938911
2025-04-05 04:00:00+00:00,0.0,9.413311894021149,-245.7950158197657,264.6216396078079
2025-04-05 05:00:00+00:00,507.5,237.9869825139483,-17.221345199838538,493.19531022773515
2025-04-05 06:00:00+00:00,1889.75,1451.88003306381,1196.6717053500233,1707.0883607775968
2025-04-05 07:00:00+00:00,3433.0,2936.5592167648224,2681.3508890510357,3191.767544478609
2025-04-05 08:00:00+00:00,4791.75,3907.489831861896,3652.2815041481094,4162.698159575682
2025-04-05 09:00:00+00:00,4813.75,4603.530485509082,4348.3221577952945,4858.738813222868
2025-04-05 10:00:00+00:00,4835.75,4263.456465171715,4008.248137457928,4518.664792885502
2025-04-05 11:00:00+00:00,4857.75,4649.371615149248,4394.163287435462,4904.579942863035
2025-04-05 12:00:00+00:00,4879.75,4621.597352213837,4366.389024500051,4876.805679927625
2025-04-05 13:00:00+00:00,4901.75,4705.028641143406,4449.82031342962,4960.236968857193
2025-04-05 14:00:00+00:00,3575.5,3491.624521677324,3236.4161939635374,3746.832849391111
2025-04-05 15:00:00+00:00,2155.5,2044.1343255000013,1788.9259977862146,2299.3426532137883
2025-04-05 16:00:00+00:00,904.75,660.2727103100739,405.06438259628715,915.4810380238607
2025-04-05 17:00:00+00:00,133.75,79.1403727182136,-176.06795499557302,334.3487004320003
2025-04-05 18:00:00+00:00,0.0,63.07841136807576,-192.12991634571085,318.2867390818625
2025-04-05 19:00:00+00:00,0.0,-3.3005722434933205,-258.50889995728016,251.9077554702934
2025-04-05 20:00:00+00:00,0.0,0.24415136470690868,-254.96417634907993,255.45247907849364
2025-04-05 21:00:00+00:00,0.0,-0.08630447298662602,-255.29463218677347,255.1220232408001
2025-04-05 22:00:00+00:00,0.0,-0.17808610481642972,-255.38641381860316,255.0302416089703
2025-04-05 23:00:00+00:00,0.0,-0.580918841227799,-255.78924655501442,254.62740887255893
2025-04-06 00:00:00+00:00,0.0,1.9981625215411896,-253.21016519224554,257.2064902353279
2025-04-06 01:00:00+00:00,0.0,15.981132936585368,-239.22719477720125,271.1894606503721
2025-04-06 02:00:00+00:00,0.0,10.578284552885975,-244.63004316090087,265.7866122666727
2025-04-06 03:00:00+00:00,0.0,17.37131548421428,-237.83701222957257,272.579643198001
2025-04-06 04:00:00+00:00,0.0,36.55276842906983,-218.6555592847169,291.76109614285656
2025-04-06 05:00:00+00:00,606.75,340.2753650320228,85.06703731823609,595.4836927458095
2025-04-06 06:00:00+00:00,2108.5,1575.4889890392058,1320.280661325419,1830.6973167529927
2025-04-06 07:00:00+00:00,3814.5,2758.5056363491685,2503.2973086353813,3013.7139640629553
2025-04-06 08:00:00+00:00,5298.25,4587.775578953368,4332.56725123958,4842.983906667154
2025-04-06 09:00:00+00:00,5209.625,4854.140186001726,4598.931858287939,5109.348513715512
2025-04-06 10:00:00+00:00,5121.0,4899.567442161155,4644.3591144473685,5154.775769874942
2025-04-06 11:00:00+00:00,5032.375,4887.964323362352,4632.755995648565,5143.172651076138
2025-04-06 12:00:00+00:00,4943.75,4718.249318004666,4463.040990290879,4973.457645718452
2025-04-06 13:00:00+00:00,4855.125,4811.976056771406,4556.767729057619,5067.184384485193
2025-04-06 14:00:00+00:00,4766.5,4323.858391115988,4068.6500634022004,4579.066718829774
2025-04-06 15:00:00+00:00,3208.5,2874.133929571206,2618.9256018574197,3129.342257284993
2025-04-06 16:00:00+00:00,1557.75,1402.404093788376,1147.195766074589,1657.6124215021628
2025-04-06 17:00:00+00:00,276.5,199.17700860278512,-56.03131911100161,454.38533631657185
2025-04-06 18:00:00+00:00,0.0,-20.666030002577713,-275.87435771636433,234.54229771120913
2025-04-06 19:00:00+00:00,0.0,9.956728367124128,-245.2515993466625,265.16505608091086
2025-04-06 20:00:00+00:00,0.0,-0.1936863744117545,-255.40201408819848,255.01464133937498
2025-04-06 21:00:00+00:00,0.0,-8.270850235754324,-263.47917794954105,246.93747747803252
2025-04-06 22:00:00+00:00,0.0,-8.765464603995383,-263.9737923177822,246.44286310979135
2025-04-06 23:00:00+00:00,0.0,-13.03870295234583,-268.24703066613256,242.1696247614409
2025-04-07 00:00:00+00:00,0.0,-11.44206398284382,-266.65039169663055,243.76626373094302
2025-04-07 01:00:00+00:00,0.0,10.997800362362682,-244.21052735142393,266.2061280761495
2025-04-07 02:00:00+00:00,0.0,1.01582751142314,-254.1925002023636,256.22415522520987
2025-04-07 03:00:00+00:00,0.0,3.6132960901601336,-251.59503162362648,258.82162380394686
2025-04-07 04:00:00+00:00,0.0,8.539454103563799,-246.66887361022282,263.7477818173505
2025-04-07 05:00:00+00:00,620.25,279.16974591241865,23.961418198631804,534.3780736262054
2025-04-07 06:00:00+00:00,2092.75,1545.85062788581,1290.6423001720232,1801.0589555995966
2025-04-07 07:00:00+00:00,3736.25,2767.168822865973,2511.960495152187,3022.37715057976
2025-04-07 08:00:00+00:00,5174.5,4533.927112351968,4278.718784638181,4789.135440065755
2025-04-07 09:00:00+00:00,5076.333333333333,4876.737013521009,4621.528685807223,5131.945341234797
2025-04-07 10:00:00+00:00,4978.166666666667,4724.28275377598,4469.074426062194,4979.491081489767
2025-04-07 11:00:00+00:00,4880.0,4726.376986872496,4471.1686591587095,4981.585314586283
2025-04-07 12:00:00+00:00,4781.833333333333,4656.166942217105,4400.958614503319,4911.3752699308925
2025-04-07 13:00:00+00:00,4683.666666666666,4717.6125133551395,4462.404185641353,4972.820841068926
2025-04-07 14:00:00+00:00,4585.5,4233.461748140247,3978.2534204264607,4488.670075854034
2025-04-07 15:00:00+00:00,3069.0,2650.274249018051,2395.0659213042636,2905.482576731837
2025-04-07 16:00:00+00:00,1495.25,1218.6870857386123,963.4787580248255,1473.8954134523992
2025-04-07 17:00:00+00:00,270.5,199.62230622977063,-55.5860214840161,454.83063394355736
2025-04-07 18:00:00+00:00,0.2499999999998863,-36.39656226111981,-291.60488997490665,218.81176545266692
2025-04-07 19:00:00+00:00,0.0,0.741840928311035,-254.46648678547558,255.95016864209776
2025-04-07 20:00:00+00:00,0.0,0.741840928311035,-254.46648678547558,255.95016864209776
2025-04-07 21:00:00+00:00,0.0,1.3247880848380191,-253.8835396289487,256.53311579862475
2025-04-07 22:00:00+00:00,0.0,0.20651641940014542,-255.00181129438647,255.41484413318688
2025-04-07 23:00:00+00:00,0.0,0.741840928311035,-254.46648678547558,255.95016864209776
2025-04-08 00:00:00+00:00,0.0,1.782912923549702,-253.42541479023703,256.99124063733643
2025-04-08 01:00:00+00:00,0.0,1.782912923549702,-253.42541479023703,256.99124063733643
2025-04-08 02:00:00+00:00,0.0,7.508188874131633,-247.7001388396552,262.71651658791836
2025-04-08 03:00:00+00:00,0.0,8.653619850637142,-246.5547078631496,263.8619475644239
2025-04-08 04:00:00+00:00,0.0,8.653619850637142,-246.5547078631496,263.8619475644239
2025-04-08 05:00:00+00:00,658.0,240.09615689078396,-15.11217082300277,495.30448460457075
2025-04-08 06:00:00+00:00,2083.0,1741.359780907866,1486.1514531940793,1996.5681086216528
2025-04-08 07:00:00+00:00,3656.0,2933.9669923443716,2678.7586646305845,3189.1753200581584
2025-04-08 08:00:00+00:00,5040.75,4295.419582121725,4040.211254407939,4550.627909835513
2025-04-08 09:00:00+00:00,4907.875,4964.876321145575,4709.667993431788,5220.084648859362
2025-04-08 10:00:00+00:00,4775.0,4928.1852443707,4672.976916656913,5183.393572084487
2025-04-08 11:00:00+00:00,4642.125,4976.478194858368,4721.2698671445805,5231.686522572154
2025-04-08 12:00:00+00:00,4509.25,4916.413498697342,4661.205170983556,5171.621826411129
2025-04-08 13:00:00+00:00,4376.375,4766.706100325322,4511.497772611536,5021.914428039108
2025-04-08 14:00:00+00:00,4243.5,4079.4259307948396,3824.217603081053,4334.634258508626
2025-04-08 15:00:00+00:00,2712.0,2862.3958533554633,2607.187525641676,3117.60418106925
2025-04-08 16:00:00+00:00,1266.75,1255.598117048428,1000.3897893346413,1510.8064447622146
2025-04-08 17:00:00+00:00,266.5,111.57216483810612,-143.6361628756806,366.78049255189285
2025-04-08 18:00:00+00:00,0.2499999999998863,-1.9595766781673092,-257.16790439195415,253.24875103561942
2025-04-08 19:00:00+00:00,0.0,1.067625783761514,-254.14070193002522,256.27595349754824
2025-04-08 20:00:00+00:00,0.0,1.067625783761514,-254.14070193002522,256.27595349754824
2025-04-08 21:00:00+00:00,0.0,2.3011389968548883,-252.90718871693184,257.5094667106416
2025-04-08 22:00:00+00:00,0.0,2.3011389968548883,-252.90718871693184,257.5094667106416
2025-04-08 23:00:00+00:00,0.0,2.5928306253329083,-252.61549708845382,257.80115833911964
2025-04-09 00:00:00+00:00,0.0,3.04348219179883,-252.1648455219879,258.25180990558556
2025-04-09 01:00:00+00:00,0.0,2.1086977790000674,-253.09962993478666,257.3170254927868
2025-04-09 02:00:00+00:00,0.0,3.04348219179883,-252.1648455219879,258.25180990558556
2025-04-09 03:00:00+00:00,0.0,3.04348219179883,-252.1648455219879,258.25180990558556
2025-04-09 04:00:00+00:00,0.75,9.359178571153393,-245.84914914263322,264.56750628494024
2025-04-09 05:00:00+00:00,559.5,202.82743463649854,-52.380893077288306,458.0357623502852
2025-04-09 06:00:00+00:00,1771.0,1284.1534596581523,1028.9451319443656,1539.3617873719393
2025-04-09 07:00:00+00:00,3266.5,2395.5963934496376,2140.388065735851,2650.8047211634243
2025-04-09 08:00:00+00:00,4687.5,4118.388760916525,3863.1804332027386,4373.597088630312
2025-04-09 09:00:00+00:00,4734.5,4852.564976146106,4597.35664843232,5107.7733038598935
2025-04-09 10:00:00+00:00,4781.5,4861.339755234487,4606.1314275207,5116.548082948273
2025-04-09 11:00:00+00:00,4828.5,4735.857346775098,4480.649019061311,4991.065674488886
2025-04-09 12:00:00+00:00,4875.5,4531.640935664471,4276.4326079506845,4786.849263378257
2025-04-09 13:00:00+00:00,4922.5,4484.583220881228,4229.374893167441,4739.791548595014
2025-04-09 14:00:00+00:00,3939.7499999999995,3380.0909587088186,3124.882630995032,3635.2992864226053
2025-04-09 15:00:00+00:00,2680.0,2018.07790271832,1762.869575004533,2273.286230432107
2025-04-09 16:00:00+00:00,1333.75,1132.2128706883248,877.004542974538,1387.4211984021117
2025-04-09 17:00:00+00:00,270.0,188.8770042635458,-66.33132345024103,444.0853319773325
2025-04-09 18:00:00+00:00,0.2499999999998863,-12.404174567662608,-267.61250228144945,242.80415314612412
2025-04-09 19:00:00+00:00,0.0,1.1625579950461997,-254.04576971874053,256.37088570883304
2025-04-09 20:00:00+00:00,0.0,1.9497378410120518,-253.25858987277456,257.1580655547989
2025-04-09 21:00:00+00:00,0.0,1.9497378410120518,-253.25858987277456,257.1580655547989
2025-04-09 22:00:00+00:00,0.0,0.9870088547404521,-254.22131885904628,256.1953365685273
2025-04-09 23:00:00+00:00,0.0,-11.461232382975368,-266.6695600967621,243.74709533081136
2025-04-10 00:00:00+00:00,0.0,-10.572894625588901,-265.78122233937574,244.63543308819783
2025-04-10 01:00:00+00:00,0.0,2.067287220643607,-253.141040493143,257.27561493443045
2025-04-10 02:00:00+00:00,0.0,6.96007298401139,-248.24825472977545,262.1684006977981
2025-04-10 03:00:00+00:00,0.0,5.617406521793896,-249.59092119199272,260.8257342355806
2025-04-10 04:00:00+00:00,4.0,6.732345916515442,-248.4759817972713,261.9406736303022
2025-04-10 05:00:00+00:00,513.25,207.39690794269336,-47.81141977109337,462.6052356564801
2025-04-10 06:00:00+00:00,1717.25,1534.8179790962802,1279.6096513824932,1790.026306810067
2025-04-10 07:00:00+00:00,3118.75,2173.7730681634594,1918.5647404496726,2428.981395877246
2025-04-10 08:00:00+00:00,4226.0,4157.963554068505,3902.7552263547177,4413.171881782291
2025-04-10 09:00:00+00:00,5258.75,4653.5936337569565,4398.38530604317,4908.801961470743
2025-04-10 10:00:00+00:00,5282.375,4580.829397701028,4325.621069987241,4836.037725414815
2025-04-10 11:00:00+00:00,5306.0,4539.910395303761,4284.702067589975,4795.118723017547
2025-04-10 12:00:00+00:00,5329.625,4583.581687034882,4328.3733593210945,4838.790014748669
2025-04-10 13:00:00+00:00,5353.25,4565.821492462334,4310.613164748547,4821.029820176122
2025-04-10 14:00:00+00:00,4254.5,3831.660064424511,3576.451736710724,4086.8683921382976
2025-04-10 15:00:00+00:00,2854.75,2260.015983983415,2004.807656269628,2515.2243116972013
2025-04-10 16:00:00+00:00,1402.0,1087.6942366410353,832.4859089272484,1342.902564354822
2025-04-10 17:00:00+00:00,280.75,328.6828609073606,73.47453319357385,583.8911886211474
2025-04-10 18:00:00+00:00,0.2499999999998863,-25.887342676900175,-281.095670390687,229.32098503688655
2025-04-10 19:00:00+00:00,0.0,0.1234580566308523,-255.08486965715588,255.33178577041758
2025-04-10 20:00:00+00:00,0.0,0.4121377089568341,-254.7961900048299,255.62046542274356
2025-04-10 21:00:00+00:00,0.0,0.4121377089568341,-254.7961900048299,255.62046542274356
2025-04-10 22:00:00+00:00,0.0,0.4121377089568341,-254.7961900048299,255.62046542274356
2025-04-10 23:00:00+00:00,0.0,0.4121377089568341,-254.7961900048299,255.62046542274356
2025-04-11 00:00:00+00:00,0.0,1.782912923549702,-253.42541479023703,256.99124063733643
2025-04-11 01:00:00+00:00,0.0,2.3118399607971014,-252.89648775298951,257.52016767458383
2025-04-11 02:00:00+00:00,0.0,2.3118399607971014,-252.89648775298951,257.52016767458383
2025-04-11 03:00:00+00:00,0.0,3.45727093730261,-251.75105677648412,258.66559865108934
2025-04-11 04:00:00+00:00,14.25,9.182546887884655,-246.02578082590207,264.3908746016714
2025-04-11 05:00:00+00:00,694.25,527.5044285013338,272.29610078754706,782.7127562151206
2025-04-11 06:00:00+00:00,2060.5,1680.576292556827,1425.3679648430402,1935.7846202706137
2025-04-11 07:00:00+00:00,3551.25,2632.1185353985793,2376.910207684793,2887.3268631123665
2025-04-11 08:00:00+00:00,4884.75,4484.962245717645,4229.753918003858,4740.170573431431
2025-04-11 09:00:00+00:00,4990.9,4708.109122474348,4452.9007947605605,4963.317450188135
2025-04-11 10:00:00+00:00,5097.05,4626.358967876506,4371.150640162719,4881.567295590293
2025-04-11 11:00:00+00:00,5203.2,4755.915459682588,4500.707131968802,5011.123787396375
2025-04-11 12:00:00+00:00,5309.35,4690.139360260064,4434.9310325462775,4945.34768797385
2025-04-11 13:00:00+00:00,5415.5,4673.7533496497,4418.545021935914,4928.961677363487
2025-04-11 14:00:00+00:00,4282.0,4114.72370670445,3859.5153789906635,4369.932034418237
2025-04-11 15:00:00+00:00,2881.5,2899.5099293229136,2644.301601609127,3154.7182570367004
2025-04-11 16:00:00+00:00,1432.0,1439.5676581152316,1184.3593304014448,1694.7759858290183
2025-04-11 17:00:00+00:00,311.25,281.8438661570643,26.635538443277483,537.0521938708512
2025-04-11 18:00:00+00:00,0.5,-31.437559131101125,-286.64588684488785,223.7707685826856
2025-04-11 19:00:00+00:00,0.0,1.8667233313583438,-253.3416043824284,257.0750510451451
2025-04-11 20:00:00+00:00,0.0,8.013175956913301,-247.19515175687343,263.22150367070003
2025-04-11 21:00:00+00:00,0.0,8.8231707053327,-246.38515700845392,264.03149841911943
2025-04-11 22:00:00+00:00,0.0,2.6767180797778565,-252.53160963400887,257.8850457935646
2025-04-11 23:00:00+00:00,0.0,1.2467483247226028,-253.96157938906413,256.45507603850933
2025-04-12 00:00:00+00:00,0.0,8.355470812180556,-246.85285690160617,263.5637985259673
2025-04-12 01:00:00+00:00,0.0,1.244425320671894,-253.96390239311472,256.4527530344586
2025-04-12 02:00:00+00:00,0.0,1.029635604978239,-254.1786921088085,256.23796331876497
2025-04-12 03:00:00+00:00,0.0,6.907645793412371,-248.30068192037447,262.1159735071991
2025-04-12 04:00:00+00:00,21.75,6.221620876707334,-248.9867068370795,261.42994859049406
2025-04-12 05:00:00+00:00,646.25,535.6022578794539,280.39393016566703,790.8105855932406
2025-04-12 06:00:00+00:00,2027.75,1474.631386538942,1219.4230588251553,1729.8397142527288
2025-04-12 07:00:00+00:00,3567.25,2943.0717749804116,2687.8634472666254,3198.280102694199
2025-04-12 08:00:00+00:00,4902.75,3838.4132734751456,3583.204945761359,4093.6216011889323
2025-04-12 09:00:00+00:00,4960.25,4630.6963572185205,4375.488029504733,4885.904684932308
2025-04-12 10:00:00+00:00,5017.75,4695.440386559664,4440.232058845877,4950.648714273451
2025-04-12 11:00:00+00:00,5075.25,4781.164185491933,4525.955857778146,5036.37251320572
2025-04-12 12:00:00+00:00,5132.75,4393.643307172524,4138.434979458737,4648.85163488631
2025-04-12 13:00:00+00:00,5190.25,4447.187372678078,4191.979044964291,4702.395700391864
2025-04-12 14:00:00+00:00,3916.5,4135.427193562291,3880.2188658485047,4390.635521276078
2025-04-12 15:00:00+00:00,2451.0,2774.877445222207,2519.6691175084206,3030.0857729359936
2025-04-12 16:00:00+00:00,1096.25,1238.627406194926,983.4190784811392,1493.8357339087127
2025-04-12 17:00:00+00:00,197.0,205.37980342021558,-49.82852429357115,460.5881311340023
2025-04-12 18:00:00+00:00,0.2499999999998863,13.501815412093265,-241.70651230169346,268.71014312588
2025-04-12 19:00:00+00:00,0.0,2.240633146069058,-252.96769456771767,257.4489608598558
2025-04-12 20:00:00+00:00,0.0,1.6833976612787183,-253.52493005250813,256.89172537506545
2025-04-12 21:00:00+00:00,0.0,3.621419628419744,-251.58690808536699,258.8297473422065
2025-04-12 22:00:00+00:00,0.0,3.676515548281486,-251.53181216550524,258.8848432620682
2025-04-12 23:00:00+00:00,0.0,3.676515548281486,-251.53181216550524,258.8848432620682
2025-04-13 00:00:00+00:00,0.0,4.425895915042133,-250.7824317987447,259.63422362882886
2025-04-13 01:00:00+00:00,0.0,-5.431122778899407,-260.63945049268614,249.77720493488732
2025-04-13 02:00:00+00:00,0.0,21.199000774216984,-234.00932693956975,276.4073284880038
2025-04-13 03:00:00+00:00,0.0,21.248293317550633,-233.9600343962361,276.45662103133736
2025-04-13 04:00:00+00:00,7.5,0.9183102885506287,-254.2900174252361,256.12663800233736
2025-04-13 05:00:00+00:00,242.0,367.8055788717711,112.59725115798426,623.0139065855578
2025-04-13 06:00:00+00:00,744.0,624.4913290354896,369.28300132170284,879.6996567492764
2025-04-13 07:00:00+00:00,1493.25,2008.55450406457,1753.3461763507833,2263.7628317783565
2025-04-13 08:00:00+00:00,2103.0,2597.9912861109806,2342.7829583971943,2853.1996138247678
2025-04-13 09:00:00+00:00,2458.5,2763.2330772271043,2508.024749513317,3018.4414049408906
2025-04-13 10:00:00+00:00,2489.25,3140.842872441963,2885.6345447281765,3396.05120015575
2025-04-13 11:00:00+00:00,2772.5,3470.4125635891996,3215.204235875413,3725.6208913029864
2025-04-13 12:00:00+00:00,2913.25,3294.7858961701572,3039.5775684563705,3549.994223883944
2025-04-13 13:00:00+00:00,3032.25,2693.044126159636,2437.8357984458494,2948.252453873423
2025-04-13 14:00:00+00:00,2657.25,1988.659641163323,1733.451313449536,2243.86796887711
2025-04-13 15:00:00+00:00,1835.5,1434.051354419977,1178.8430267061904,1689.2596821337638
2025-04-13 16:00:00+00:00,998.25,923.8454107678247,668.6370830540379,1179.0537384816116
2025-04-13 17:00:00+00:00,238.25,222.11423502589173,-33.094092687895,477.3225627396784
2025-04-13 18:00:00+00:00,0.2499999999998863,8.898277332540715,-246.3100503812459,264.10660504632756
2025-04-13 19:00:00+00:00,0.0,1.529609344108394,-253.67871836967834,256.7379370578951
2025-04-13 20:00:00+00:00,0.0,1.278426283701151,-253.9299014300857,256.4867539974879
2025-04-13 21:00:00+00:00,0.0,1.7779480698928865,-253.43037964389373,256.9862757836796
2025-04-13 22:00:00+00:00,0.0,1.7779480698928865,-253.43037964389373,256.9862757836796
2025-04-13 23:00:00+00:00,0.0,1.7779480698928865,-253.43037964389373,256.9862757836796
