date,load_rte_actual,load_rte_fitted,load_rte_lower,load_rte_upper
2025-03-08 00:00:00+00:00,47402.25,47844.008,47084.87058407219,48603.147942628915
2025-03-08 01:00:00+00:00,45892.0,46523.637,45764.4968314827,47282.77419003942
2025-03-08 02:00:00+00:00,43851.5,43941.992,43182.85247196103,44701.129830517755
2025-03-08 03:00:00+00:00,42895.75,43109.53,42350.39195154397,43868.6693101007
2025-03-08 04:00:00+00:00,43812.5,44617.16,43858.01995160013,45376.29731015686
2025-03-08 05:00:00+00:00,45374.25,45835.42,45076.2839258011,46594.56128435783
2025-03-08 06:00:00+00:00,46582.25,46933.895,46174.754116549455,47693.031475106174
2025-03-08 07:00:00+00:00,48373.75,47945.23,47186.09233017325,48704.36968872997
2025-03-08 08:00:00+00:00,49573.0,49155.44,48396.30331466725,49914.58067322398
2025-03-08 09:00:00+00:00,48474.25,49593.332,48834.191497920125,50352.468856476844
2025-03-08 10:00:00+00:00,48578.0,50291.184,49532.04522624021,51050.32258479693
2025-03-08 11:00:00+00:00,50103.75,49967.137,49207.99629201642,50726.273650573145
2025-03-08 12:00:00+00:00,48321.0,48561.336,47802.196669532466,49320.474028089186
2025-03-08 13:00:00+00:00,45692.25,47316.094,46556.954549345086,48075.23190790181
2025-03-08 14:00:00+00:00,43864.0,45125.008,44365.86778951198,45884.14514806871
2025-03-08 15:00:00+00:00,42788.25,44139.18,43380.04229063031,44898.31964918703
2025-03-08 16:00:00+00:00,43806.0,44664.395,43905.25545376098,45423.53281231771
2025-03-08 17:00:00+00:00,48182.0,47157.977,46398.83921157094,47917.11657012766
2025-03-08 18:00:00+00:00,50741.25,48365.926,47606.78596364719,49125.06332220391
2025-03-08 19:00:00+00:00,48804.0,47529.04,46769.89993591591,48288.17729447264
2025-03-08 20:00:00+00:00,46877.0,45741.195,44982.056475277495,46500.333833834215
2025-03-08 21:00:00+00:00,47987.5,46107.895,45348.755193508405,46867.03255206513
2025-03-08 22:00:00+00:00,48819.75,45899.367,45140.22679441278,46658.5041529695
2025-03-08 23:00:00+00:00,47043.0,43663.0,42903.86250502331,44422.13986358003
2025-03-09 00:00:00+00:00,44902.75,41065.043,40305.90625104511,41824.18360960184
2025-03-09 01:00:00+00:00,43260.5,39093.19,38334.05289763856,39852.33025619529
2025-03-09 02:00:00+00:00,41091.0,36827.07,36067.93202916065,37586.20938771737
2025-03-09 03:00:00+00:00,39850.0,35918.508,35159.37094344927,36677.64830200599
2025-03-09 04:00:00+00:00,40330.0,36121.844,35362.70322525788,36880.9805838146
2025-03-09 05:00:00+00:00,41201.25,37831.277,37072.13826660844,38590.41562516516
2025-03-09 06:00:00+00:00,41878.5,39978.754,39219.615113375876,40737.892471932595
2025-03-09 07:00:00+00:00,44008.75,42535.473,41776.33383186278,43294.6111904195
2025-03-09 08:00:00+00:00,46423.75,44851.945,44092.8085393145,45611.08589787122
2025-03-09 09:00:00+00:00,47724.75,46118.008,45358.86994639208,46877.147304948805
2025-03-09 10:00:00+00:00,48940.5,47216.145,46457.006462378486,47975.283820935205
2025-03-09 11:00:00+00:00,50959.25,47241.24,46482.098107743295,48000.375466300015
2025-03-09 12:00:00+00:00,49034.0,45608.586,44849.449308331314,46367.72666688804
2025-03-09 13:00:00+00:00,46524.0,42557.402,41798.263367375046,43316.54072593177
2025-03-09 14:00:00+00:00,44880.25,40327.5,39568.361735608225,41086.639094164944
2025-03-09 15:00:00+00:00,44364.5,39992.24,39233.100844698885,40751.378203255605
2025-03-09 16:00:00+00:00,45752.25,40612.14,39853.00281710255,41371.28017565927
2025-03-09 17:00:00+00:00,50163.25,43739.848,42980.70736345435,44498.98472201107
2025-03-09 18:00:00+00:00,52503.25,44607.46,43848.322935890064,45366.600294446784
2025-03-09 19:00:00+00:00,50501.75,44059.953,43300.8158153328,44819.09317388952
2025-03-09 20:00:00+00:00,48769.75,43575.363,42816.22373000793,44334.501088564655
2025-03-09 21:00:00+00:00,49347.25,43315.75,42556.6105276166,44074.88788617332
2025-03-09 22:00:00+00:00,49429.0,41406.91,40647.770357987945,42166.047716544665
2025-03-09 23:00:00+00:00,47289.5,39071.086,38311.94826996796,39830.225628524684
2025-03-10 00:00:00+00:00,45531.5,37645.67,36886.533308512095,38404.810667068814
2025-03-10 01:00:00+00:00,44541.75,35980.08,35220.94037423994,36739.217732796664
2025-03-10 02:00:00+00:00,42754.75,34776.65,34017.5107650798,35535.78812363652
2025-03-10 03:00:00+00:00,42330.75,35885.797,35126.657185036165,36644.93454359289
2025-03-10 04:00:00+00:00,45524.25,39709.41,38950.271876165025,40468.54923472175
2025-03-10 05:00:00+00:00,51039.0,44191.867,43432.727157559784,44951.00451611651
2025-03-10 06:00:00+00:00,55549.25,46975.203,46216.06284002899,47734.34019858572
2025-03-10 07:00:00+00:00,57818.25,48515.5,47756.36209396803,49274.63945252476
2025-03-10 08:00:00+00:00,58069.5,49394.145,48635.00750679702,50153.284865353744
2025-03-10 09:00:00+00:00,56535.5,49541.234,48782.094992140344,50300.372350697064
2025-03-10 10:00:00+00:00,56033.5,50070.625,49311.48636005797,50829.76371861469
2025-03-10 11:00:00+00:00,55931.75,48607.52,47848.37989584253,49366.65725439926
2025-03-10 12:00:00+00:00,54396.75,47359.594,46600.45434822467,48118.7317067814
2025-03-10 13:00:00+00:00,52966.5,45489.035,44729.896503792115,46248.17386234884
2025-03-10 14:00:00+00:00,51696.75,43882.324,43123.186638268926,44641.46399682565
2025-03-10 15:00:00+00:00,50434.5,43348.13,42588.98864223829,44107.26600079501
2025-03-10 16:00:00+00:00,51398.75,44619.727,43860.58696016366,45378.864318720385
2025-03-10 17:00:00+00:00,55931.75,46231.26,45472.12140226073,46990.39876081745
2025-03-10 18:00:00+00:00,58726.75,49146.65,48387.508265914694,49905.78562447141
2025-03-10 19:00:00+00:00,55587.0,49475.38,48716.240271652736,50234.51763020946
2025-03-10 20:00:00+00:00,52558.75,49031.387,48272.24902478276,49790.526383339486
2025-03-10 21:00:00+00:00,52829.25,48012.15,47253.0087362005,48771.286094757226
2025-03-10 22:00:00+00:00,52853.5,47002.508,46243.36994646642,47761.64730502314
2025-03-10 23:00:00+00:00,50758.75,45322.76,44563.624385738774,46081.9017442955
2025-03-11 00:00:00+00:00,48710.5,43645.92,42886.78405225075,44405.06141080747
2025-03-11 01:00:00+00:00,47664.25,42206.383,41447.24357636046,42965.52093491718
2025-03-11 02:00:00+00:00,46160.25,41519.715,40760.575752951496,42278.85311150822
2025-03-11 03:00:00+00:00,46023.0,42006.637,41247.4979574492,42765.77531600593
2025-03-11 04:00:00+00:00,48682.5,43593.605,42834.46603065647,44352.74338921319
2025-03-11 05:00:00+00:00,53884.5,47874.81,47115.669839992785,48633.947198549504
2025-03-11 06:00:00+00:00,58296.25,51949.05,51189.913809395846,52708.191167952566
2025-03-11 07:00:00+00:00,59737.25,54860.723,54101.58401634199,55619.86137489872
2025-03-11 08:00:00+00:00,59326.75,55259.105,54499.96896253433,56018.24632109106
2025-03-11 09:00:00+00:00,58187.75,54450.14,53691.00138702255,55209.27874557928
2025-03-11 10:00:00+00:00,57841.0,54277.35,53518.21269023206,55036.490048788786
2025-03-11 11:00:00+00:00,58089.5,53913.566,53154.42692389481,54672.70428245154
2025-03-11 12:00:00+00:00,56642.0,52821.668,52062.530413738015,53580.80777229474
2025-03-11 13:00:00+00:00,55080.75,51214.63,50455.48975126517,51973.76710982189
2025-03-11 14:00:00+00:00,53724.5,50242.86,49483.71933614869,51001.99669470542
2025-03-11 15:00:00+00:00,53019.75,50074.742,49315.604660910125,50833.882019466844
2025-03-11 16:00:00+00:00,53938.5,49960.7,49201.560292023416,50719.837650580135
2025-03-11 17:00:00+00:00,58288.0,52145.02,51385.87980052244,52904.157159079165
2025-03-11 18:00:00+00:00,60688.5,54318.7,53559.56049137324,55077.83784992996
2025-03-11 19:00:00+00:00,57759.0,55835.336,55076.19846732095,56594.47582587768
2025-03-11 20:00:00+00:00,54579.75,54805.344,54046.20642589102,55564.48378444774
2025-03-11 21:00:00+00:00,55021.5,52883.85,52124.71327293807,53642.990631494795
2025-03-11 22:00:00+00:00,55021.0,51930.9,51171.76056946452,52690.037928021244
2025-03-11 23:00:00+00:00,52804.75,50266.1,49506.96282016749,51025.24017872422
2025-03-12 00:00:00+00:00,50480.25,48585.27,47826.13048770753,49344.40784626425
2025-03-12 01:00:00+00:00,49365.5,47341.004,46581.86504399937,48100.1424025561
2025-03-12 02:00:00+00:00,47725.75,46791.008,46031.8705848399,47550.14794339662
2025-03-12 03:00:00+00:00,47403.5,47738.438,46979.3005393314,48497.57789788813
2025-03-12 04:00:00+00:00,50044.25,48881.254,48122.11714536269,49640.394503919415
2025-03-12 05:00:00+00:00,54976.0,52050.12,51290.98075948841,52809.25811804513
2025-03-12 06:00:00+00:00,59418.5,56235.156,55476.016261106575,56994.2936196633
2025-03-12 07:00:00+00:00,62551.0,58525.453,57766.31317624936,59284.590534806084
2025-03-12 08:00:00+00:00,63280.0,60187.4,59428.25886210225,60946.53622065897
2025-03-12 09:00:00+00:00,62564.25,59593.992,58834.855179418446,60353.13253797517
2025-03-12 10:00:00+00:00,62742.75,59001.758,58242.62079730761,59760.89815586433
2025-03-12 11:00:00+00:00,63457.25,58053.68,57294.54098736166,58812.818345918386
2025-03-12 12:00:00+00:00,62425.25,56988.562,56229.423883746415,57747.70124230314
2025-03-12 13:00:00+00:00,60485.0,55146.168,54387.02785600169,55905.305214558415
2025-03-12 14:00:00+00:00,59009.0,54218.285,53459.14786491735,54977.42522347407
2025-03-12 15:00:00+00:00,58047.0,53442.44,52683.3030000916,54201.580358648316
2025-03-12 16:00:00+00:00,58305.0,53566.344,52807.20523924906,54325.48259780578
2025-03-12 17:00:00+00:00,62820.75,55265.055,54505.91785493115,56024.19521348787
2025-03-12 18:00:00+00:00,65148.75,58286.848,57527.708003581974,59045.9853621387
2025-03-12 19:00:00+00:00,61749.0,60632.6,59873.46308791989,61391.74044647661
2025-03-12 20:00:00+00:00,58450.25,59400.78,58641.64431490093,60159.92167345765
2025-03-12 21:00:00+00:00,58709.75,57025.566,56266.42709711108,57784.7044556678
2025-03-12 22:00:00+00:00,58374.25,55473.824,54714.68586976594,56232.96322832267
2025-03-12 23:00:00+00:00,56196.25,55617.49,54858.34868275113,56376.626041307856
2025-03-13 00:00:00+00:00,54025.0,53293.008,52533.869719071634,54052.14707762836
2025-03-13 01:00:00+00:00,52918.75,51531.996,50772.85822291503,52291.13558147175
2025-03-13 02:00:00+00:00,51289.0,50479.54,49720.40091849529,51238.678277052015
2025-03-13 03:00:00+00:00,51096.5,48357.758,47598.620171271614,49116.89752982834
2025-03-13 04:00:00+00:00,53940.5,48002.9,47243.7599018888,48762.03726044552
2025-03-13 05:00:00+00:00,59151.0,50559.977,49800.83986155012,51319.11722010684
2025-03-13 06:00:00+00:00,63883.25,56590.06,55830.918372365464,57349.19573092219
2025-03-13 07:00:00+00:00,65929.0,60996.13,60236.988336512906,61755.265695069626
2025-03-13 08:00:00+00:00,65854.75,62711.773,61952.63460557017,63470.91196412689
2025-03-13 09:00:00+00:00,64751.0,62825.31,62066.170661928016,63584.448020484735
2025-03-13 10:00:00+00:00,64290.75,62121.3,61362.16205043661,62880.439408993334
2025-03-13 11:00:00+00:00,64294.0,62227.445,61468.30546141041,62986.58281996714
2025-03-13 12:00:00+00:00,62684.5,62207.535,61448.39584719878,62966.673205755505
2025-03-13 13:00:00+00:00,60745.25,60880.44,60121.30270583752,61639.58006439425
2025-03-13 14:00:00+00:00,58893.25,60183.17,59424.03362780392,60942.31098636064
2025-03-13 15:00:00+00:00,57940.0,58977.867,58218.729502595736,59737.006861152455
2025-03-13 16:00:00+00:00,59083.25,57763.562,57004.425398107116,58522.702756663835
2025-03-13 17:00:00+00:00,64032.0,58883.113,58123.97495803147,59642.25231658819
2025-03-13 18:00:00+00:00,67155.0,62072.215,61313.075660581264,62831.35301913798
2025-03-13 19:00:00+00:00,64200.75,62526.668,61767.527660463966,63285.805019020685
2025-03-13 20:00:00+00:00,61177.0,60806.973,60047.833066832354,61566.11042538908
2025-03-13 21:00:00+00:00,61550.0,58999.37,58240.23372774416,59758.51108630089
2025-03-13 22:00:00+00:00,61313.75,58963.56,58204.420414029904,59722.69777258662
2025-03-13 23:00:00+00:00,59282.5,58059.51,57300.372949701174,58818.6503082579
2025-03-14 00:00:00+00:00,57406.0,56356.168,55597.0285708687,57115.30592942543
2025-03-14 01:00:00+00:00,56469.25,55169.688,54410.54836731945,55928.825725876166
2025-03-14 02:00:00+00:00,55069.0,54570.816,53811.67805299327,55329.95541155
2025-03-14 03:00:00+00:00,54977.25,52688.254,51929.11624763993,53447.39360619666
2025-03-14 04:00:00+00:00,57775.25,52551.254,51792.1154186445,53310.39277720122
2025-03-14 05:00:00+00:00,62810.25,55013.07,54253.9329756041,55772.21033416082
2025-03-14 06:00:00+00:00,67448.0,59000.137,58240.998317030724,59759.27567558745
2025-03-14 07:00:00+00:00,69342.5,62418.414,61659.27466161709,63177.55202017381
2025-03-14 08:00:00+00:00,68754.5,63885.04,63125.901106789825,64644.178465346544
2025-03-14 09:00:00+00:00,67056.5,62851.766,62092.62714763776,63610.90450619448
2025-03-14 10:00:00+00:00,65973.5,61896.133,61136.99595824035,62655.27331679708
2025-03-14 11:00:00+00:00,66013.25,61672.28,60913.143360159214,62431.42071871594
2025-03-14 12:00:00+00:00,63678.5,59494.13,58734.98842851502,60253.26578707174
2025-03-14 13:00:00+00:00,61786.75,57081.938,56322.80071354234,57841.07807209906
2025-03-14 14:00:00+00:00,60478.75,55985.887,55226.74924829263,56745.02660684935
2025-03-14 15:00:00+00:00,59214.25,56021.383,55262.24630558249,56780.52366413922
2025-03-14 16:00:00+00:00,59816.5,55737.297,54978.158975758466,56496.43633431519
2025-03-14 17:00:00+00:00,63541.25,56979.145,56220.0070760752,57738.284434631925
2025-03-14 18:00:00+00:00,65878.75,58586.36,57827.22161899594,59345.49897755266
2025-03-14 19:00:00+00:00,63551.0,60669.234,59910.09551789044,61428.37287644716
2025-03-14 20:00:00+00:00,61070.75,59770.25,59011.11300319378,60529.390361750506
2025-03-14 21:00:00+00:00,61738.0,57992.184,57233.04425919729,58751.321617754016
2025-03-14 22:00:00+00:00,61697.25,56615.2,55856.06136396009,57374.33872251682
2025-03-14 23:00:00+00:00,59467.75,56269.383,55510.244051712325,57028.52141026905
2025-03-15 00:00:00+00:00,57535.0,57695.15,56936.00859162964,58454.285950186364
2025-03-15 01:00:00+00:00,56237.0,56524.234,55765.09765550204,57283.37501405876
2025-03-15 02:00:00+00:00,54219.25,55396.13,54636.991602317656,56155.26896087438
2025-03-15 03:00:00+00:00,53376.0,53468.96,52709.824312309785,54228.10167086651
2025-03-15 04:00:00+00:00,54504.0,55057.87,54298.73415149441,55817.01151005114
2025-03-15 05:00:00+00:00,56160.5,58973.46,58214.322511731654,59732.59987028837
2025-03-15 06:00:00+00:00,57790.25,60770.402,60011.26485751504,61529.54221607176
2025-03-15 07:00:00+00:00,60502.75,63206.074,62446.93370321623,63965.21106177295
2025-03-15 08:00:00+00:00,61962.75,64135.97,63376.82816290423,64895.10552146095
2025-03-15 09:00:00+00:00,61789.0,63683.844,62924.70628219437,64442.98364075109
2025-03-15 10:00:00+00:00,62089.5,63740.816,62981.678483582145,64499.955842138865
2025-03-15 11:00:00+00:00,63391.5,62616.957,61857.81705206311,63376.09441061984
2025-03-15 12:00:00+00:00,61582.5,60533.137,59773.999836592404,61292.27719514913
2025-03-15 13:00:00+00:00,58802.0,58685.992,57926.85329807435,59445.13065663107
2025-03-15 14:00:00+00:00,57130.75,56871.043,56111.903723467454,57630.18108202418
2025-03-15 15:00:00+00:00,56432.75,55708.035,54948.89556281841,56467.17292137514
2025-03-15 16:00:00+00:00,57036.75,55631.527,54872.389983310095,56390.66734186682
2025-03-15 17:00:00+00:00,60638.75,57069.07,56309.93174283242,57828.20910138915
2025-03-15 18:00:00+00:00,63191.5,60785.547,60026.40639115198,61544.683749708696
2025-03-15 19:00:00+00:00,61358.25,62126.156,61367.01737416286,62885.29473271958
2025-03-15 20:00:00+00:00,59000.75,59753.0,58993.86309339421,60512.14045195093
2025-03-15 21:00:00+00:00,60213.0,58692.754,57933.61706574091,59451.894424297636
2025-03-15 22:00:00+00:00,60393.75,59987.54,59228.40176583068,60746.679124387396
2025-03-15 23:00:00+00:00,58610.0,59035.914,58276.77649114228,59795.053849699
2025-03-16 00:00:00+00:00,56711.0,56934.633,56175.49246970354,57693.769828260265
2025-03-16 01:00:00+00:00,55490.25,55010.855,54251.71675721246,55769.99411576918
2025-03-16 02:00:00+00:00,53271.0,54077.36,53318.22048824662,54836.49784680334
2025-03-16 03:00:00+00:00,52342.5,52046.11,51286.96999793765,52805.24735649437
2025-03-16 04:00:00+00:00,52963.0,51140.996,50381.856228423225,51900.133586979944
2025-03-16 05:00:00+00:00,53937.5,51619.168,50860.02927770122,52378.30663625795
2025-03-16 06:00:00+00:00,54913.75,52894.355,52135.21789365527,53653.495252211986
2025-03-16 07:00:00+00:00,57166.0,55252.543,54493.40391537965,56011.681273936374
2025-03-16 08:00:00+00:00,59404.5,57211.824,56452.684561278445,57970.96191983517
2025-03-16 09:00:00+00:00,59773.25,58254.79,57495.65159808165,59013.928956638374
2025-03-16 10:00:00+00:00,60399.75,57471.258,56712.11843052491,58230.39578908164
2025-03-16 11:00:00+00:00,61749.0,57832.39,57073.251156857514,58591.52851541424
2025-03-16 12:00:00+00:00,58956.25,56785.332,56026.19459732506,57544.47195588179
2025-03-16 13:00:00+00:00,56140.5,53832.85,53073.71307403429,54591.99043259102
2025-03-16 14:00:00+00:00,54732.5,52321.945,51562.804973821665,53081.08233237839
2025-03-16 15:00:00+00:00,53788.5,51006.582,50247.44512756203,51765.72248611876
2025-03-16 16:00:00+00:00,54579.75,50646.37,49887.23420994537,51405.51156850209
2025-03-16 17:00:00+00:00,58963.25,52843.637,52084.49902691192,53602.77638546865
2025-03-16 18:00:00+00:00,62490.25,56449.27,55690.131554105574,57208.4089126623
2025-03-16 19:00:00+00:00,61050.25,58059.598,57300.458375287075,58818.7357338438
2025-03-16 20:00:00+00:00,59141.75,55503.05,54743.91171968241,56262.189078239135
2025-03-16 21:00:00+00:00,59666.0,54693.434,53934.294061520486,55452.57142007721
2025-03-16 22:00:00+00:00,59772.75,55290.215,54531.077810471914,56049.35516902863
2025-03-16 23:00:00+00:00,58130.75,54055.695,53296.55510560989,54814.83246416662
2025-03-17 00:00:00+00:00,56416.75,52425.695,51666.557983028324,53184.83534158504
2025-03-17 01:00:00+00:00,55554.75,51059.312,50300.17346460348,51818.45082316021
2025-03-17 02:00:00+00:00,54069.5,49996.438,49237.299691400935,50755.57704995766
2025-03-17 03:00:00+00:00,54090.5,48601.816,47842.67692386577,49360.95428242249
2025-03-17 04:00:00+00:00,57568.75,49023.62,48264.48046516821,49782.75782372494
2025-03-17 05:00:00+00:00,62878.75,51876.484,51117.34598588438,52635.6233444411
2025-03-17 06:00:00+00:00,67521.0,57424.586,56665.44576786265,58183.72312641937
2025-03-17 07:00:00+00:00,69167.75,60109.14,59350.00296686582,60868.28032542254
2025-03-17 08:00:00+00:00,68405.75,60806.34,60047.200553983566,61565.477912540286
2025-03-17 09:00:00+00:00,66201.25,59949.355,59190.215923078234,60708.493281634954
2025-03-17 10:00:00+00:00,64742.0,58962.34,58203.20143332898,59721.478791885704
2025-03-17 11:00:00+00:00,64001.5,58397.684,57638.54376322808,59156.8211217848
2025-03-17 12:00:00+00:00,62026.5,57150.34,56391.20055607368,57909.4779146304
2025-03-17 13:00:00+00:00,59850.25,55733.406,54974.266355975444,56492.54371453217
2025-03-17 14:00:00+00:00,57930.5,53864.598,53105.45928166241,54623.73664021914
2025-03-17 15:00:00+00:00,56023.25,52514.254,51755.11402284549,53273.39138140221
2025-03-17 16:00:00+00:00,56093.75,52461.64,51702.5015556147,53220.778914171424
2025-03-17 17:00:00+00:00,61029.25,53907.965,53148.827609959444,54667.10496851617
2025-03-17 18:00:00+00:00,65126.75,57043.2,56284.060513264376,57802.3378718211
2025-03-17 19:00:00+00:00,62546.75,59248.832,58489.692190807364,60007.96954936408
2025-03-17 20:00:00+00:00,59656.0,57332.05,56572.91228853178,58091.1896470885
2025-03-17 21:00:00+00:00,60075.75,55640.902,54881.764381115965,56400.04173967269
2025-03-17 22:00:00+00:00,60075.5,55326.496,54567.357632704916,56085.63499126164
2025-03-17 23:00:00+00:00,58240.75,53873.24,53114.100594653115,54632.37795320984
2025-03-18 00:00:00+00:00,56458.5,52195.68,51436.541413947576,52954.818772504295
2025-03-18 01:00:00+00:00,55859.5,50073.77,49314.6324147472,50832.90977330392
2025-03-18 02:00:00+00:00,54385.25,48653.348,47894.20737154111,49412.484730097836
2025-03-18 03:00:00+00:00,54465.0,48226.73,47467.592128088196,48985.869486644915
2025-03-18 04:00:00+00:00,57666.0,49504.848,48745.709220975885,50263.98657953261
2025-03-18 05:00:00+00:00,63100.0,54205.297,53446.15711730838,54964.434475865106
2025-03-18 06:00:00+00:00,67301.25,58056.09,57296.952291133864,58815.22964969059
2025-03-18 07:00:00+00:00,67644.75,60186.41,59427.27131809504,60945.548676651764
2025-03-18 08:00:00+00:00,65752.25,60432.777,59673.63749611971,61191.91485467643
2025-03-18 09:00:00+00:00,63317.25,59465.164,58706.023702198,60224.301060754726
2025-03-18 10:00:00+00:00,61983.5,58976.21,58217.070671005706,59735.34802956243
2025-03-18 11:00:00+00:00,61122.5,58454.01,57694.87315222834,59213.15051078506
2025-03-18 12:00:00+00:00,58489.5,57048.516,56289.375681101956,57807.65303965868
2025-03-18 13:00:00+00:00,56051.75,54813.723,54054.58237429573,55572.859732852456
2025-03-18 14:00:00+00:00,54017.75,52668.547,51909.40717150584,53427.684530062565
2025-03-18 15:00:00+00:00,52790.75,51649.254,50890.116653739315,52408.39401229604
2025-03-18 16:00:00+00:00,53259.5,51860.383,51101.24598929074,52619.52334784747
2025-03-18 17:00:00+00:00,58145.25,53681.38,52922.23866678103,54440.51602533775
2025-03-18 18:00:00+00:00,62186.75,57683.836,56924.698486398585,58442.97584495531
2025-03-18 19:00:00+00:00,59862.75,59961.266,59202.12582497624,60720.403183532966
2025-03-18 20:00:00+00:00,57094.0,56431.79,55672.64960175707,57190.92696031379
2025-03-18 21:00:00+00:00,57504.75,53538.97,52779.828762389036,54298.10612094576
2025-03-18 22:00:00+00:00,57223.0,53555.633,52796.494627757354,54314.77198631408
2025-03-18 23:00:00+00:00,55056.25,53234.477,52475.338046349774,53993.6154049065
2025-03-19 00:00:00+00:00,52891.25,50783.91,50024.77076641833,51543.04812497506
2025-03-19 01:00:00+00:00,51967.5,48855.375,48096.236212644646,49614.51357120137
2025-03-19 02:00:00+00:00,50446.75,47745.65,46986.51157961351,48504.788938170226
2025-03-19 03:00:00+00:00,50291.5,46343.785,45584.64764943206,47102.925007988786
2025-03-19 04:00:00+00:00,52903.0,46178.51,45419.37488956271,46937.652248119426
2025-03-19 05:00:00+00:00,57741.5,48112.62,47353.48315988874,48871.760518445466
2025-03-19 06:00:00+00:00,61379.0,53271.008,52511.868692643504,54030.14605120023
2025-03-19 07:00:00+00:00,62258.75,57066.094,56306.95335857509,57825.23071713181
2025-03-19 08:00:00+00:00,60946.75,56367.25,55608.111480392574,57126.38883894929
2025-03-19 09:00:00+00:00,58924.25,55434.72,54675.580944646055,56193.858303202775
2025-03-19 10:00:00+00:00,57780.75,55160.117,54400.97888413301,55919.25624268973
2025-03-19 11:00:00+00:00,57787.25,54977.69,54218.55466593719,55736.83202449391
2025-03-19 12:00:00+00:00,56138.5,54550.285,53791.14622547157,55309.4235840283
2025-03-19 13:00:00+00:00,54224.75,53408.633,52649.49415836988,54167.77151692661
2025-03-19 14:00:00+00:00,52268.25,51500.438,50741.297709911574,52259.5750684683
2025-03-19 15:00:00+00:00,51066.5,50362.254,49603.11431540331,51121.39167396003
2025-03-19 16:00:00+00:00,51520.5,50387.67,49628.53160794841,51146.80896650513
2025-03-19 17:00:00+00:00,55819.75,51890.93,51131.79018016408,52650.0675387208
2025-03-19 18:00:00+00:00,59428.0,52871.633,52112.49377902308,53630.7711375798
2025-03-19 19:00:00+00:00,56856.75,51940.6,51181.46243201634,52699.73979057307
2025-03-19 20:00:00+00:00,54034.75,49828.742,49069.605025293036,50587.88238384976
2025-03-19 21:00:00+00:00,54295.25,48633.754,47874.61612478065,49392.89348333738
2025-03-19 22:00:00+00:00,54063.0,48018.61,47259.47184821457,48777.74920677129
2025-03-19 23:00:00+00:00,52104.75,46774.484,46015.34436909959,47533.62172765632
2025-03-20 00:00:00+00:00,50111.75,45010.668,44251.530792554426,45769.80815111115
2025-03-20 01:00:00+00:00,49135.5,43104.07,42344.93380187467,43863.21116043139
2025-03-20 02:00:00+00:00,47473.25,42802.39,42043.25183063137,43561.5291891881
2025-03-20 03:00:00+00:00,47205.5,42658.2,41899.06252946075,43417.33988801747
2025-03-20 04:00:00+00:00,49834.0,44998.95,44239.808705774354,45758.08606433108
2025-03-20 05:00:00+00:00,54758.5,48621.574,47862.43426962115,49380.71162817787
2025-03-20 06:00:00+00:00,58677.5,52031.105,51271.966902218286,52790.24426077501
2025-03-20 07:00:00+00:00,59236.25,53837.867,53078.72925232122,54597.00661087795
2025-03-20 08:00:00+00:00,57970.5,53702.516,52943.379075870354,54461.65643442708
2025-03-20 09:00:00+00:00,56596.25,52695.895,51936.75577902578,53455.033137582504
2025-03-20 10:00:00+00:00,55962.5,52161.266,51402.1261111515,52920.403469708224
2025-03-20 11:00:00+00:00,55941.5,50566.402,49807.262835655914,51325.540194212634
2025-03-20 12:00:00+00:00,53827.0,50208.36,49449.22042533238,50967.4977838891
2025-03-20 13:00:00+00:00,51610.0,48307.23,47548.09264117967,49066.369999736395
2025-03-20 14:00:00+00:00,50433.75,46698.71,45939.573994899714,47457.85135345644
2025-03-20 15:00:00+00:00,49961.5,45898.84,45139.70151793778,46657.978876494504
2025-03-20 16:00:00+00:00,50837.25,46756.535,45997.39499944951,47515.67235800624
2025-03-20 17:00:00+00:00,54489.75,49901.34,49142.20238424644,50660.47974280316
2025-03-20 18:00:00+00:00,56753.0,50243.137,49483.996211983846,51002.27357054057
2025-03-20 19:00:00+00:00,55061.0,48187.03,47427.89195021549,48946.169308772216
2025-03-20 20:00:00+00:00,52015.25,47531.2,46772.06094575071,48290.338304307435
2025-03-20 21:00:00+00:00,52498.5,47189.23,46430.09210158687,47948.36946014359
2025-03-20 22:00:00+00:00,52143.5,45366.305,44607.165079845654,46125.44243840238
2025-03-20 23:00:00+00:00,49825.75,43732.027,42972.887893068415,44491.16525162514
2025-03-21 00:00:00+00:00,47372.75,41904.06,41144.92121615053,42663.19857470725
2025-03-21 01:00:00+00:00,46034.5,40119.89,39360.75151009721,40879.028868653935
2025-03-21 02:00:00+00:00,44466.0,38175.215,37416.07621596641,38934.353574523135
2025-03-21 03:00:00+00:00,43914.0,38301.76,37542.621195589796,39060.89855414652
2025-03-21 04:00:00+00:00,45941.25,40078.58,39319.437636848306,40837.71499540503
2025-03-21 05:00:00+00:00,50314.0,43346.7,42587.56003563154,44105.83739418826
2025-03-21 06:00:00+00:00,54018.75,46883.816,46124.67821365743,47642.95557221415
2025-03-21 07:00:00+00:00,55702.75,48922.957,48163.818860616724,49682.09621917344
2025-03-21 08:00:00+00:00,55664.25,49526.027,48766.8869658931,50285.16432444983
2025-03-21 09:00:00+00:00,54766.75,50070.688,49311.5475514351,50829.824909991825
2025-03-21 10:00:00+00:00,55014.5,49887.676,49128.53595660432,50646.813315161045
2025-03-21 11:00:00+00:00,56165.25,48794.953,48035.814792295874,49554.0921508526
2025-03-21 12:00:00+00:00,54289.75,47213.37,46454.23422035947,47972.511578916194
2025-03-21 13:00:00+00:00,52166.25,44394.805,43635.66472469312,45153.94208324984
2025-03-21 14:00:00+00:00,50744.5,43306.15,42547.01135752442,44065.288716081144
2025-03-21 15:00:00+00:00,49656.0,43074.71,42315.57284624433,43833.850204801056
2025-03-21 16:00:00+00:00,50163.75,44428.285,43669.147919234536,45187.425277791255
2025-03-21 17:00:00+00:00,53136.0,45892.246,45133.10648094975,46651.383839506474
2025-03-21 18:00:00+00:00,55063.25,45148.348,44389.20715011921,45907.48450867594
2025-03-21 19:00:00+00:00,52733.25,43570.477,42811.338113520724,44329.61547207745
2025-03-21 20:00:00+00:00,49936.0,44434.973,43675.83292572261,45194.11028427933
2025-03-21 21:00:00+00:00,50600.75,44632.254,43873.1148343852,45391.39219294192
2025-03-21 22:00:00+00:00,50547.25,41815.277,41056.137980626176,42574.4153391829
2025-03-21 23:00:00+00:00,48214.25,39885.305,39126.16618680887,40644.4435453656
2025-03-22 00:00:00+00:00,45690.75,46330.043,45570.90458110472,47089.181939661445
2025-03-22 01:00:00+00:00,43888.0,44598.562,43839.42413443122,45357.701492987944
2025-03-22 02:00:00+00:00,41529.25,42204.21,41445.072191255036,42963.349549811755
2025-03-22 03:00:00+00:00,40176.25,40769.312,40010.17498976429,41528.452348321014
2025-03-22 04:00:00+00:00,40444.75,40303.586,39544.44560083236,41062.72295938909
2025-03-22 05:00:00+00:00,42014.0,41354.246,40595.106998918745,42113.38435747547
2025-03-22 06:00:00+00:00,43446.0,42480.203,41721.064083640806,43239.34144219753
2025-03-22 07:00:00+00:00,45559.75,45688.258,44929.11926964924,46447.39662820596
2025-03-22 08:00:00+00:00,47207.75,47581.52,46822.37987231751,48340.65723087423
2025-03-22 09:00:00+00:00,47115.5,48651.133,47891.99580119498,49410.273159751705
2025-03-22 10:00:00+00:00,47493.75,49572.02,48812.88023765899,50331.157596215715
2025-03-22 11:00:00+00:00,50044.5,49709.934,48950.79424193349,50469.07160049021
2025-03-22 12:00:00+00:00,48348.0,49197.383,48438.24557337627,49956.52293193299
2025-03-22 13:00:00+00:00,46382.75,47601.004,46841.863343114375,48360.1407016711
2025-03-22 14:00:00+00:00,45191.0,45857.37,45098.23406039082,46616.51141894755
2025-03-22 15:00:00+00:00,44600.75,45592.76,44833.62285536913,46351.90021392585
2025-03-22 16:00:00+00:00,45149.5,46105.152,45346.012789858934,46864.29014841566
2025-03-22 17:00:00+00:00,48690.5,47671.562,46912.42411974861,48430.70147830534
2025-03-22 18:00:00+00:00,51087.75,47625.734,46866.59609499374,48384.87345355046
2025-03-22 19:00:00+00:00,49381.25,46610.2,45851.06051641169,47369.33787496842
2025-03-22 20:00:00+00:00,47377.5,46418.77,45659.631623557485,47177.90898211421
2025-03-22 21:00:00+00:00,48504.5,46104.824,45345.68471925777,46863.96207781449
2025-03-22 22:00:00+00:00,49039.75,44437.824,43678.6865038048,45196.96386236152
2025-03-22 23:00:00+00:00,47207.75,41657.56,40898.421144122425,42416.69850267915
2025-03-23 00:00:00+00:00,44822.25,39914.516,39155.377496200075,40673.6548547568
2025-03-23 01:00:00+00:00,43533.75,38437.742,37678.60176439619,39196.87912295291
2025-03-23 02:00:00+00:00,41399.5,37350.684,36591.546037440385,38109.823395997104
2025-03-23 03:00:00+00:00,40187.75,36722.156,35963.01850428172,37481.29586283844
2025-03-23 04:00:00+00:00,40421.0,37233.09,36473.95075111425,37992.22810967097
2025-03-23 05:00:00+00:00,41226.0,38128.812,37369.67497644232,38887.95233499905
2025-03-23 06:00:00+00:00,41926.75,39332.574,38573.437200117776,40091.714558674495
2025-03-23 07:00:00+00:00,43420.5,41499.363,40740.22325857467,42258.50061713139
2025-03-23 08:00:00+00:00,45070.5,42795.6,42036.46443461126,43554.74179316799
2025-03-23 09:00:00+00:00,46110.5,43898.66,43139.52140375998,44657.7987623167
2025-03-23 10:00:00+00:00,47361.75,45403.008,44643.86960658728,46162.146965144006
2025-03-23 11:00:00+00:00,48756.25,45380.49,44621.35027101917,46139.627629575894
2025-03-23 12:00:00+00:00,46789.25,43994.723,43235.58429266999,44753.86165122672
2025-03-23 13:00:00+00:00,44176.5,41520.082,40760.94471877995,42279.22207733668
2025-03-23 14:00:00+00:00,43643.5,40388.574,39629.43375926397,41147.71111782069
2025-03-23 15:00:00+00:00,43091.5,40104.78,39345.64087507645,40863.91823363317
2025-03-23 16:00:00+00:00,44532.5,40518.004,39758.86382144094,41277.14117999766
2025-03-23 17:00:00+00:00,48768.0,43218.668,42459.52828730037,43977.805645857086
2025-03-23 18:00:00+00:00,52547.25,46367.793,45608.65375370796,47126.93111226468
2025-03-23 19:00:00+00:00,51116.25,46484.75,45725.610165705504,47243.88752426223
2025-03-23 20:00:00+00:00,49153.25,44383.113,43623.975657022485,45142.25301557921
2025-03-23 21:00:00+00:00,49773.25,43527.17,42768.035217587356,44286.31257614408
2025-03-23 22:00:00+00:00,49933.25,42044.29,41285.15004175358,42803.427400310306
2025-03-23 23:00:00+00:00,48078.5,40084.32,39325.18235603627,40843.459714592995
2025-03-24 00:00:00+00:00,46037.25,38754.79,37995.649435707506,39513.92679426423
2025-03-24 01:00:00+00:00,44891.25,37140.613,36381.475433884414,37899.75279244114
2025-03-24 02:00:00+00:00,43221.5,35668.254,34909.11638662811,36427.39374518483
2025-03-24 03:00:00+00:00,43005.75,35613.555,34854.41614231214,36372.69350086886
2025-03-24 04:00:00+00:00,45813.75,38261.723,37502.58385928764,39020.86121784436
2025-03-24 05:00:00+00:00,50475.25,42700.367,41941.22762929255,43459.50498784928
2025-03-24 06:00:00+00:00,54762.0,46658.914,45899.77642580053,47418.05378435726
2025-03-24 07:00:00+00:00,56950.75,49095.85,48336.71181183735,49854.989170394074
2025-03-24 08:00:00+00:00,56954.25,49174.887,48415.747367008924,49934.02472556565
2025-03-24 09:00:00+00:00,55961.0,49145.766,48386.62595138586,49904.90330994258
2025-03-24 10:00:00+00:00,55137.5,49717.8,48958.66149914983,50476.938857706555
2025-03-24 11:00:00+00:00,55591.25,49093.367,48334.22875208762,49852.506110644346
2025-03-24 12:00:00+00:00,54395.5,47422.18,46663.0411613921,48181.31851994882
2025-03-24 13:00:00+00:00,52341.25,45755.867,44996.72968283003,46515.00704138676
2025-03-24 14:00:00+00:00,50900.25,44232.996,43473.85654789446,44992.13390645118
2025-03-24 15:00:00+00:00,50098.0,43432.695,42673.556337147806,44191.833695704525
2025-03-24 16:00:00+00:00,50319.75,44858.18,44099.04036609865,45617.317724655375
2025-03-24 17:00:00+00:00,54031.25,46647.73,45888.5933987017,47406.870757258424
2025-03-24 18:00:00+00:00,57461.0,47275.598,46516.45994381628,48034.737302373
2025-03-24 19:00:00+00:00,54640.5,46544.58,45785.44003469819,47303.71739325492
2025-03-24 20:00:00+00:00,51588.75,44825.734,44066.59591033046,45584.87326888718
2025-03-24 21:00:00+00:00,51967.0,44138.254,43379.11714971067,44897.394508267396
2025-03-24 22:00:00+00:00,51974.5,42491.086,41731.94584923192,43250.223207788644
2025-03-24 23:00:00+00:00,49743.75,40102.76,39343.622165486246,40861.89952404297
2025-03-25 00:00:00+00:00,47586.75,38653.57,37894.430415954936,39412.707774511655
2025-03-25 01:00:00+00:00,46480.5,37046.438,36287.298875199216,37805.57623375594
2025-03-25 02:00:00+00:00,44783.75,35869.742,35110.60202172876,36628.87938028548
2025-03-25 03:00:00+00:00,44556.5,36517.066,35757.92803062714,37276.20538918386
2025-03-25 04:00:00+00:00,47099.75,40570.03,39810.89163838525,41329.16899694197
2025-03-25 05:00:00+00:00,51898.0,45078.848,44319.70889207556,45837.98625063228
2025-03-25 06:00:00+00:00,56419.25,47668.56,46909.41854773832,48427.69590629505
2025-03-25 07:00:00+00:00,58482.25,50107.844,49348.70328885119,50866.98064740791
2025-03-25 08:00:00+00:00,58517.75,50500.043,49740.90563399593,51259.182992552654
2025-03-25 09:00:00+00:00,57275.0,50954.793,50195.65359415319,51713.93095270992
2025-03-25 10:00:00+00:00,57027.0,51725.715,50966.5767941062,52484.85415266292
2025-03-25 11:00:00+00:00,57212.75,51736.645,50977.50733104245,52495.784689599175
2025-03-25 12:00:00+00:00,56025.25,50254.973,49495.832502472724,51014.10986102945
2025-03-25 13:00:00+00:00,53735.0,48752.617,47993.47670896589,49511.75406752262
2025-03-25 14:00:00+00:00,51771.75,47176.57,46417.43260531897,47935.7099638757
2025-03-25 15:00:00+00:00,50690.75,46233.484,45474.34685994446,46992.62421850119
2025-03-25 16:00:00+00:00,50855.25,46850.633,46091.493705739056,47609.771064295775
2025-03-25 17:00:00+00:00,54484.25,49442.156,48683.01736765985,50201.29472621657
2025-03-25 18:00:00+00:00,57823.0,50951.848,50192.71080388998,51710.98816244671
2025-03-25 19:00:00+00:00,55385.0,48773.895,48014.75532493133,49533.032683488054
2025-03-25 20:00:00+00:00,52260.5,46612.574,45853.43637765358,47371.7137362103
2025-03-25 21:00:00+00:00,52643.5,46527.96,45768.823395066436,47287.100753623155
2025-03-25 22:00:00+00:00,52407.5,45253.062,44493.924983762365,46012.202342319084
2025-03-25 23:00:00+00:00,50014.0,42668.082,41908.94463394027,43427.22199249699
2025-03-26 00:00:00+00:00,47791.25,40916.555,40157.41537781854,41675.69273637526
2025-03-26 01:00:00+00:00,46687.5,39334.99,38575.84850388998,40094.1258624467
2025-03-26 02:00:00+00:00,45008.0,37409.055,36649.91534096351,38168.19269952024
2025-03-26 03:00:00+00:00,44575.25,37984.266,37225.12640312675,38743.40376168347
2025-03-26 04:00:00+00:00,46895.75,41349.582,40590.444337152185,42108.72169570891
2025-03-26 05:00:00+00:00,51362.0,45834.234,45075.096449571574,46593.37380812829
2025-03-26 06:00:00+00:00,55298.75,48749.336,47990.19756729132,49508.474925848044
2025-03-26 07:00:00+00:00,57686.75,50225.023,49465.88507899026,50984.16243754698
2025-03-26 08:00:00+00:00,57749.75,51002.07,50242.93347520885,51761.210833765566
2025-03-26 09:00:00+00:00,56969.25,51799.805,51040.66713178338,52558.94449034011
2025-03-26 10:00:00+00:00,56794.75,52550.062,51790.922489717996,53309.199848274715
2025-03-26 11:00:00+00:00,57048.75,52171.684,51412.543185789524,52930.82054434625
2025-03-26 12:00:00+00:00,54959.0,50306.63,49547.4890816315,51065.76644018823
2025-03-26 13:00:00+00:00,53195.25,49031.51,48272.37235418581,49790.64971274253
2025-03-26 14:00:00+00:00,52284.75,47446.93,46687.79125587711,48206.06861443384
2025-03-26 15:00:00+00:00,51239.25,46627.95,45868.811619941305,47387.08897849803
2025-03-26 16:00:00+00:00,51116.75,47917.996,47158.85618452836,48677.13354308509
2025-03-26 17:00:00+00:00,54519.75,49864.15,49105.00915953867,50623.28651809539
2025-03-26 18:00:00+00:00,57846.75,49843.496,49084.359038785435,50602.636397342154
2025-03-26 19:00:00+00:00,55343.0,47638.883,46879.74497081491,48398.022329371626
2025-03-26 20:00:00+00:00,52504.5,47243.2,46484.05926108767,48002.3366196444
2025-03-26 21:00:00+00:00,53017.0,46817.426,46058.28814435181,47576.56550290853
2025-03-26 22:00:00+00:00,52791.5,45644.68,44885.54101251878,46403.8183710755
2025-03-26 23:00:00+00:00,50609.25,43067.492,42308.35529301863,43826.632651575346
2025-03-27 00:00:00+00:00,48535.5,41135.97,40376.830086419424,41895.10744497614
2025-03-27 01:00:00+00:00,47622.25,39694.668,38935.52838940707,40453.805747963794
2025-03-27 02:00:00+00:00,46048.75,38363.457,37604.31906768693,39122.59642624365
2025-03-27 03:00:00+00:00,45754.0,39989.41,39230.270289115026,40748.547647671745
2025-03-27 04:00:00+00:00,48394.75,43918.4,43159.2598638722,44677.537222428924
2025-03-27 05:00:00+00:00,53287.25,48015.12,47255.982803739396,48774.26016229612
2025-03-27 06:00:00+00:00,57617.0,50814.727,50055.58698628506,51573.864344841786
2025-03-27 07:00:00+00:00,58642.0,53086.535,52327.39607795175,53845.67343650847
2025-03-27 08:00:00+00:00,57814.0,53559.96,52800.821039877286,54319.09839843401
2025-03-27 09:00:00+00:00,56266.5,53032.113,52272.97361825376,53791.25097681048
2025-03-27 10:00:00+00:00,55656.0,52551.785,51792.6470565993,53310.92441515602
2025-03-27 11:00:00+00:00,54990.5,51296.0,50536.86171135749,52055.139069914214
2025-03-27 12:00:00+00:00,53537.25,49557.465,48798.328049686475,50316.6054082432
2025-03-27 13:00:00+00:00,51580.25,48144.684,47385.54482875628,48903.82218731301
2025-03-27 14:00:00+00:00,49812.25,46889.08,46129.938097206265,47648.21545576299
2025-03-27 15:00:00+00:00,48392.75,46183.297,45424.157510662655,46942.43486921938
2025-03-27 16:00:00+00:00,48203.0,46881.348,46122.21041388604,47640.487772442764
2025-03-27 17:00:00+00:00,51774.0,48918.434,48159.29390784818,49677.5712664049
2025-03-27 18:00:00+00:00,55503.75,49730.28,48971.14272251949,50489.42008107621
2025-03-27 19:00:00+00:00,53702.75,48721.98,47962.84047779831,49481.117836355035
2025-03-27 20:00:00+00:00,51139.5,47769.688,47010.548431041774,48528.8257895985
2025-03-27 21:00:00+00:00,51920.25,47225.273,46466.13382271875,47984.41118127547
2025-03-27 22:00:00+00:00,51881.0,45514.438,44755.29910434815,46273.57646290487
2025-03-27 23:00:00+00:00,49833.25,43799.5,43040.363200535336,44558.64055909206
2025-03-28 00:00:00+00:00,47958.0,41961.25,41202.11273712763,42720.39009568436
2025-03-28 01:00:00+00:00,46986.75,40771.145,40012.005884236554,41530.28324279327
2025-03-28 02:00:00+00:00,45468.25,38718.79,37959.651942006625,39477.92930056335
2025-03-28 03:00:00+00:00,45299.75,39555.7,38796.56034851506,40314.83770707178
2025-03-28 04:00:00+00:00,48156.75,42529.285,41770.14502079918,43288.42237935591
2025-03-28 05:00:00+00:00,52766.25,47763.49,47004.34894177994,48522.62630033667
2025-03-28 06:00:00+00:00,56521.0,50931.246,50172.10748545243,51690.38484400915
2025-03-28 07:00:00+00:00,57831.25,52834.297,52075.15734528788,53593.43470384461
2025-03-28 08:00:00+00:00,57454.0,53455.062,52695.92326723405,54214.20062579078
2025-03-28 09:00:00+00:00,56087.5,53302.754,52543.6173236925,54061.89468224923
2025-03-28 10:00:00+00:00,55819.25,52749.18,51990.04226018787,53508.319618744594
2025-03-28 11:00:00+00:00,56157.5,52713.215,51954.075968030775,53472.353326587494
2025-03-28 12:00:00+00:00,54497.25,50811.977,50052.83776676437,51571.1151253211
2025-03-28 13:00:00+00:00,52307.0,49329.695,48570.55833255189,50088.835691108616
2025-03-28 14:00:00+00:00,50748.5,47685.617,46926.47912778191,48444.756486338636
2025-03-28 15:00:00+00:00,49901.25,46461.008,45701.86866869657,47220.14602725329
2025-03-28 16:00:00+00:00,50131.25,46324.977,45565.83660219655,47084.11396075327
2025-03-28 17:00:00+00:00,53052.25,47889.688,47130.548205268904,48648.82556382563
2025-03-28 18:00:00+00:00,56040.75,49701.88,48942.74015411394,50461.01751267067
2025-03-28 19:00:00+00:00,54143.0,49655.582,48896.44183424521,50414.71919280193
2025-03-28 20:00:00+00:00,51749.5,48292.016,47532.87813985477,49051.1554984115
2025-03-28 21:00:00+00:00,52581.5,47825.855,47066.71628389423,48584.99364245096
2025-03-28 22:00:00+00:00,52509.5,47206.195,46447.05650211442,47965.33386067115
2025-03-28 23:00:00+00:00,50177.5,44876.973,44117.832480358564,45636.10983891529
2025-03-29 00:00:00+00:00,47712.5,47700.19,46941.051157512855,48459.328516069574
2025-03-29 01:00:00+00:00,46285.0,46360.266,45601.12691139288,47119.4042699496
2025-03-29 02:00:00+00:00,44296.75,44650.824,43891.6849027073,45409.962261264016
2025-03-29 03:00:00+00:00,43476.0,43688.18,42929.04063622065,44447.31799477737
2025-03-29 04:00:00+00:00,44231.5,45519.77,44760.62941856621,46278.90677712294
2025-03-29 05:00:00+00:00,45564.5,46789.508,46030.36882121544,47548.64617977216
2025-03-29 06:00:00+00:00,47424.5,47478.043,46718.906010903076,48237.1833694598
2025-03-29 07:00:00+00:00,49492.5,48857.332,48098.193077670054,49616.47043622678
2025-03-29 08:00:00+00:00,50871.75,49432.453,48673.315580839924,50191.59293939665
2025-03-29 09:00:00+00:00,51016.75,49695.867,48936.72893436146,50455.00629291819
2025-03-29 10:00:00+00:00,51786.0,50241.97,49482.82918336796,51001.10654192469
2025-03-29 11:00:00+00:00,53572.75,50244.625,49485.485404112515,51003.762762669234
2025-03-29 12:00:00+00:00,50782.25,49699.824,48940.68395723206,50458.96131578878
2025-03-29 13:00:00+00:00,48002.25,47903.95,47144.8089011491,48663.08625970583
2025-03-29 14:00:00+00:00,46137.5,46311.047,45551.90738485312,47070.184743409845
2025-03-29 15:00:00+00:00,45116.75,45835.484,45076.34754059911,46594.62489915584
2025-03-29 16:00:00+00:00,45079.5,46635.332,45876.19184529335,47394.46920385008
2025-03-29 17:00:00+00:00,48073.25,48007.582,47248.44376858803,48766.72112714475
2025-03-29 18:00:00+00:00,51855.5,48507.812,47748.672996052075,49266.9503546088
2025-03-29 19:00:00+00:00,51144.0,48170.12,47410.98237958527,48929.259738142
2025-03-29 20:00:00+00:00,49649.75,47927.68,47168.54206764878,48686.819426205504
2025-03-29 21:00:00+00:00,50685.25,47509.324,46750.18684599099,48268.464204547716
2025-03-29 22:00:00+00:00,51352.5,46960.254,46201.11487713457,47719.392235691295
2025-03-29 23:00:00+00:00,49471.0,45834.117,45074.9770960934,46593.25445465012
2025-03-30 00:00:00+00:00,47322.25,43988.684,43229.54482491792,44747.822183474644
2025-03-30 01:00:00+00:00,46594.25,41626.71,40867.57099636342,42385.84835492015
2025-03-30 02:00:00+00:00,44416.5,39835.53,39076.39093956935,40594.668298126075
2025-03-30 03:00:00+00:00,43439.25,39052.695,38293.55511136985,39811.83246992658
2025-03-30 04:00:00+00:00,43906.5,39914.367,39155.22784996095,40673.50520851767
2025-03-30 05:00:00+00:00,44916.75,41262.65,40503.50835419102,42021.78571274775
2025-03-30 06:00:00+00:00,45629.75,43506.0,42746.861183533365,44265.13854209009
2025-03-30 07:00:00+00:00,47291.0,45484.273,44725.13660226288,46243.413960819606
2025-03-30 08:00:00+00:00,48440.0,46811.28,46052.14371218302,47570.42107073974
2025-03-30 09:00:00+00:00,49029.75,47794.246,47035.105560639495,48553.382919196214
2025-03-30 10:00:00+00:00,50803.75,49121.285,48362.14568966907,49880.4230482258
2025-03-30 11:00:00+00:00,48750.25,49319.81,48560.67145696252,50078.948815519245
2025-03-30 12:00:00+00:00,45554.25,48164.926,47405.786413762056,48924.06377231878
2025-03-30 13:00:00+00:00,43742.5,46409.582,45650.44488940574,47168.72224796247
2025-03-30 14:00:00+00:00,41932.75,44290.02,43530.8814586863,45049.15881724302
2025-03-30 15:00:00+00:00,40980.0,43116.645,42357.5059035272,43875.783262083925
2025-03-30 16:00:00+00:00,42986.25,43563.766,42804.627661113445,44322.905019670165
2025-03-30 17:00:00+00:00,46175.25,45153.94,44394.8040406337,45913.08139919042
2025-03-30 18:00:00+00:00,47987.75,46481.957,45722.82035388513,47241.09771244186
2025-03-30 19:00:00+00:00,48138.5,46886.37,46127.232650725164,47645.51000928189
2025-03-30 20:00:00+00:00,48750.5,46290.77,45531.62941066825,47049.906769224974
2025-03-30 21:00:00+00:00,48941.5,45684.504,44925.36720827706,46443.644566833784
2025-03-30 22:00:00+00:00,46859.75,44997.324,44238.18501378704,45756.46237234377
2025-03-30 23:00:00+00:00,44997.25,42526.426,41767.28901929612,43285.56637785284
2025-03-31 00:00:00+00:00,43981.25,41166.94,40407.802011077474,41926.0793696342
2025-03-31 01:00:00+00:00,42491.25,39573.28,38814.1416611195,40332.41901967623
2025-03-31 02:00:00+00:00,42133.5,38166.555,37407.41612146392,38925.693480020636
2025-03-31 03:00:00+00:00,44645.0,39525.348,38766.2082137462,40284.48557230292
2025-03-31 04:00:00+00:00,49936.5,42893.684,42134.54512432865,43652.82248288537
2025-03-31 05:00:00+00:00,54744.0,47840.535,47081.3969131732,48599.67427172993
2025-03-31 06:00:00+00:00,56837.25,50573.312,49814.17261443029,51332.449972987015
2025-03-31 07:00:00+00:00,56874.75,52806.453,52047.31314819868,53565.590506755405
2025-03-31 08:00:00+00:00,55551.25,53589.504,52830.364357928585,54348.64171648531
2025-03-31 09:00:00+00:00,54534.25,52969.105,52209.96709888327,53728.24445743999
2025-03-31 10:00:00+00:00,54255.0,53490.098,52730.95896577454,54249.23632433126
2025-03-31 11:00:00+00:00,52989.0,52966.92,52207.78511131151,53726.06246986824
2025-03-31 12:00:00+00:00,51212.25,51660.473,50901.335577759884,52419.61293631661
2025-03-31 13:00:00+00:00,48754.0,50187.02,49427.88144719497,50946.15880575169
2025-03-31 14:00:00+00:00,46846.75,48502.562,47743.42494561299,49261.70230416971
2025-03-31 15:00:00+00:00,46051.25,46717.98,45958.84170550666,47477.11906406338
2025-03-31 16:00:00+00:00,47628.75,47457.316,46698.178189217986,48216.45554777471
2025-03-31 17:00:00+00:00,50266.75,50154.797,49395.65828004557,50913.9356386023
2025-03-31 18:00:00+00:00,50405.0,50526.406,49767.2680606829,51285.54541923962
2025-03-31 19:00:00+00:00,49461.25,48923.008,48163.867811825134,49682.14517038186
2025-03-31 20:00:00+00:00,50048.25,47618.48,46859.34249338249,48377.61985193922
2025-03-31 21:00:00+00:00,49323.75,47309.246,46550.107930977305,48068.38528953403
2025-03-31 22:00:00+00:00,46996.25,45851.176,45092.03555564372,46610.31291420045
2025-03-31 23:00:00+00:00,45501.0,44033.156,43274.01823313467,44792.2955916914
2025-04-01 00:00:00+00:00,44198.0,42120.867,41361.729535598635,42880.006894155355
2025-04-01 01:00:00+00:00,42939.5,40825.418,40066.27900062302,41584.55635917975
2025-04-01 02:00:00+00:00,42790.75,38856.605,38097.46522285094,39615.74258140766
2025-04-01 03:00:00+00:00,45259.5,40090.8,39331.66379517071,40849.941153727435
2025-04-01 04:00:00+00:00,50579.25,43748.76,42989.621917148885,44507.89927570561
2025-04-01 05:00:00+00:00,55348.75,48392.465,47633.326663232394,49151.60402178912
2025-04-01 06:00:00+00:00,56916.75,51754.59,50995.45033921273,52513.72769776946
2025-04-01 07:00:00+00:00,56386.25,53384.574,52625.43534468992,54143.712703246645
2025-04-01 08:00:00+00:00,54761.75,53636.37,52877.23362060946,54395.51097916619
2025-04-01 09:00:00+00:00,54303.5,52811.043,52051.90401612177,53570.1813746785
2025-04-01 10:00:00+00:00,54931.75,53155.945,52396.80739577146,53915.084754328185
2025-04-01 11:00:00+00:00,51463.0,52847.008,52087.870611206476,53606.1479697632
2025-04-01 12:00:00+00:00,49583.5,50890.426,50131.28617249669,51649.56353105342
2025-04-01 13:00:00+00:00,47691.25,49708.41,48949.27293947821,50467.550298034934
2025-04-01 14:00:00+00:00,45742.5,47661.875,46902.73747930917,48421.01483786589
2025-04-01 15:00:00+00:00,44652.25,46967.67,46208.534786003474,47726.812144560194
2025-04-01 16:00:00+00:00,48922.0,47730.55,46971.413440356635,48489.69079891336
2025-04-01 17:00:00+00:00,51794.75,50173.85,49414.71121497733,50932.98857353406
2025-04-01 18:00:00+00:00,52228.75,50575.863,49816.7231134391,51335.00047199582
2025-04-01 19:00:00+00:00,51191.0,50148.082,49388.94434397078,50907.22170252751
2025-04-01 20:00:00+00:00,51681.75,49327.76,48568.621981405544,50086.89933996226
2025-04-01 21:00:00+00:00,51403.5,48735.008,47975.867822849104,49494.14518140583
2025-04-01 22:00:00+00:00,49059.25,47340.473,46581.33355750838,48099.610916065096
2025-04-01 23:00:00+00:00,47072.25,45819.105,45059.96733596663,46578.244694523346
2025-04-02 00:00:00+00:00,46075.25,44783.613,44024.47564378487,45542.7530023416
2025-04-02 01:00:00+00:00,44364.75,43505.62,42746.48070645574,44264.758065012466
2025-04-02 02:00:00+00:00,43690.75,42252.008,41492.86750363838,43011.1448621951
2025-04-02 03:00:00+00:00,45986.25,44043.81,43284.67128838056,44802.948646937286
2025-04-02 04:00:00+00:00,50852.75,49211.297,48452.15865982448,49970.43601838121
2025-04-02 05:00:00+00:00,55266.75,53212.258,52453.12012375319,53971.39748230991
2025-04-02 06:00:00+00:00,57453.5,54988.477,54229.338888838014,55747.61624739474
2025-04-02 07:00:00+00:00,57545.0,55764.652,55005.51455061343,56523.79190917015
2025-04-02 08:00:00+00:00,56136.5,55338.78,54579.643164838795,56097.920523395514
2025-04-02 09:00:00+00:00,55374.0,54799.28,54040.14302685778,55558.42038541451
2025-04-02 10:00:00+00:00,55576.25,54562.29,53803.148823218115,55321.426181774834
2025-04-02 11:00:00+00:00,54374.75,53705.312,52946.17600648955,54464.453365046276
2025-04-02 12:00:00+00:00,51106.75,52360.03,51600.89145631817,53119.168814874894
2025-04-02 13:00:00+00:00,49072.5,50659.586,49900.44851813019,51418.72587668692
2025-04-02 14:00:00+00:00,47881.25,49545.793,48786.65291668589,50304.930275242616
2025-04-02 15:00:00+00:00,48026.75,49170.94,48411.80370392369,49930.08106248041
2025-04-02 16:00:00+00:00,50355.25,50519.918,49760.77783664778,51279.055195204506
2025-04-02 17:00:00+00:00,52388.25,52548.348,51789.210645796295,53307.488004353014
2025-04-02 18:00:00+00:00,51880.0,52882.246,52123.10745367972,53641.38481223644
2025-04-02 19:00:00+00:00,50591.0,50895.605,50136.46699193943,51654.744350496156
2025-04-02 20:00:00+00:00,50910.75,49916.395,49157.255084361874,50675.53244291859
2025-04-02 21:00:00+00:00,50479.25,48628.09,47868.951492079475,49387.2288506362
2025-04-02 22:00:00+00:00,47914.0,47463.86,46704.71915362771,48222.996512184436
2025-04-02 23:00:00+00:00,45736.5,45907.945,45148.80631017113,46667.08366872786
2025-04-03 00:00:00+00:00,44495.25,44483.227,43724.08899100011,45242.36634955684
2025-04-03 01:00:00+00:00,42863.0,43196.27,42437.129213993256,43955.406572549975
2025-04-03 02:00:00+00:00,42146.75,41424.23,40665.09175870338,42183.369117260096
2025-04-03 03:00:00+00:00,44196.25,42594.625,41835.48590032905,43353.76325888577
2025-04-03 04:00:00+00:00,49063.0,47105.477,46346.3389790195,47864.616337576226
2025-04-03 05:00:00+00:00,53400.75,51081.34,50322.202360371695,51840.47971892842
2025-04-03 06:00:00+00:00,54911.5,54641.086,53881.9475647309,55400.22492328763
2025-04-03 07:00:00+00:00,54388.0,55992.336,55233.19736539002,56751.47472394674
2025-04-03 08:00:00+00:00,53484.0,55456.984,54697.84551809452,56216.122876651236
2025-04-03 09:00:00+00:00,53140.5,53926.355,53167.217739281456,54685.49509783818
2025-04-03 10:00:00+00:00,53799.75,53121.867,52362.72834262201,53881.00570117873
2025-04-03 11:00:00+00:00,52700.75,52217.43,51458.29161631498,52976.5689748717
2025-04-03 12:00:00+00:00,50648.5,50685.73,49926.5905649812,51444.867923537924
2025-04-03 13:00:00+00:00,48601.25,49293.594,48534.45500351741,50052.73236207414
2025-04-03 14:00:00+00:00,47244.25,47959.316,47200.178464018434,48718.45582257515
2025-04-03 15:00:00+00:00,47058.5,47099.387,46340.24967967565,47858.52703823237
2025-04-03 16:00:00+00:00,48699.25,48297.79,47538.649138012865,49056.926496569584
2025-04-03 17:00:00+00:00,50868.5,49855.637,49096.49681797774,50614.77417653446
2025-04-03 18:00:00+00:00,50439.0,50713.297,49954.15818916286,51472.435547719586
2025-04-03 19:00:00+00:00,49104.0,49345.324,48586.187390310486,50104.46474886721
2025-04-03 20:00:00+00:00,49369.5,48084.47,47325.328992123046,48843.606350679765
2025-04-03 21:00:00+00:00,48842.25,47150.47,46391.330241984826,47909.607600541545
2025-04-03 22:00:00+00:00,46314.0,44843.656,44084.51831942329,45602.795677980015
2025-04-03 23:00:00+00:00,44019.25,42561.625,41802.486178252504,43320.76353680923
2025-04-04 00:00:00+00:00,42481.25,41320.66,40561.52202070051,42079.79937925724
2025-04-04 01:00:00+00:00,40802.0,39909.98,39150.84327573998,40669.120634296705
2025-04-04 02:00:00+00:00,40080.25,38349.258,37590.1178213501,39108.39517990682
2025-04-04 03:00:00+00:00,42053.5,39143.773,38384.63574988521,39902.91310844193
2025-04-04 04:00:00+00:00,46746.25,42211.99,41452.85137226889,42971.128730825614
2025-04-04 05:00:00+00:00,51124.75,46326.562,45567.4236399431,47085.70099849983
2025-04-04 06:00:00+00:00,52565.5,48630.93,47871.791675081426,49390.06903363815
2025-04-04 07:00:00+00:00,52625.25,49997.99,49238.85052929815,50757.12788785488
2025-04-04 08:00:00+00:00,51245.0,50198.207,49439.06674625087,50957.3441048076
2025-04-04 09:00:00+00:00,50267.5,49625.87,48866.73137588533,50385.00873444205
2025-04-04 10:00:00+00:00,50552.75,49520.367,48761.228278146256,50279.50563670298
2025-04-04 11:00:00+00:00,48588.0,48441.703,47682.56281292473,49200.840171481446
2025-04-04 12:00:00+00:00,46828.0,47039.96,46280.822401476085,47799.099760032805
2025-04-04 13:00:00+00:00,45460.75,45478.805,44719.66633548919,46237.94369404592
2025-04-04 14:00:00+00:00,44018.75,44762.766,44003.625136417904,45521.90249497463
2025-04-04 15:00:00+00:00,43914.0,44839.824,44080.68567930696,45598.96303786369
2025-04-04 16:00:00+00:00,45339.25,46050.598,45291.45734494034,46809.734703497066
2025-04-04 17:00:00+00:00,46726.5,47562.977,46803.836840284566,48322.11419884129
2025-04-04 18:00:00+00:00,46932.25,45557.07,44797.92980391587,46316.207162472594
2025-04-04 19:00:00+00:00,45827.75,44562.004,43802.86410415936,45321.141462716085
2025-04-04 20:00:00+00:00,46459.5,44605.492,43846.35542106588,45364.6327796226
2025-04-04 21:00:00+00:00,46327.25,44043.816,43284.67916449841,44802.95652305513
2025-04-04 22:00:00+00:00,43450.75,41041.336,40282.19913631986,41800.47649487659
2025-04-04 23:00:00+00:00,40749.0,38566.57,37807.432029906195,39325.70938846292
2025-04-05 00:00:00+00:00,39107.5,38635.117,37875.97727769014,39394.25463624686
2025-04-05 01:00:00+00:00,37199.25,36433.65,35674.510248923565,37192.78760748029
2025-04-05 02:00:00+00:00,36062.25,35096.293,34337.15392014995,35855.431278706674
2025-04-05 03:00:00+00:00,36546.25,36016.926,35257.787276958064,36776.064635514784
2025-04-05 04:00:00+00:00,38203.0,37647.547,36888.4066128497,38406.683971406426
2025-04-05 05:00:00+00:00,39665.25,39402.73,38643.592205218985,40161.869563775705
2025-04-05 06:00:00+00:00,41421.5,41293.934,40534.79653527347,42053.07389383019
2025-04-05 07:00:00+00:00,43223.75,43462.76,42703.62250825323,44221.89986680995
2025-04-05 08:00:00+00:00,43387.25,45215.316,44456.176871405754,45974.45422996248
2025-04-05 09:00:00+00:00,43568.25,45972.684,45213.5431520475,46731.82051060423
2025-04-05 10:00:00+00:00,45129.25,46998.027,46238.890404439844,47757.16776299657
2025-04-05 11:00:00+00:00,43912.0,46523.64,45764.50395028152,47282.781308838246
2025-04-05 12:00:00+00:00,41784.75,44930.457,44171.31737910493,45689.59473766165
2025-04-05 13:00:00+00:00,39602.5,43097.594,42338.45599787154,43856.73335642827
2025-04-05 14:00:00+00:00,38028.75,42434.754,41675.61706608688,43193.8944246436
2025-04-05 15:00:00+00:00,37631.25,41431.62,40672.48198066654,42190.75933922327
2025-04-05 16:00:00+00:00,39192.0,42172.28,41413.144227061166,42931.42158561789
2025-04-05 17:00:00+00:00,40882.75,42891.574,42132.435536455574,43650.7128950123
2025-04-05 18:00:00+00:00,41317.5,42948.51,42189.371386530205,43707.648745086924
2025-04-05 19:00:00+00:00,41226.0,42571.14,41812.0035578901,43330.28091644682
2025-04-05 20:00:00+00:00,42132.25,42435.285,41676.14840111407,43194.42575967079
2025-04-05 21:00:00+00:00,42430.5,42507.727,41748.58929795712,43266.86665651385
2025-04-05 22:00:00+00:00,40238.5,40777.676,40018.536397643744,41536.81375620047
2025-04-05 23:00:00+00:00,38022.5,38301.707,37542.56909204095,39060.84645059767
2025-04-06 00:00:00+00:00,36491.0,36338.473,35579.335240837216,37097.612599393935
2025-04-06 01:00:00+00:00,34451.25,34575.293,33816.154782996055,35334.43214155278
2025-04-06 02:00:00+00:00,33184.0,33306.914,32547.776282632844,34066.05364118957
2025-04-06 03:00:00+00:00,33539.0,32794.062,32034.92347475561,33553.20083331233
2025-04-06 04:00:00+00:00,34631.25,33019.156,32260.018076036,33778.29543459272
2025-04-06 05:00:00+00:00,35252.5,34381.27,33622.13207248487,35140.4094310416
2025-04-06 06:00:00+00:00,37038.0,36256.51,35497.37393508047,37015.651293637195
2025-04-06 07:00:00+00:00,39491.75,38562.867,37803.730254517206,39322.00761307393
2025-04-06 08:00:00+00:00,40966.75,40409.957,39650.818025079,41169.09538363573
2025-04-06 09:00:00+00:00,42251.0,41576.93,40817.79211399259,42336.06947254931
2025-04-06 10:00:00+00:00,44208.75,43097.062,42337.92466284435,43856.20202140107
2025-04-06 11:00:00+00:00,42420.75,42409.035,41649.89487690274,43168.17223545947
2025-04-06 12:00:00+00:00,40088.75,39652.707,38893.56988620499,40411.84724476172
2025-04-06 13:00:00+00:00,37724.75,37757.016,36997.87738068707,38516.154739243786
2025-04-06 14:00:00+00:00,36112.75,36470.676,35711.537696497,37229.815055053725
2025-04-06 15:00:00+00:00,35597.75,36944.254,36185.1165456482,37703.393904204924
2025-04-06 16:00:00+00:00,37880.25,39127.85,38368.71145130513,39886.988809861854
2025-04-06 17:00:00+00:00,41044.25,40159.355,39400.215707362055,40918.49306591878
2025-04-06 18:00:00+00:00,41981.25,39214.25,38455.112464107784,39973.38982266451
2025-04-06 19:00:00+00:00,42016.0,39722.043,38962.90456333948,40481.181921896205
2025-04-06 20:00:00+00:00,42911.0,40913.17,40154.03288813004,41672.310246686764
2025-04-06 21:00:00+00:00,43065.75,41528.402,40769.26311093885,42287.54046949558
2025-04-06 22:00:00+00:00,40874.25,39540.96,38781.82231445407,40300.099673010795
2025-04-06 23:00:00+00:00,39035.75,37325.93,36566.78958147557,38085.066940032295
2025-04-07 00:00:00+00:00,38202.25,35735.492,34976.35419884913,36494.631557405846
2025-04-07 01:00:00+00:00,36622.25,34009.945,33250.807043800545,34769.08440235727
2025-04-07 02:00:00+00:00,36485.75,33205.355,32446.217983957547,33964.495342514274
2025-04-07 03:00:00+00:00,39094.0,34640.96,33881.8210067786,35400.09836533532
2025-04-07 04:00:00+00:00,43758.0,38406.523,37647.38325666395,39165.660615220666
2025-04-07 05:00:00+00:00,48296.5,42081.24,41322.10054571418,42840.37790427091
2025-04-07 06:00:00+00:00,50917.75,44899.43,44140.29062454954,45658.567983106266
2025-04-07 07:00:00+00:00,51706.5,46699.37,45940.233468305756,47458.51082686248
2025-04-07 08:00:00+00:00,51247.5,47910.676,47151.53843799579,48669.81579655251
2025-04-07 09:00:00+00:00,51259.25,48381.65,47622.51101159207,49140.788370148795
2025-04-07 10:00:00+00:00,51159.75,48832.418,48073.27743324641,49591.55479180314
2025-04-07 11:00:00+00:00,49428.5,47847.4,47088.259359508585,48606.53671806531
2025-04-07 12:00:00+00:00,47697.5,46933.44,46174.301694164555,47692.57905272128
2025-04-07 13:00:00+00:00,45934.75,45941.582,45182.44399779343,46700.72135635016
2025-04-07 14:00:00+00:00,44481.0,43645.56,42886.41993326404,44404.69729182077
2025-04-07 15:00:00+00:00,43666.25,43045.098,42285.95864313239,43804.23600168912
2025-04-07 16:00:00+00:00,45525.75,43564.926,42805.78726800289,44324.064626559615
2025-04-07 17:00:00+00:00,47591.5,44509.785,43750.64756331428,45268.92492187101
2025-04-07 18:00:00+00:00,47291.0,44163.24,43404.09928674462,44922.37664530134
2025-04-07 19:00:00+00:00,46297.0,43901.027,43141.889994739235,44660.16735329596
2025-04-07 20:00:00+00:00,46727.0,43909.81,43150.67095735795,44668.94831591468
2025-04-07 21:00:00+00:00,46355.0,43947.37,43188.23428387272,44706.51164242945
2025-04-07 22:00:00+00:00,43957.25,41273.625,40514.48523905154,42032.76259760826
2025-04-07 23:00:00+00:00,42094.5,38747.863,37988.72511640787,39507.00247496459
2025-04-08 00:00:00+00:00,41140.5,37506.05,36746.91154983862,38265.18890839535
2025-04-08 01:00:00+00:00,39657.75,36089.977,35330.836452441145,36849.113810997864
2025-04-08 02:00:00+00:00,39403.0,35508.54,34749.40204546683,36267.67940402355
2025-04-08 03:00:00+00:00,41870.5,36837.16,36078.01951855946,37596.29687711618
2025-04-08 04:00:00+00:00,46810.5,40903.008,40143.8684551184,41662.14581367512
2025-04-08 05:00:00+00:00,51069.25,44266.16,43507.02045673539,45025.297815292106
2025-04-08 06:00:00+00:00,52787.25,46472.906,45713.767210809216,47232.044569365935
2025-04-08 07:00:00+00:00,52494.75,47536.016,46776.878857917174,48295.1562164739
2025-04-08 08:00:00+00:00,51666.25,47624.56,46865.42103879621,48383.69839735293
2025-04-08 09:00:00+00:00,50899.75,47562.242,46803.102998150374,48321.3803567071
2025-04-08 10:00:00+00:00,50752.0,47994.367,47235.22771856944,48753.50507712617
2025-04-08 11:00:00+00:00,49047.5,47011.293,46252.154241288845,47770.431599845564
2025-04-08 12:00:00+00:00,46701.25,45113.035,44353.896090381626,45872.17344893835
2025-04-08 13:00:00+00:00,45945.25,43770.965,43011.8280255687,44530.10538412542
2025-04-08 14:00:00+00:00,44246.5,42040.63,41281.48885866427,42799.766217221
2025-04-08 15:00:00+00:00,43873.0,41328.25,40569.11156903078,42087.3889275875
2025-04-08 16:00:00+00:00,45717.75,42917.23,42158.09289913126,43676.37025768799
2025-04-08 17:00:00+00:00,47570.75,43853.777,43094.640557908344,44612.91791646506
2025-04-08 18:00:00+00:00,47438.0,43073.207,42314.069113590405,43832.34647214713
2025-04-08 19:00:00+00:00,46220.0,43005.766,42246.628945726196,43764.90630428292
2025-04-08 20:00:00+00:00,46439.0,42742.87,41983.73382561274,43502.01118416946
2025-04-08 21:00:00+00:00,46342.25,42389.57,41630.43056627718,43148.70792483391
2025-04-08 22:00:00+00:00,43884.5,40314.496,39555.35826503966,41073.635623596376
2025-04-08 23:00:00+00:00,41548.75,38362.035,37602.89651963236,39121.17387818909
2025-04-09 00:00:00+00:00,40416.25,36654.88,35895.7394939058,37414.01685246252
2025-04-09 01:00:00+00:00,38733.25,35186.074,34426.93560507545,35945.21296363217
2025-04-09 02:00:00+00:00,38396.0,34317.95,33558.81050840043,35077.087866957154
2025-04-09 03:00:00+00:00,40470.0,34937.176,34178.035740524305,35696.31309908103
2025-04-09 04:00:00+00:00,44988.5,38084.734,37325.59537411801,38843.87273267473
2025-04-09 05:00:00+00:00,48858.0,41438.742,40679.60562633328,42197.882984890006
2025-04-09 06:00:00+00:00,51065.5,43806.105,43046.96702242405,44565.244380980774
2025-04-09 07:00:00+00:00,51539.5,46008.35,45249.21439271287,46767.4917512696
2025-04-09 08:00:00+00:00,50958.75,46976.582,46217.442372362995,47735.719730919714
2025-04-09 09:00:00+00:00,50872.25,47980.7,47221.55879177454,48739.83615033127
2025-04-09 10:00:00+00:00,50750.75,48626.875,47867.73452774045,49386.01188629717
2025-04-09 11:00:00+00:00,49308.25,47865.31,47106.1687427142,48624.44610127093
2025-04-09 12:00:00+00:00,47704.25,46493.938,45734.79902035051,47253.07637890724
2025-04-09 13:00:00+00:00,45402.5,44927.047,44167.90641422113,45686.18377277785
2025-04-09 14:00:00+00:00,43970.5,43263.53,42504.39186627825,44022.66922483498
2025-04-09 15:00:00+00:00,43655.75,43022.074,42262.93735651521,43781.21471507194
2025-04-09 16:00:00+00:00,45584.5,43481.336,42722.19621170664,44240.47357026336
2025-04-09 17:00:00+00:00,47654.0,44393.82,43634.682936310484,45152.96029486721
2025-04-09 18:00:00+00:00,47288.0,44609.16,43850.02205685216,45368.29941540889
2025-04-09 19:00:00+00:00,46264.75,43519.484,42760.34630900116,44278.62366755788
2025-04-09 20:00:00+00:00,46760.5,43690.29,42931.14931531089,44449.426673867616
2025-04-09 21:00:00+00:00,46626.75,43970.42,43211.28525739563,44729.56261595236
2025-04-09 22:00:00+00:00,44124.25,41516.758,40757.61796777161,42275.89532632834
2025-04-09 23:00:00+00:00,41946.25,39087.977,38328.83890762258,39847.1162661793
2025-04-10 00:00:00+00:00,40885.75,37509.203,36750.06563210951,38268.342990666235
2025-04-10 01:00:00+00:00,39296.5,35696.24,34937.100839200546,36455.378197757265
2025-04-10 02:00:00+00:00,38904.0,34880.98,34121.84024552748,35640.1176040842
2025-04-10 03:00:00+00:00,40884.5,36214.004,35454.86592119463,36973.14327975135
2025-04-10 04:00:00+00:00,45381.25,40538.184,39779.04364708031,41297.32100563703
2025-04-10 05:00:00+00:00,49644.0,44279.266,43520.12631683599,45038.403675392714
2025-04-10 06:00:00+00:00,51789.5,47021.86,46262.721719485024,47780.99907804174
2025-04-10 07:00:00+00:00,52120.5,47788.29,47029.151897132826,48547.42925568955
2025-04-10 08:00:00+00:00,51608.25,48053.47,47294.33056129915,48812.60791985588
2025-04-10 09:00:00+00:00,51133.0,48202.914,47443.77391466213,48962.05127321886
2025-04-10 10:00:00+00:00,51163.0,49387.918,48628.77840636135,50147.05576491808
2025-04-10 11:00:00+00:00,49458.5,48741.363,47982.22353519247,49500.500893749195
2025-04-10 12:00:00+00:00,47221.25,47523.246,46764.10841441227,48282.385772969
2025-04-10 13:00:00+00:00,45320.25,46077.816,45318.67872286426,46836.95608142098
2025-04-10 14:00:00+00:00,44605.0,44073.164,43314.02436789305,44832.30172644977
2025-04-10 15:00:00+00:00,44003.25,42896.82,42137.68345436383,43655.96081292056
2025-04-10 16:00:00+00:00,45846.25,43587.375,42828.23662729319,44346.51398584992
2025-04-10 17:00:00+00:00,47667.5,44497.312,43738.17542777291,45256.45278632963
2025-04-10 18:00:00+00:00,47591.25,43981.207,43222.06705687559,44740.34441543231
2025-04-10 19:00:00+00:00,46838.5,43451.78,42692.641382406175,44210.9187409629
2025-04-10 20:00:00+00:00,47042.0,43703.547,42944.4072450715,44462.68460362822
2025-04-10 21:00:00+00:00,46986.5,44129.285,43370.14806904641,44888.42542760313
2025-04-10 22:00:00+00:00,44643.5,41684.57,40925.431381502465,42443.70874005919
2025-04-10 23:00:00+00:00,42308.25,39173.637,38414.49774778178,39932.7751063385
2025-04-11 00:00:00+00:00,41302.0,37542.312,36783.17198470462,38301.44934326134
2025-04-11 01:00:00+00:00,39726.5,35518.27,34759.1308685759,36277.40822713262
2025-04-11 02:00:00+00:00,39329.0,34374.773,33615.63609282517,35133.91345138189
2025-04-11 03:00:00+00:00,41330.75,34588.74,33829.60113372982,35347.878492286545
2025-04-11 04:00:00+00:00,45858.75,37456.82,36697.68217815156,38215.95953670828
2025-04-11 05:00:00+00:00,49824.5,40583.684,39824.54519160396,41342.82255016068
2025-04-11 06:00:00+00:00,51724.5,44242.246,43483.10916880128,45001.386527358
2025-04-11 07:00:00+00:00,51497.5,46354.16,45595.02140542192,47113.29876397864
2025-04-11 08:00:00+00:00,50510.75,46764.39,46005.2509726124,47523.528331169124
2025-04-11 09:00:00+00:00,49797.5,47475.02,46715.882641895725,48234.16000045245
2025-04-11 10:00:00+00:00,50527.0,48008.066,47248.926483733885,48767.20384229061
2025-04-11 11:00:00+00:00,48570.75,47284.754,46525.61335593097,48043.890714487694
2025-04-11 12:00:00+00:00,46972.75,45598.133,44838.996185307755,46357.273543864474
2025-04-11 13:00:00+00:00,45177.0,43910.8,43151.66213649648,44669.9394950532
2025-04-11 14:00:00+00:00,43808.0,42257.418,41498.280820021464,43016.55817857818
2025-04-11 15:00:00+00:00,43407.5,41338.926,40579.787343847376,42098.0647024041
2025-04-11 16:00:00+00:00,44503.75,42278.934,41519.79413299818,43038.0714915549
2025-04-11 17:00:00+00:00,45500.75,43395.74,42636.599168779794,44154.87652733651
2025-04-11 18:00:00+00:00,45200.5,42427.68,41668.54310054811,43186.820459104834
2025-04-11 19:00:00+00:00,44507.5,41471.76,40712.62412992161,42230.90148847833
2025-04-11 20:00:00+00:00,45160.25,41859.734,41100.59503075202,42618.872389308744
2025-04-11 21:00:00+00:00,44951.5,42055.875,41296.735205254125,42815.012563810844
2025-04-11 22:00:00+00:00,42430.25,40393.895,39634.7568032194,41153.03416177612
2025-04-11 23:00:00+00:00,39771.25,37579.96,36820.82346315377,38339.1008217105
